2026-01-05 19:42:32 [127.0.0.1][1][mjv9t76r62ptgpabtj3jn8jgil][error][yii\web\HttpException:404] yii\base\InvalidRouteException: Unable to resolve the request "img/user-placeholder.png". in /home/pedro/facul/website-VeiGest/veigest/vendor/yiisoft/yii2/base/Module.php:564
Stack trace:
#0 /home/pedro/facul/website-VeiGest/veigest/vendor/yiisoft/yii2/web/Application.php(103): yii\base\Module->runAction()
#1 /home/pedro/facul/website-VeiGest/veigest/vendor/yiisoft/yii2/base/Application.php(387): yii\web\Application->handleRequest()
#2 /home/pedro/facul/website-VeiGest/veigest/backend/web/index.php(18): yii\base\Application->run()
#3 {main}

Next yii\web\NotFoundHttpException: Page not found. in /home/pedro/facul/website-VeiGest/veigest/vendor/yiisoft/yii2/web/Application.php:115
Stack trace:
#0 /home/pedro/facul/website-VeiGest/veigest/vendor/yiisoft/yii2/base/Application.php(387): yii\web\Application->handleRequest()
#1 /home/pedro/facul/website-VeiGest/veigest/backend/web/index.php(18): yii\base\Application->run()
#2 {main}
2026-01-05 19:42:31 [127.0.0.1][1][mjv9t76r62ptgpabtj3jn8jgil][info][application] $_GET = []

$_POST = []

$_FILES = []

$_COOKIE = [
    '_csrf-backend' => '30205aa6519f3b6b7d86bcd1156b12751eb54ea56b09340cae1eb91dc06c6bd9a:2:{i:0;s:13:\"_csrf-backend\";i:1;s:32:\"NcgruIxUW-azQjsYVEeXi2k0TdhT3AiM\";}'
    'VeiGestSession' => 'mjv9t76r62ptgpabtj3jn8jgil'
    '_identity' => 'a1df9c030acb783c0ce8abdcab79517715c7b2e7ba244215a99942dc5293e062a:2:{i:0;s:9:\"_identity\";i:1;s:46:\"[1,\"0678af5b8ba3c03fd251bb27e44b7760\",2592000]\";}'
]

$_SESSION = [
    '__flash' => []
    '__id' => 1
    '__authKey' => '0678af5b8ba3c03fd251bb27e44b7760'
]

$_SERVER = [
    'REDIRECT_STATUS' => '200'
    'HTTP_HOST' => 'veigestback.dryadlang.org'
    'HTTP_USER_AGENT' => 'Mozilla/5.0 (Windows NT 10.0; Win64; x64; rv:146.0) Gecko/20100101 Firefox/146.0'
    'HTTP_ACCEPT' => 'image/avif,image/webp,image/png,image/svg+xml,image/*;q=0.8,*/*;q=0.5'
    'HTTP_ACCEPT_ENCODING' => 'gzip'
    'HTTP_ACCEPT_LANGUAGE' => 'pt-PT,pt;q=0.8,en-US;q=0.5,en;q=0.3'
    'HTTP_CDN_LOOP' => 'cloudflare; loops=1'
    'HTTP_CF_CONNECTING_IP' => '2001:818:e848:8200:24fc:64a9:6d8c:5ccb'
    'HTTP_CF_IPCOUNTRY' => 'PT'
    'HTTP_CF_RAY' => '9b957599df866914-LIS'
    'HTTP_CF_VISITOR' => '{\"scheme\":\"http\"}'
    'HTTP_CF_WARP_TAG_ID' => 'f5bcc1c9-1522-405b-9562-82cfc34acae8'
    'HTTP_CONNECTION' => 'keep-alive'
    'HTTP_COOKIE' => '_csrf-backend=30205aa6519f3b6b7d86bcd1156b12751eb54ea56b09340cae1eb91dc06c6bd9a%3A2%3A%7Bi%3A0%3Bs%3A13%3A%22_csrf-backend%22%3Bi%3A1%3Bs%3A32%3A%22NcgruIxUW-azQjsYVEeXi2k0TdhT3AiM%22%3B%7D; VeiGestSession=mjv9t76r62ptgpabtj3jn8jgil; _identity=a1df9c030acb783c0ce8abdcab79517715c7b2e7ba244215a99942dc5293e062a%3A2%3A%7Bi%3A0%3Bs%3A9%3A%22_identity%22%3Bi%3A1%3Bs%3A46%3A%22%5B1%2C%220678af5b8ba3c03fd251bb27e44b7760%22%2C2592000%5D%22%3B%7D'
    'HTTP_PRIORITY' => 'u=5, i'
    'HTTP_REFERER' => 'http://veigestback.dryadlang.org/system/logs'
    'HTTP_SEC_GPC' => '1'
    'HTTP_X_FORWARDED_FOR' => '2001:818:e848:8200:24fc:64a9:6d8c:5ccb'
    'HTTP_X_FORWARDED_PROTO' => 'http'
    'PATH' => '/usr/local/sbin:/usr/local/bin:/usr/sbin:/usr/bin:/snap/bin'
    'SERVER_SIGNATURE' => '<address>Apache/2.4.58 (Ubuntu) Server at veigestback.dryadlang.org Port 8002</address>
'
    'SERVER_SOFTWARE' => 'Apache/2.4.58 (Ubuntu)'
    'SERVER_NAME' => 'veigestback.dryadlang.org'
    'SERVER_ADDR' => '127.0.0.1'
    'SERVER_PORT' => '8002'
    'REMOTE_ADDR' => '127.0.0.1'
    'DOCUMENT_ROOT' => '/home/pedro/facul/website-VeiGest/veigest/backend/web'
    'REQUEST_SCHEME' => 'http'
    'CONTEXT_PREFIX' => ''
    'CONTEXT_DOCUMENT_ROOT' => '/home/pedro/facul/website-VeiGest/veigest/backend/web'
    'SERVER_ADMIN' => '[no address given]'
    'SCRIPT_FILENAME' => '/home/pedro/facul/website-VeiGest/veigest/backend/web/index.php'
    'REMOTE_PORT' => '42714'
    'REDIRECT_URL' => '/img/user-placeholder.png'
    'GATEWAY_INTERFACE' => 'CGI/1.1'
    'SERVER_PROTOCOL' => 'HTTP/1.1'
    'REQUEST_METHOD' => 'GET'
    'QUERY_STRING' => ''
    'REQUEST_URI' => '/img/user-placeholder.png'
    'SCRIPT_NAME' => '/index.php'
    'PHP_SELF' => '/index.php'
    'REQUEST_TIME_FLOAT' => 1767642151.989
    'REQUEST_TIME' => 1767642151
]
2026-01-05 19:42:34 [127.0.0.1][1][mjv9t76r62ptgpabtj3jn8jgil][error][yii\web\HttpException:404] yii\base\InvalidRouteException: Unable to resolve the request "img/user-placeholder.png". in /home/pedro/facul/website-VeiGest/veigest/vendor/yiisoft/yii2/base/Module.php:564
Stack trace:
#0 /home/pedro/facul/website-VeiGest/veigest/vendor/yiisoft/yii2/web/Application.php(103): yii\base\Module->runAction()
#1 /home/pedro/facul/website-VeiGest/veigest/vendor/yiisoft/yii2/base/Application.php(387): yii\web\Application->handleRequest()
#2 /home/pedro/facul/website-VeiGest/veigest/backend/web/index.php(18): yii\base\Application->run()
#3 {main}

Next yii\web\NotFoundHttpException: Page not found. in /home/pedro/facul/website-VeiGest/veigest/vendor/yiisoft/yii2/web/Application.php:115
Stack trace:
#0 /home/pedro/facul/website-VeiGest/veigest/vendor/yiisoft/yii2/base/Application.php(387): yii\web\Application->handleRequest()
#1 /home/pedro/facul/website-VeiGest/veigest/backend/web/index.php(18): yii\base\Application->run()
#2 {main}
2026-01-05 19:42:34 [127.0.0.1][1][mjv9t76r62ptgpabtj3jn8jgil][info][application] $_GET = []

$_POST = []

$_FILES = []

$_COOKIE = [
    '_csrf-backend' => '30205aa6519f3b6b7d86bcd1156b12751eb54ea56b09340cae1eb91dc06c6bd9a:2:{i:0;s:13:\"_csrf-backend\";i:1;s:32:\"NcgruIxUW-azQjsYVEeXi2k0TdhT3AiM\";}'
    'VeiGestSession' => 'mjv9t76r62ptgpabtj3jn8jgil'
    '_identity' => 'a1df9c030acb783c0ce8abdcab79517715c7b2e7ba244215a99942dc5293e062a:2:{i:0;s:9:\"_identity\";i:1;s:46:\"[1,\"0678af5b8ba3c03fd251bb27e44b7760\",2592000]\";}'
]

$_SESSION = [
    '__flash' => []
    '__id' => 1
    '__authKey' => '0678af5b8ba3c03fd251bb27e44b7760'
]

$_SERVER = [
    'REDIRECT_STATUS' => '200'
    'HTTP_HOST' => 'veigestback.dryadlang.org'
    'HTTP_USER_AGENT' => 'Mozilla/5.0 (Windows NT 10.0; Win64; x64; rv:146.0) Gecko/20100101 Firefox/146.0'
    'HTTP_ACCEPT' => 'image/avif,image/webp,image/png,image/svg+xml,image/*;q=0.8,*/*;q=0.5'
    'HTTP_ACCEPT_ENCODING' => 'gzip'
    'HTTP_ACCEPT_LANGUAGE' => 'pt-PT,pt;q=0.8,en-US;q=0.5,en;q=0.3'
    'HTTP_CDN_LOOP' => 'cloudflare; loops=1'
    'HTTP_CF_CONNECTING_IP' => '2001:818:e848:8200:24fc:64a9:6d8c:5ccb'
    'HTTP_CF_IPCOUNTRY' => 'PT'
    'HTTP_CF_RAY' => '9b9575a6ba8e6914-LIS'
    'HTTP_CF_VISITOR' => '{\"scheme\":\"http\"}'
    'HTTP_CF_WARP_TAG_ID' => 'f5bcc1c9-1522-405b-9562-82cfc34acae8'
    'HTTP_CONNECTION' => 'keep-alive'
    'HTTP_COOKIE' => '_csrf-backend=30205aa6519f3b6b7d86bcd1156b12751eb54ea56b09340cae1eb91dc06c6bd9a%3A2%3A%7Bi%3A0%3Bs%3A13%3A%22_csrf-backend%22%3Bi%3A1%3Bs%3A32%3A%22NcgruIxUW-azQjsYVEeXi2k0TdhT3AiM%22%3B%7D; VeiGestSession=mjv9t76r62ptgpabtj3jn8jgil; _identity=a1df9c030acb783c0ce8abdcab79517715c7b2e7ba244215a99942dc5293e062a%3A2%3A%7Bi%3A0%3Bs%3A9%3A%22_identity%22%3Bi%3A1%3Bs%3A46%3A%22%5B1%2C%220678af5b8ba3c03fd251bb27e44b7760%22%2C2592000%5D%22%3B%7D'
    'HTTP_PRIORITY' => 'u=5, i'
    'HTTP_REFERER' => 'http://veigestback.dryadlang.org/system/settings'
    'HTTP_SEC_GPC' => '1'
    'HTTP_X_FORWARDED_FOR' => '2001:818:e848:8200:24fc:64a9:6d8c:5ccb'
    'HTTP_X_FORWARDED_PROTO' => 'http'
    'PATH' => '/usr/local/sbin:/usr/local/bin:/usr/sbin:/usr/bin:/snap/bin'
    'SERVER_SIGNATURE' => '<address>Apache/2.4.58 (Ubuntu) Server at veigestback.dryadlang.org Port 8002</address>
'
    'SERVER_SOFTWARE' => 'Apache/2.4.58 (Ubuntu)'
    'SERVER_NAME' => 'veigestback.dryadlang.org'
    'SERVER_ADDR' => '127.0.0.1'
    'SERVER_PORT' => '8002'
    'REMOTE_ADDR' => '127.0.0.1'
    'DOCUMENT_ROOT' => '/home/pedro/facul/website-VeiGest/veigest/backend/web'
    'REQUEST_SCHEME' => 'http'
    'CONTEXT_PREFIX' => ''
    'CONTEXT_DOCUMENT_ROOT' => '/home/pedro/facul/website-VeiGest/veigest/backend/web'
    'SERVER_ADMIN' => '[no address given]'
    'SCRIPT_FILENAME' => '/home/pedro/facul/website-VeiGest/veigest/backend/web/index.php'
    'REMOTE_PORT' => '42714'
    'REDIRECT_URL' => '/img/user-placeholder.png'
    'GATEWAY_INTERFACE' => 'CGI/1.1'
    'SERVER_PROTOCOL' => 'HTTP/1.1'
    'REQUEST_METHOD' => 'GET'
    'QUERY_STRING' => ''
    'REQUEST_URI' => '/img/user-placeholder.png'
    'SCRIPT_NAME' => '/index.php'
    'PHP_SELF' => '/index.php'
    'REQUEST_TIME_FLOAT' => 1767642154.0487
    'REQUEST_TIME' => 1767642154
]
2026-01-05 19:42:35 [127.0.0.1][1][mjv9t76r62ptgpabtj3jn8jgil][error][yii\web\HttpException:404] yii\base\InvalidRouteException: Unable to resolve the request "img/user-placeholder.png". in /home/pedro/facul/website-VeiGest/veigest/vendor/yiisoft/yii2/base/Module.php:564
Stack trace:
#0 /home/pedro/facul/website-VeiGest/veigest/vendor/yiisoft/yii2/web/Application.php(103): yii\base\Module->runAction()
#1 /home/pedro/facul/website-VeiGest/veigest/vendor/yiisoft/yii2/base/Application.php(387): yii\web\Application->handleRequest()
#2 /home/pedro/facul/website-VeiGest/veigest/backend/web/index.php(18): yii\base\Application->run()
#3 {main}

Next yii\web\NotFoundHttpException: Page not found. in /home/pedro/facul/website-VeiGest/veigest/vendor/yiisoft/yii2/web/Application.php:115
Stack trace:
#0 /home/pedro/facul/website-VeiGest/veigest/vendor/yiisoft/yii2/base/Application.php(387): yii\web\Application->handleRequest()
#1 /home/pedro/facul/website-VeiGest/veigest/backend/web/index.php(18): yii\base\Application->run()
#2 {main}
2026-01-05 19:42:35 [127.0.0.1][1][mjv9t76r62ptgpabtj3jn8jgil][info][application] $_GET = []

$_POST = []

$_FILES = []

$_COOKIE = [
    '_csrf-backend' => '30205aa6519f3b6b7d86bcd1156b12751eb54ea56b09340cae1eb91dc06c6bd9a:2:{i:0;s:13:\"_csrf-backend\";i:1;s:32:\"NcgruIxUW-azQjsYVEeXi2k0TdhT3AiM\";}'
    'VeiGestSession' => 'mjv9t76r62ptgpabtj3jn8jgil'
    '_identity' => 'a1df9c030acb783c0ce8abdcab79517715c7b2e7ba244215a99942dc5293e062a:2:{i:0;s:9:\"_identity\";i:1;s:46:\"[1,\"0678af5b8ba3c03fd251bb27e44b7760\",2592000]\";}'
]

$_SESSION = [
    '__flash' => []
    '__id' => 1
    '__authKey' => '0678af5b8ba3c03fd251bb27e44b7760'
]

$_SERVER = [
    'REDIRECT_STATUS' => '200'
    'HTTP_HOST' => 'veigestback.dryadlang.org'
    'HTTP_USER_AGENT' => 'Mozilla/5.0 (Windows NT 10.0; Win64; x64; rv:146.0) Gecko/20100101 Firefox/146.0'
    'HTTP_ACCEPT' => 'image/avif,image/webp,image/png,image/svg+xml,image/*;q=0.8,*/*;q=0.5'
    'HTTP_ACCEPT_ENCODING' => 'gzip'
    'HTTP_ACCEPT_LANGUAGE' => 'pt-PT,pt;q=0.8,en-US;q=0.5,en;q=0.3'
    'HTTP_CDN_LOOP' => 'cloudflare; loops=1'
    'HTTP_CF_CONNECTING_IP' => '2001:818:e848:8200:24fc:64a9:6d8c:5ccb'
    'HTTP_CF_IPCOUNTRY' => 'PT'
    'HTTP_CF_RAY' => '9b9575ad6b5141f6-LIS'
    'HTTP_CF_VISITOR' => '{\"scheme\":\"http\"}'
    'HTTP_CF_WARP_TAG_ID' => 'f5bcc1c9-1522-405b-9562-82cfc34acae8'
    'HTTP_CONNECTION' => 'keep-alive'
    'HTTP_COOKIE' => '_csrf-backend=30205aa6519f3b6b7d86bcd1156b12751eb54ea56b09340cae1eb91dc06c6bd9a%3A2%3A%7Bi%3A0%3Bs%3A13%3A%22_csrf-backend%22%3Bi%3A1%3Bs%3A32%3A%22NcgruIxUW-azQjsYVEeXi2k0TdhT3AiM%22%3B%7D; VeiGestSession=mjv9t76r62ptgpabtj3jn8jgil; _identity=a1df9c030acb783c0ce8abdcab79517715c7b2e7ba244215a99942dc5293e062a%3A2%3A%7Bi%3A0%3Bs%3A9%3A%22_identity%22%3Bi%3A1%3Bs%3A46%3A%22%5B1%2C%220678af5b8ba3c03fd251bb27e44b7760%22%2C2592000%5D%22%3B%7D'
    'HTTP_PRIORITY' => 'u=5, i'
    'HTTP_REFERER' => 'http://veigestback.dryadlang.org/system/settings'
    'HTTP_SEC_GPC' => '1'
    'HTTP_X_FORWARDED_FOR' => '2001:818:e848:8200:24fc:64a9:6d8c:5ccb'
    'HTTP_X_FORWARDED_PROTO' => 'http'
    'PATH' => '/usr/local/sbin:/usr/local/bin:/usr/sbin:/usr/bin:/snap/bin'
    'SERVER_SIGNATURE' => '<address>Apache/2.4.58 (Ubuntu) Server at veigestback.dryadlang.org Port 8002</address>
'
    'SERVER_SOFTWARE' => 'Apache/2.4.58 (Ubuntu)'
    'SERVER_NAME' => 'veigestback.dryadlang.org'
    'SERVER_ADDR' => '127.0.0.1'
    'SERVER_PORT' => '8002'
    'REMOTE_ADDR' => '127.0.0.1'
    'DOCUMENT_ROOT' => '/home/pedro/facul/website-VeiGest/veigest/backend/web'
    'REQUEST_SCHEME' => 'http'
    'CONTEXT_PREFIX' => ''
    'CONTEXT_DOCUMENT_ROOT' => '/home/pedro/facul/website-VeiGest/veigest/backend/web'
    'SERVER_ADMIN' => '[no address given]'
    'SCRIPT_FILENAME' => '/home/pedro/facul/website-VeiGest/veigest/backend/web/index.php'
    'REMOTE_PORT' => '42714'
    'REDIRECT_URL' => '/img/user-placeholder.png'
    'GATEWAY_INTERFACE' => 'CGI/1.1'
    'SERVER_PROTOCOL' => 'HTTP/1.1'
    'REQUEST_METHOD' => 'GET'
    'QUERY_STRING' => ''
    'REQUEST_URI' => '/img/user-placeholder.png'
    'SCRIPT_NAME' => '/index.php'
    'PHP_SELF' => '/index.php'
    'REQUEST_TIME_FLOAT' => 1767642155.1316
    'REQUEST_TIME' => 1767642155
]
2026-01-05 20:13:39 [127.0.0.1][1][ijm7pfd0s3523atr99gemloc2m][error][yii\web\HttpException:404] yii\base\InvalidRouteException: Unable to resolve the request "img/user-placeholder.png". in /home/pedro/facul/website-VeiGest/veigest/vendor/yiisoft/yii2/base/Module.php:564
Stack trace:
#0 /home/pedro/facul/website-VeiGest/veigest/vendor/yiisoft/yii2/web/Application.php(103): yii\base\Module->runAction()
#1 /home/pedro/facul/website-VeiGest/veigest/vendor/yiisoft/yii2/base/Application.php(387): yii\web\Application->handleRequest()
#2 /home/pedro/facul/website-VeiGest/veigest/backend/web/index.php(18): yii\base\Application->run()
#3 {main}

Next yii\web\NotFoundHttpException: Page not found. in /home/pedro/facul/website-VeiGest/veigest/vendor/yiisoft/yii2/web/Application.php:115
Stack trace:
#0 /home/pedro/facul/website-VeiGest/veigest/vendor/yiisoft/yii2/base/Application.php(387): yii\web\Application->handleRequest()
#1 /home/pedro/facul/website-VeiGest/veigest/backend/web/index.php(18): yii\base\Application->run()
#2 {main}
2026-01-05 20:13:39 [127.0.0.1][1][ijm7pfd0s3523atr99gemloc2m][info][application] $_GET = []

$_POST = []

$_FILES = []

$_COOKIE = [
    '_csrf-backend' => '30205aa6519f3b6b7d86bcd1156b12751eb54ea56b09340cae1eb91dc06c6bd9a:2:{i:0;s:13:\"_csrf-backend\";i:1;s:32:\"NcgruIxUW-azQjsYVEeXi2k0TdhT3AiM\";}'
    'VeiGestSession' => 'mjv9t76r62ptgpabtj3jn8jgil'
    '_identity' => 'a1df9c030acb783c0ce8abdcab79517715c7b2e7ba244215a99942dc5293e062a:2:{i:0;s:9:\"_identity\";i:1;s:46:\"[1,\"0678af5b8ba3c03fd251bb27e44b7760\",2592000]\";}'
]

$_SESSION = [
    '__flash' => []
    '__id' => 1
    '__authKey' => '0678af5b8ba3c03fd251bb27e44b7760'
]

$_SERVER = [
    'REDIRECT_STATUS' => '200'
    'HTTP_HOST' => 'veigestback.dryadlang.org'
    'HTTP_USER_AGENT' => 'Mozilla/5.0 (Windows NT 10.0; Win64; x64; rv:146.0) Gecko/20100101 Firefox/146.0'
    'HTTP_ACCEPT' => 'image/avif,image/webp,image/png,image/svg+xml,image/*;q=0.8,*/*;q=0.5'
    'HTTP_ACCEPT_ENCODING' => 'gzip'
    'HTTP_ACCEPT_LANGUAGE' => 'pt-PT,pt;q=0.8,en-US;q=0.5,en;q=0.3'
    'HTTP_CDN_LOOP' => 'cloudflare; loops=1'
    'HTTP_CF_CONNECTING_IP' => '2001:818:e848:8200:24fc:64a9:6d8c:5ccb'
    'HTTP_CF_IPCOUNTRY' => 'PT'
    'HTTP_CF_RAY' => '9b95a3348c98f369-LIS'
    'HTTP_CF_VISITOR' => '{\"scheme\":\"http\"}'
    'HTTP_CF_WARP_TAG_ID' => 'f5bcc1c9-1522-405b-9562-82cfc34acae8'
    'HTTP_CONNECTION' => 'keep-alive'
    'HTTP_COOKIE' => '_csrf-backend=30205aa6519f3b6b7d86bcd1156b12751eb54ea56b09340cae1eb91dc06c6bd9a%3A2%3A%7Bi%3A0%3Bs%3A13%3A%22_csrf-backend%22%3Bi%3A1%3Bs%3A32%3A%22NcgruIxUW-azQjsYVEeXi2k0TdhT3AiM%22%3B%7D; VeiGestSession=mjv9t76r62ptgpabtj3jn8jgil; _identity=a1df9c030acb783c0ce8abdcab79517715c7b2e7ba244215a99942dc5293e062a%3A2%3A%7Bi%3A0%3Bs%3A9%3A%22_identity%22%3Bi%3A1%3Bs%3A46%3A%22%5B1%2C%220678af5b8ba3c03fd251bb27e44b7760%22%2C2592000%5D%22%3B%7D'
    'HTTP_PRIORITY' => 'u=5, i'
    'HTTP_REFERER' => 'http://veigestback.dryadlang.org/system/settings'
    'HTTP_SEC_GPC' => '1'
    'HTTP_X_FORWARDED_FOR' => '2001:818:e848:8200:24fc:64a9:6d8c:5ccb'
    'HTTP_X_FORWARDED_PROTO' => 'http'
    'PATH' => '/usr/local/sbin:/usr/local/bin:/usr/sbin:/usr/bin:/snap/bin'
    'SERVER_SIGNATURE' => '<address>Apache/2.4.58 (Ubuntu) Server at veigestback.dryadlang.org Port 8002</address>
'
    'SERVER_SOFTWARE' => 'Apache/2.4.58 (Ubuntu)'
    'SERVER_NAME' => 'veigestback.dryadlang.org'
    'SERVER_ADDR' => '127.0.0.1'
    'SERVER_PORT' => '8002'
    'REMOTE_ADDR' => '127.0.0.1'
    'DOCUMENT_ROOT' => '/home/pedro/facul/website-VeiGest/veigest/backend/web'
    'REQUEST_SCHEME' => 'http'
    'CONTEXT_PREFIX' => ''
    'CONTEXT_DOCUMENT_ROOT' => '/home/pedro/facul/website-VeiGest/veigest/backend/web'
    'SERVER_ADMIN' => '[no address given]'
    'SCRIPT_FILENAME' => '/home/pedro/facul/website-VeiGest/veigest/backend/web/index.php'
    'REMOTE_PORT' => '47052'
    'REDIRECT_URL' => '/img/user-placeholder.png'
    'GATEWAY_INTERFACE' => 'CGI/1.1'
    'SERVER_PROTOCOL' => 'HTTP/1.1'
    'REQUEST_METHOD' => 'GET'
    'QUERY_STRING' => ''
    'REQUEST_URI' => '/img/user-placeholder.png'
    'SCRIPT_NAME' => '/index.php'
    'PHP_SELF' => '/index.php'
    'REQUEST_TIME_FLOAT' => 1767644019.9647
    'REQUEST_TIME' => 1767644019
]
2026-01-05 20:13:55 [127.0.0.1][1][dmps8ur9gac6mruu6s16tf60u9][error][yii\base\UnknownPropertyException] yii\base\UnknownPropertyException: Getting unknown property: common\models\User::estado in /home/pedro/facul/website-VeiGest/veigest/vendor/yiisoft/yii2/base/Component.php:154
Stack trace:
#0 /home/pedro/facul/website-VeiGest/veigest/vendor/yiisoft/yii2/db/BaseActiveRecord.php(296): yii\base\Component->__get()
#1 /home/pedro/facul/website-VeiGest/veigest/vendor/yiisoft/yii2/helpers/BaseHtml.php(2296): yii\db\BaseActiveRecord->__get()
#2 /home/pedro/facul/website-VeiGest/veigest/vendor/yiisoft/yii2/helpers/BaseHtml.php(1862): yii\helpers\BaseHtml::getAttributeValue()
#3 /home/pedro/facul/website-VeiGest/veigest/vendor/yiisoft/yii2/helpers/BaseHtml.php(1703): yii\helpers\BaseHtml::activeListInput()
#4 /home/pedro/facul/website-VeiGest/veigest/vendor/yiisoft/yii2/widgets/ActiveField.php(656): yii\helpers\BaseHtml::activeDropDownList()
#5 /home/pedro/facul/website-VeiGest/veigest/backend/views/user/_form.php(30): yii\widgets\ActiveField->dropDownList()
#6 /home/pedro/facul/website-VeiGest/veigest/vendor/yiisoft/yii2/base/View.php(348): require('...')
#7 /home/pedro/facul/website-VeiGest/veigest/vendor/yiisoft/yii2/base/View.php(258): yii\base\View->renderPhpFile()
#8 /home/pedro/facul/website-VeiGest/veigest/vendor/yiisoft/yii2/base/View.php(157): yii\base\View->renderFile()
#9 /home/pedro/facul/website-VeiGest/veigest/backend/views/user/create.php(16): yii\base\View->render()
#10 /home/pedro/facul/website-VeiGest/veigest/vendor/yiisoft/yii2/base/View.php(348): require('...')
#11 /home/pedro/facul/website-VeiGest/veigest/vendor/yiisoft/yii2/base/View.php(258): yii\base\View->renderPhpFile()
#12 /home/pedro/facul/website-VeiGest/veigest/vendor/yiisoft/yii2/base/View.php(157): yii\base\View->renderFile()
#13 /home/pedro/facul/website-VeiGest/veigest/vendor/yiisoft/yii2/base/Controller.php(413): yii\base\View->render()
#14 /home/pedro/facul/website-VeiGest/veigest/backend/controllers/UserController.php(93): yii\base\Controller->render()
#15 [internal function]: backend\controllers\UserController->actionCreate()
#16 /home/pedro/facul/website-VeiGest/veigest/vendor/yiisoft/yii2/base/InlineAction.php(60): call_user_func_array()
#17 /home/pedro/facul/website-VeiGest/veigest/vendor/yiisoft/yii2/base/Controller.php(184): yii\base\InlineAction->runWithParams()
#18 /home/pedro/facul/website-VeiGest/veigest/vendor/yiisoft/yii2/base/Module.php(555): yii\base\Controller->runAction()
#19 /home/pedro/facul/website-VeiGest/veigest/vendor/yiisoft/yii2/web/Application.php(103): yii\base\Module->runAction()
#20 /home/pedro/facul/website-VeiGest/veigest/vendor/yiisoft/yii2/base/Application.php(387): yii\web\Application->handleRequest()
#21 /home/pedro/facul/website-VeiGest/veigest/backend/web/index.php(18): yii\base\Application->run()
#22 {main}
2026-01-05 20:13:55 [127.0.0.1][1][dmps8ur9gac6mruu6s16tf60u9][info][application] $_GET = []

$_POST = []

$_FILES = []

$_COOKIE = [
    '_csrf-backend' => '30205aa6519f3b6b7d86bcd1156b12751eb54ea56b09340cae1eb91dc06c6bd9a:2:{i:0;s:13:\"_csrf-backend\";i:1;s:32:\"NcgruIxUW-azQjsYVEeXi2k0TdhT3AiM\";}'
    'VeiGestSession' => 'mjv9t76r62ptgpabtj3jn8jgil'
    '_identity' => 'a1df9c030acb783c0ce8abdcab79517715c7b2e7ba244215a99942dc5293e062a:2:{i:0;s:9:\"_identity\";i:1;s:46:\"[1,\"0678af5b8ba3c03fd251bb27e44b7760\",2592000]\";}'
]

$_SESSION = [
    '__flash' => []
    '__id' => 1
    '__authKey' => '0678af5b8ba3c03fd251bb27e44b7760'
]

$_SERVER = [
    'REDIRECT_STATUS' => '200'
    'HTTP_HOST' => 'veigestback.dryadlang.org'
    'HTTP_USER_AGENT' => 'Mozilla/5.0 (Windows NT 10.0; Win64; x64; rv:146.0) Gecko/20100101 Firefox/146.0'
    'HTTP_ACCEPT' => 'text/html,application/xhtml+xml,application/xml;q=0.9,*/*;q=0.8'
    'HTTP_ACCEPT_ENCODING' => 'gzip'
    'HTTP_ACCEPT_LANGUAGE' => 'pt-PT,pt;q=0.8,en-US;q=0.5,en;q=0.3'
    'HTTP_CDN_LOOP' => 'cloudflare; loops=1'
    'HTTP_CF_CONNECTING_IP' => '2001:818:e848:8200:24fc:64a9:6d8c:5ccb'
    'HTTP_CF_IPCOUNTRY' => 'PT'
    'HTTP_CF_RAY' => '9b95a395c96d3a95-LIS'
    'HTTP_CF_VISITOR' => '{\"scheme\":\"http\"}'
    'HTTP_CF_WARP_TAG_ID' => 'f5bcc1c9-1522-405b-9562-82cfc34acae8'
    'HTTP_CONNECTION' => 'keep-alive'
    'HTTP_COOKIE' => '_csrf-backend=30205aa6519f3b6b7d86bcd1156b12751eb54ea56b09340cae1eb91dc06c6bd9a%3A2%3A%7Bi%3A0%3Bs%3A13%3A%22_csrf-backend%22%3Bi%3A1%3Bs%3A32%3A%22NcgruIxUW-azQjsYVEeXi2k0TdhT3AiM%22%3B%7D; VeiGestSession=mjv9t76r62ptgpabtj3jn8jgil; _identity=a1df9c030acb783c0ce8abdcab79517715c7b2e7ba244215a99942dc5293e062a%3A2%3A%7Bi%3A0%3Bs%3A9%3A%22_identity%22%3Bi%3A1%3Bs%3A46%3A%22%5B1%2C%220678af5b8ba3c03fd251bb27e44b7760%22%2C2592000%5D%22%3B%7D'
    'HTTP_PRIORITY' => 'u=0, i'
    'HTTP_REFERER' => 'http://veigestback.dryadlang.org/system/settings'
    'HTTP_SEC_GPC' => '1'
    'HTTP_UPGRADE_INSECURE_REQUESTS' => '1'
    'HTTP_X_FORWARDED_FOR' => '2001:818:e848:8200:24fc:64a9:6d8c:5ccb'
    'HTTP_X_FORWARDED_PROTO' => 'http'
    'PATH' => '/usr/local/sbin:/usr/local/bin:/usr/sbin:/usr/bin:/snap/bin'
    'SERVER_SIGNATURE' => '<address>Apache/2.4.58 (Ubuntu) Server at veigestback.dryadlang.org Port 8002</address>
'
    'SERVER_SOFTWARE' => 'Apache/2.4.58 (Ubuntu)'
    'SERVER_NAME' => 'veigestback.dryadlang.org'
    'SERVER_ADDR' => '127.0.0.1'
    'SERVER_PORT' => '8002'
    'REMOTE_ADDR' => '127.0.0.1'
    'DOCUMENT_ROOT' => '/home/pedro/facul/website-VeiGest/veigest/backend/web'
    'REQUEST_SCHEME' => 'http'
    'CONTEXT_PREFIX' => ''
    'CONTEXT_DOCUMENT_ROOT' => '/home/pedro/facul/website-VeiGest/veigest/backend/web'
    'SERVER_ADMIN' => '[no address given]'
    'SCRIPT_FILENAME' => '/home/pedro/facul/website-VeiGest/veigest/backend/web/index.php'
    'REMOTE_PORT' => '60212'
    'REDIRECT_URL' => '/user/create'
    'GATEWAY_INTERFACE' => 'CGI/1.1'
    'SERVER_PROTOCOL' => 'HTTP/1.1'
    'REQUEST_METHOD' => 'GET'
    'QUERY_STRING' => ''
    'REQUEST_URI' => '/user/create'
    'SCRIPT_NAME' => '/index.php'
    'PHP_SELF' => '/index.php'
    'REQUEST_TIME_FLOAT' => 1767644035.4918
    'REQUEST_TIME' => 1767644035
]
2026-01-05 20:48:09 [127.0.0.1][1][qanrsn4nc4lcbn3tq3lqfbcvs7][error][Error] Error: Undefined constant common\models\User::STATUS_ACTIVE in /home/pedro/facul/website-VeiGest/veigest/backend/views/user/_form.php:30
Stack trace:
#0 /home/pedro/facul/website-VeiGest/veigest/vendor/yiisoft/yii2/base/View.php(348): require()
#1 /home/pedro/facul/website-VeiGest/veigest/vendor/yiisoft/yii2/base/View.php(258): yii\base\View->renderPhpFile()
#2 /home/pedro/facul/website-VeiGest/veigest/vendor/yiisoft/yii2/base/View.php(157): yii\base\View->renderFile()
#3 /home/pedro/facul/website-VeiGest/veigest/backend/views/user/create.php(16): yii\base\View->render()
#4 /home/pedro/facul/website-VeiGest/veigest/vendor/yiisoft/yii2/base/View.php(348): require('...')
#5 /home/pedro/facul/website-VeiGest/veigest/vendor/yiisoft/yii2/base/View.php(258): yii\base\View->renderPhpFile()
#6 /home/pedro/facul/website-VeiGest/veigest/vendor/yiisoft/yii2/base/View.php(157): yii\base\View->renderFile()
#7 /home/pedro/facul/website-VeiGest/veigest/vendor/yiisoft/yii2/base/Controller.php(413): yii\base\View->render()
#8 /home/pedro/facul/website-VeiGest/veigest/backend/controllers/UserController.php(93): yii\base\Controller->render()
#9 [internal function]: backend\controllers\UserController->actionCreate()
#10 /home/pedro/facul/website-VeiGest/veigest/vendor/yiisoft/yii2/base/InlineAction.php(60): call_user_func_array()
#11 /home/pedro/facul/website-VeiGest/veigest/vendor/yiisoft/yii2/base/Controller.php(184): yii\base\InlineAction->runWithParams()
#12 /home/pedro/facul/website-VeiGest/veigest/vendor/yiisoft/yii2/base/Module.php(555): yii\base\Controller->runAction()
#13 /home/pedro/facul/website-VeiGest/veigest/vendor/yiisoft/yii2/web/Application.php(103): yii\base\Module->runAction()
#14 /home/pedro/facul/website-VeiGest/veigest/vendor/yiisoft/yii2/base/Application.php(387): yii\web\Application->handleRequest()
#15 /home/pedro/facul/website-VeiGest/veigest/backend/web/index.php(18): yii\base\Application->run()
#16 {main}
2026-01-05 20:48:09 [127.0.0.1][1][qanrsn4nc4lcbn3tq3lqfbcvs7][info][application] $_GET = []

$_POST = []

$_FILES = []

$_COOKIE = [
    '_csrf-backend' => '30205aa6519f3b6b7d86bcd1156b12751eb54ea56b09340cae1eb91dc06c6bd9a:2:{i:0;s:13:\"_csrf-backend\";i:1;s:32:\"NcgruIxUW-azQjsYVEeXi2k0TdhT3AiM\";}'
    'VeiGestSession' => 'mjv9t76r62ptgpabtj3jn8jgil'
    '_identity' => 'a1df9c030acb783c0ce8abdcab79517715c7b2e7ba244215a99942dc5293e062a:2:{i:0;s:9:\"_identity\";i:1;s:46:\"[1,\"0678af5b8ba3c03fd251bb27e44b7760\",2592000]\";}'
]

$_SESSION = [
    '__flash' => []
    '__id' => 1
    '__authKey' => '0678af5b8ba3c03fd251bb27e44b7760'
]

$_SERVER = [
    'REDIRECT_STATUS' => '200'
    'HTTP_HOST' => 'veigestback.dryadlang.org'
    'HTTP_USER_AGENT' => 'Mozilla/5.0 (Windows NT 10.0; Win64; x64; rv:146.0) Gecko/20100101 Firefox/146.0'
    'HTTP_ACCEPT' => 'text/html,application/xhtml+xml,application/xml;q=0.9,*/*;q=0.8'
    'HTTP_ACCEPT_ENCODING' => 'gzip'
    'HTTP_ACCEPT_LANGUAGE' => 'pt-PT,pt;q=0.8,en-US;q=0.5,en;q=0.3'
    'HTTP_CDN_LOOP' => 'cloudflare; loops=1'
    'HTTP_CF_CONNECTING_IP' => '2001:818:e848:8200:24fc:64a9:6d8c:5ccb'
    'HTTP_CF_IPCOUNTRY' => 'PT'
    'HTTP_CF_RAY' => '9b95d5bb5f5248a6-LIS'
    'HTTP_CF_VISITOR' => '{\"scheme\":\"http\"}'
    'HTTP_CF_WARP_TAG_ID' => 'f5bcc1c9-1522-405b-9562-82cfc34acae8'
    'HTTP_CONNECTION' => 'keep-alive'
    'HTTP_COOKIE' => '_csrf-backend=30205aa6519f3b6b7d86bcd1156b12751eb54ea56b09340cae1eb91dc06c6bd9a%3A2%3A%7Bi%3A0%3Bs%3A13%3A%22_csrf-backend%22%3Bi%3A1%3Bs%3A32%3A%22NcgruIxUW-azQjsYVEeXi2k0TdhT3AiM%22%3B%7D; VeiGestSession=mjv9t76r62ptgpabtj3jn8jgil; _identity=a1df9c030acb783c0ce8abdcab79517715c7b2e7ba244215a99942dc5293e062a%3A2%3A%7Bi%3A0%3Bs%3A9%3A%22_identity%22%3Bi%3A1%3Bs%3A46%3A%22%5B1%2C%220678af5b8ba3c03fd251bb27e44b7760%22%2C2592000%5D%22%3B%7D'
    'HTTP_PRIORITY' => 'u=0, i'
    'HTTP_REFERER' => 'http://veigestback.dryadlang.org/system/settings'
    'HTTP_SEC_GPC' => '1'
    'HTTP_UPGRADE_INSECURE_REQUESTS' => '1'
    'HTTP_X_FORWARDED_FOR' => '2001:818:e848:8200:24fc:64a9:6d8c:5ccb'
    'HTTP_X_FORWARDED_PROTO' => 'http'
    'PATH' => '/usr/local/sbin:/usr/local/bin:/usr/sbin:/usr/bin:/snap/bin'
    'SERVER_SIGNATURE' => '<address>Apache/2.4.58 (Ubuntu) Server at veigestback.dryadlang.org Port 8002</address>
'
    'SERVER_SOFTWARE' => 'Apache/2.4.58 (Ubuntu)'
    'SERVER_NAME' => 'veigestback.dryadlang.org'
    'SERVER_ADDR' => '127.0.0.1'
    'SERVER_PORT' => '8002'
    'REMOTE_ADDR' => '127.0.0.1'
    'DOCUMENT_ROOT' => '/home/pedro/facul/website-VeiGest/veigest/backend/web'
    'REQUEST_SCHEME' => 'http'
    'CONTEXT_PREFIX' => ''
    'CONTEXT_DOCUMENT_ROOT' => '/home/pedro/facul/website-VeiGest/veigest/backend/web'
    'SERVER_ADMIN' => '[no address given]'
    'SCRIPT_FILENAME' => '/home/pedro/facul/website-VeiGest/veigest/backend/web/index.php'
    'REMOTE_PORT' => '52518'
    'REDIRECT_URL' => '/user/create'
    'GATEWAY_INTERFACE' => 'CGI/1.1'
    'SERVER_PROTOCOL' => 'HTTP/1.1'
    'REQUEST_METHOD' => 'GET'
    'QUERY_STRING' => ''
    'REQUEST_URI' => '/user/create'
    'SCRIPT_NAME' => '/index.php'
    'PHP_SELF' => '/index.php'
    'REQUEST_TIME_FLOAT' => 1767646089.5296
    'REQUEST_TIME' => 1767646089
]
2026-01-05 20:50:07 [127.0.0.1][1][13boot725cvv95m90je6ti7egh][error][yii\web\HttpException:404] yii\base\InvalidRouteException: Unable to resolve the request "img/user-placeholder.png". in /home/pedro/facul/website-VeiGest/veigest/vendor/yiisoft/yii2/base/Module.php:564
Stack trace:
#0 /home/pedro/facul/website-VeiGest/veigest/vendor/yiisoft/yii2/web/Application.php(103): yii\base\Module->runAction()
#1 /home/pedro/facul/website-VeiGest/veigest/vendor/yiisoft/yii2/base/Application.php(387): yii\web\Application->handleRequest()
#2 /home/pedro/facul/website-VeiGest/veigest/backend/web/index.php(18): yii\base\Application->run()
#3 {main}

Next yii\web\NotFoundHttpException: Page not found. in /home/pedro/facul/website-VeiGest/veigest/vendor/yiisoft/yii2/web/Application.php:115
Stack trace:
#0 /home/pedro/facul/website-VeiGest/veigest/vendor/yiisoft/yii2/base/Application.php(387): yii\web\Application->handleRequest()
#1 /home/pedro/facul/website-VeiGest/veigest/backend/web/index.php(18): yii\base\Application->run()
#2 {main}
2026-01-05 20:50:07 [127.0.0.1][1][13boot725cvv95m90je6ti7egh][info][application] $_GET = []

$_POST = []

$_FILES = []

$_COOKIE = [
    '_csrf-backend' => '30205aa6519f3b6b7d86bcd1156b12751eb54ea56b09340cae1eb91dc06c6bd9a:2:{i:0;s:13:\"_csrf-backend\";i:1;s:32:\"NcgruIxUW-azQjsYVEeXi2k0TdhT3AiM\";}'
    'VeiGestSession' => 'mjv9t76r62ptgpabtj3jn8jgil'
    '_identity' => 'a1df9c030acb783c0ce8abdcab79517715c7b2e7ba244215a99942dc5293e062a:2:{i:0;s:9:\"_identity\";i:1;s:46:\"[1,\"0678af5b8ba3c03fd251bb27e44b7760\",2592000]\";}'
]

$_SESSION = [
    '__flash' => []
    '__id' => 1
    '__authKey' => '0678af5b8ba3c03fd251bb27e44b7760'
]

$_SERVER = [
    'REDIRECT_STATUS' => '200'
    'HTTP_HOST' => 'veigestback.dryadlang.org'
    'HTTP_USER_AGENT' => 'Mozilla/5.0 (Windows NT 10.0; Win64; x64; rv:146.0) Gecko/20100101 Firefox/146.0'
    'HTTP_ACCEPT' => 'image/avif,image/webp,image/png,image/svg+xml,image/*;q=0.8,*/*;q=0.5'
    'HTTP_ACCEPT_ENCODING' => 'gzip, br'
    'HTTP_ACCEPT_LANGUAGE' => 'pt-PT,pt;q=0.8,en-US;q=0.5,en;q=0.3'
    'HTTP_CDN_LOOP' => 'cloudflare; loops=1'
    'HTTP_CF_CONNECTING_IP' => '2001:818:e848:8200:24fc:64a9:6d8c:5ccb'
    'HTTP_CF_IPCOUNTRY' => 'PT'
    'HTTP_CF_RAY' => '9b95d89d0f7c979a-LIS'
    'HTTP_CF_VISITOR' => '{\"scheme\":\"https\"}'
    'HTTP_CF_WARP_TAG_ID' => 'f5bcc1c9-1522-405b-9562-82cfc34acae8'
    'HTTP_CONNECTION' => 'keep-alive'
    'HTTP_COOKIE' => '_csrf-backend=30205aa6519f3b6b7d86bcd1156b12751eb54ea56b09340cae1eb91dc06c6bd9a%3A2%3A%7Bi%3A0%3Bs%3A13%3A%22_csrf-backend%22%3Bi%3A1%3Bs%3A32%3A%22NcgruIxUW-azQjsYVEeXi2k0TdhT3AiM%22%3B%7D; VeiGestSession=mjv9t76r62ptgpabtj3jn8jgil; _identity=a1df9c030acb783c0ce8abdcab79517715c7b2e7ba244215a99942dc5293e062a%3A2%3A%7Bi%3A0%3Bs%3A9%3A%22_identity%22%3Bi%3A1%3Bs%3A46%3A%22%5B1%2C%220678af5b8ba3c03fd251bb27e44b7760%22%2C2592000%5D%22%3B%7D; _identity=a1df9c030acb783c0ce8abdcab79517715c7b2e7ba244215a99942dc5293e062a%3A2%3A%7Bi%3A0%3Bs%3A9%3A%22_identity%22%3Bi%3A1%3Bs%3A46%3A%22%5B1%2C%220678af5b8ba3c03fd251bb27e44b7760%22%2C2592000%5D%22%3B%7D; VeiGestSession=81qm5807t6q69tmmtrfpv651n9'
    'HTTP_PRIORITY' => 'u=5, i'
    'HTTP_REFERER' => 'https://veigestback.dryadlang.org/'
    'HTTP_SEC_FETCH_DEST' => 'image'
    'HTTP_SEC_FETCH_MODE' => 'no-cors'
    'HTTP_SEC_FETCH_SITE' => 'same-origin'
    'HTTP_SEC_GPC' => '1'
    'HTTP_X_FORWARDED_FOR' => '2001:818:e848:8200:24fc:64a9:6d8c:5ccb'
    'HTTP_X_FORWARDED_PROTO' => 'https'
    'PATH' => '/usr/local/sbin:/usr/local/bin:/usr/sbin:/usr/bin:/snap/bin'
    'SERVER_SIGNATURE' => '<address>Apache/2.4.58 (Ubuntu) Server at veigestback.dryadlang.org Port 8002</address>
'
    'SERVER_SOFTWARE' => 'Apache/2.4.58 (Ubuntu)'
    'SERVER_NAME' => 'veigestback.dryadlang.org'
    'SERVER_ADDR' => '127.0.0.1'
    'SERVER_PORT' => '8002'
    'REMOTE_ADDR' => '127.0.0.1'
    'DOCUMENT_ROOT' => '/home/pedro/facul/website-VeiGest/veigest/backend/web'
    'REQUEST_SCHEME' => 'http'
    'CONTEXT_PREFIX' => ''
    'CONTEXT_DOCUMENT_ROOT' => '/home/pedro/facul/website-VeiGest/veigest/backend/web'
    'SERVER_ADMIN' => '[no address given]'
    'SCRIPT_FILENAME' => '/home/pedro/facul/website-VeiGest/veigest/backend/web/index.php'
    'REMOTE_PORT' => '58464'
    'REDIRECT_URL' => '/img/user-placeholder.png'
    'GATEWAY_INTERFACE' => 'CGI/1.1'
    'SERVER_PROTOCOL' => 'HTTP/1.1'
    'REQUEST_METHOD' => 'GET'
    'QUERY_STRING' => ''
    'REQUEST_URI' => '/img/user-placeholder.png'
    'SCRIPT_NAME' => '/index.php'
    'PHP_SELF' => '/index.php'
    'REQUEST_TIME_FLOAT' => 1767646207.5478
    'REQUEST_TIME' => 1767646207
]
2026-01-05 20:50:11 [127.0.0.1][1][9tr12gio9165dv1m47bi1q0jim][error][yii\web\HttpException:404] yii\base\InvalidRouteException: Unable to resolve the request "img/user-placeholder.png". in /home/pedro/facul/website-VeiGest/veigest/vendor/yiisoft/yii2/base/Module.php:564
Stack trace:
#0 /home/pedro/facul/website-VeiGest/veigest/vendor/yiisoft/yii2/web/Application.php(103): yii\base\Module->runAction()
#1 /home/pedro/facul/website-VeiGest/veigest/vendor/yiisoft/yii2/base/Application.php(387): yii\web\Application->handleRequest()
#2 /home/pedro/facul/website-VeiGest/veigest/backend/web/index.php(18): yii\base\Application->run()
#3 {main}

Next yii\web\NotFoundHttpException: Page not found. in /home/pedro/facul/website-VeiGest/veigest/vendor/yiisoft/yii2/web/Application.php:115
Stack trace:
#0 /home/pedro/facul/website-VeiGest/veigest/vendor/yiisoft/yii2/base/Application.php(387): yii\web\Application->handleRequest()
#1 /home/pedro/facul/website-VeiGest/veigest/backend/web/index.php(18): yii\base\Application->run()
#2 {main}
2026-01-05 20:50:11 [127.0.0.1][1][9tr12gio9165dv1m47bi1q0jim][info][application] $_GET = []

$_POST = []

$_FILES = []

$_COOKIE = [
    '_csrf-backend' => '30205aa6519f3b6b7d86bcd1156b12751eb54ea56b09340cae1eb91dc06c6bd9a:2:{i:0;s:13:\"_csrf-backend\";i:1;s:32:\"NcgruIxUW-azQjsYVEeXi2k0TdhT3AiM\";}'
    'VeiGestSession' => 'mjv9t76r62ptgpabtj3jn8jgil'
    '_identity' => 'a1df9c030acb783c0ce8abdcab79517715c7b2e7ba244215a99942dc5293e062a:2:{i:0;s:9:\"_identity\";i:1;s:46:\"[1,\"0678af5b8ba3c03fd251bb27e44b7760\",2592000]\";}'
]

$_SESSION = [
    '__flash' => []
    '__id' => 1
    '__authKey' => '0678af5b8ba3c03fd251bb27e44b7760'
]

$_SERVER = [
    'REDIRECT_STATUS' => '200'
    'HTTP_HOST' => 'veigestback.dryadlang.org'
    'HTTP_USER_AGENT' => 'Mozilla/5.0 (Windows NT 10.0; Win64; x64; rv:146.0) Gecko/20100101 Firefox/146.0'
    'HTTP_ACCEPT' => 'image/avif,image/webp,image/png,image/svg+xml,image/*;q=0.8,*/*;q=0.5'
    'HTTP_ACCEPT_ENCODING' => 'gzip, br'
    'HTTP_ACCEPT_LANGUAGE' => 'pt-PT,pt;q=0.8,en-US;q=0.5,en;q=0.3'
    'HTTP_CDN_LOOP' => 'cloudflare; loops=1'
    'HTTP_CF_CONNECTING_IP' => '2001:818:e848:8200:24fc:64a9:6d8c:5ccb'
    'HTTP_CF_IPCOUNTRY' => 'PT'
    'HTTP_CF_RAY' => '9b95d8b6bc21979a-LIS'
    'HTTP_CF_VISITOR' => '{\"scheme\":\"https\"}'
    'HTTP_CF_WARP_TAG_ID' => 'f5bcc1c9-1522-405b-9562-82cfc34acae8'
    'HTTP_CONNECTION' => 'keep-alive'
    'HTTP_COOKIE' => '_csrf-backend=30205aa6519f3b6b7d86bcd1156b12751eb54ea56b09340cae1eb91dc06c6bd9a%3A2%3A%7Bi%3A0%3Bs%3A13%3A%22_csrf-backend%22%3Bi%3A1%3Bs%3A32%3A%22NcgruIxUW-azQjsYVEeXi2k0TdhT3AiM%22%3B%7D; VeiGestSession=mjv9t76r62ptgpabtj3jn8jgil; _identity=a1df9c030acb783c0ce8abdcab79517715c7b2e7ba244215a99942dc5293e062a%3A2%3A%7Bi%3A0%3Bs%3A9%3A%22_identity%22%3Bi%3A1%3Bs%3A46%3A%22%5B1%2C%220678af5b8ba3c03fd251bb27e44b7760%22%2C2592000%5D%22%3B%7D; _identity=a1df9c030acb783c0ce8abdcab79517715c7b2e7ba244215a99942dc5293e062a%3A2%3A%7Bi%3A0%3Bs%3A9%3A%22_identity%22%3Bi%3A1%3Bs%3A46%3A%22%5B1%2C%220678af5b8ba3c03fd251bb27e44b7760%22%2C2592000%5D%22%3B%7D; VeiGestSession=0q9afp63hnoglaanc5de19jsqr'
    'HTTP_PRIORITY' => 'u=4, i'
    'HTTP_REFERER' => 'https://veigestback.dryadlang.org/user/index'
    'HTTP_SEC_FETCH_DEST' => 'image'
    'HTTP_SEC_FETCH_MODE' => 'no-cors'
    'HTTP_SEC_FETCH_SITE' => 'same-origin'
    'HTTP_SEC_GPC' => '1'
    'HTTP_X_FORWARDED_FOR' => '2001:818:e848:8200:24fc:64a9:6d8c:5ccb'
    'HTTP_X_FORWARDED_PROTO' => 'https'
    'PATH' => '/usr/local/sbin:/usr/local/bin:/usr/sbin:/usr/bin:/snap/bin'
    'SERVER_SIGNATURE' => '<address>Apache/2.4.58 (Ubuntu) Server at veigestback.dryadlang.org Port 8002</address>
'
    'SERVER_SOFTWARE' => 'Apache/2.4.58 (Ubuntu)'
    'SERVER_NAME' => 'veigestback.dryadlang.org'
    'SERVER_ADDR' => '127.0.0.1'
    'SERVER_PORT' => '8002'
    'REMOTE_ADDR' => '127.0.0.1'
    'DOCUMENT_ROOT' => '/home/pedro/facul/website-VeiGest/veigest/backend/web'
    'REQUEST_SCHEME' => 'http'
    'CONTEXT_PREFIX' => ''
    'CONTEXT_DOCUMENT_ROOT' => '/home/pedro/facul/website-VeiGest/veigest/backend/web'
    'SERVER_ADMIN' => '[no address given]'
    'SCRIPT_FILENAME' => '/home/pedro/facul/website-VeiGest/veigest/backend/web/index.php'
    'REMOTE_PORT' => '58464'
    'REDIRECT_URL' => '/img/user-placeholder.png'
    'GATEWAY_INTERFACE' => 'CGI/1.1'
    'SERVER_PROTOCOL' => 'HTTP/1.1'
    'REQUEST_METHOD' => 'GET'
    'QUERY_STRING' => ''
    'REQUEST_URI' => '/img/user-placeholder.png'
    'SCRIPT_NAME' => '/index.php'
    'PHP_SELF' => '/index.php'
    'REQUEST_TIME_FLOAT' => 1767646211.6434
    'REQUEST_TIME' => 1767646211
]
2026-01-05 20:50:14 [127.0.0.1][1][kiqkl4de8j1ai8ns41rqvcevmi][error][yii\web\HttpException:404] yii\base\InvalidRouteException: Unable to resolve the request "img/user-placeholder.png". in /home/pedro/facul/website-VeiGest/veigest/vendor/yiisoft/yii2/base/Module.php:564
Stack trace:
#0 /home/pedro/facul/website-VeiGest/veigest/vendor/yiisoft/yii2/web/Application.php(103): yii\base\Module->runAction()
#1 /home/pedro/facul/website-VeiGest/veigest/vendor/yiisoft/yii2/base/Application.php(387): yii\web\Application->handleRequest()
#2 /home/pedro/facul/website-VeiGest/veigest/backend/web/index.php(18): yii\base\Application->run()
#3 {main}

Next yii\web\NotFoundHttpException: Page not found. in /home/pedro/facul/website-VeiGest/veigest/vendor/yiisoft/yii2/web/Application.php:115
Stack trace:
#0 /home/pedro/facul/website-VeiGest/veigest/vendor/yiisoft/yii2/base/Application.php(387): yii\web\Application->handleRequest()
#1 /home/pedro/facul/website-VeiGest/veigest/backend/web/index.php(18): yii\base\Application->run()
#2 {main}
2026-01-05 20:50:14 [127.0.0.1][1][kiqkl4de8j1ai8ns41rqvcevmi][info][application] $_GET = []

$_POST = []

$_FILES = []

$_COOKIE = [
    '_csrf-backend' => '30205aa6519f3b6b7d86bcd1156b12751eb54ea56b09340cae1eb91dc06c6bd9a:2:{i:0;s:13:\"_csrf-backend\";i:1;s:32:\"NcgruIxUW-azQjsYVEeXi2k0TdhT3AiM\";}'
    'VeiGestSession' => 'mjv9t76r62ptgpabtj3jn8jgil'
    '_identity' => 'a1df9c030acb783c0ce8abdcab79517715c7b2e7ba244215a99942dc5293e062a:2:{i:0;s:9:\"_identity\";i:1;s:46:\"[1,\"0678af5b8ba3c03fd251bb27e44b7760\",2592000]\";}'
]

$_SESSION = [
    '__flash' => []
    '__id' => 1
    '__authKey' => '0678af5b8ba3c03fd251bb27e44b7760'
]

$_SERVER = [
    'REDIRECT_STATUS' => '200'
    'HTTP_HOST' => 'veigestback.dryadlang.org'
    'HTTP_USER_AGENT' => 'Mozilla/5.0 (Windows NT 10.0; Win64; x64; rv:146.0) Gecko/20100101 Firefox/146.0'
    'HTTP_ACCEPT' => 'image/avif,image/webp,image/png,image/svg+xml,image/*;q=0.8,*/*;q=0.5'
    'HTTP_ACCEPT_ENCODING' => 'gzip, br'
    'HTTP_ACCEPT_LANGUAGE' => 'pt-PT,pt;q=0.8,en-US;q=0.5,en;q=0.3'
    'HTTP_CDN_LOOP' => 'cloudflare; loops=1'
    'HTTP_CF_CONNECTING_IP' => '2001:818:e848:8200:24fc:64a9:6d8c:5ccb'
    'HTTP_CF_IPCOUNTRY' => 'PT'
    'HTTP_CF_RAY' => '9b95d8c61ff6979a-LIS'
    'HTTP_CF_VISITOR' => '{\"scheme\":\"https\"}'
    'HTTP_CF_WARP_TAG_ID' => 'f5bcc1c9-1522-405b-9562-82cfc34acae8'
    'HTTP_CONNECTION' => 'keep-alive'
    'HTTP_COOKIE' => '_csrf-backend=30205aa6519f3b6b7d86bcd1156b12751eb54ea56b09340cae1eb91dc06c6bd9a%3A2%3A%7Bi%3A0%3Bs%3A13%3A%22_csrf-backend%22%3Bi%3A1%3Bs%3A32%3A%22NcgruIxUW-azQjsYVEeXi2k0TdhT3AiM%22%3B%7D; VeiGestSession=mjv9t76r62ptgpabtj3jn8jgil; _identity=a1df9c030acb783c0ce8abdcab79517715c7b2e7ba244215a99942dc5293e062a%3A2%3A%7Bi%3A0%3Bs%3A9%3A%22_identity%22%3Bi%3A1%3Bs%3A46%3A%22%5B1%2C%220678af5b8ba3c03fd251bb27e44b7760%22%2C2592000%5D%22%3B%7D; _identity=a1df9c030acb783c0ce8abdcab79517715c7b2e7ba244215a99942dc5293e062a%3A2%3A%7Bi%3A0%3Bs%3A9%3A%22_identity%22%3Bi%3A1%3Bs%3A46%3A%22%5B1%2C%220678af5b8ba3c03fd251bb27e44b7760%22%2C2592000%5D%22%3B%7D; VeiGestSession=npvbbdpulbnmunra5ruuodu4te'
    'HTTP_PRIORITY' => 'u=4, i'
    'HTTP_REFERER' => 'https://veigestback.dryadlang.org/user/create'
    'HTTP_SEC_FETCH_DEST' => 'image'
    'HTTP_SEC_FETCH_MODE' => 'no-cors'
    'HTTP_SEC_FETCH_SITE' => 'same-origin'
    'HTTP_SEC_GPC' => '1'
    'HTTP_X_FORWARDED_FOR' => '2001:818:e848:8200:24fc:64a9:6d8c:5ccb'
    'HTTP_X_FORWARDED_PROTO' => 'https'
    'PATH' => '/usr/local/sbin:/usr/local/bin:/usr/sbin:/usr/bin:/snap/bin'
    'SERVER_SIGNATURE' => '<address>Apache/2.4.58 (Ubuntu) Server at veigestback.dryadlang.org Port 8002</address>
'
    'SERVER_SOFTWARE' => 'Apache/2.4.58 (Ubuntu)'
    'SERVER_NAME' => 'veigestback.dryadlang.org'
    'SERVER_ADDR' => '127.0.0.1'
    'SERVER_PORT' => '8002'
    'REMOTE_ADDR' => '127.0.0.1'
    'DOCUMENT_ROOT' => '/home/pedro/facul/website-VeiGest/veigest/backend/web'
    'REQUEST_SCHEME' => 'http'
    'CONTEXT_PREFIX' => ''
    'CONTEXT_DOCUMENT_ROOT' => '/home/pedro/facul/website-VeiGest/veigest/backend/web'
    'SERVER_ADMIN' => '[no address given]'
    'SCRIPT_FILENAME' => '/home/pedro/facul/website-VeiGest/veigest/backend/web/index.php'
    'REMOTE_PORT' => '58464'
    'REDIRECT_URL' => '/img/user-placeholder.png'
    'GATEWAY_INTERFACE' => 'CGI/1.1'
    'SERVER_PROTOCOL' => 'HTTP/1.1'
    'REQUEST_METHOD' => 'GET'
    'QUERY_STRING' => ''
    'REQUEST_URI' => '/img/user-placeholder.png'
    'SCRIPT_NAME' => '/index.php'
    'PHP_SELF' => '/index.php'
    'REQUEST_TIME_FLOAT' => 1767646214.0994
    'REQUEST_TIME' => 1767646214
]
2026-01-05 20:50:15 [127.0.0.1][1][m3rrc5v4fnbcvfua67rftod03d][error][yii\web\HttpException:404] yii\base\InvalidRouteException: Unable to resolve the request "img/user-placeholder.png". in /home/pedro/facul/website-VeiGest/veigest/vendor/yiisoft/yii2/base/Module.php:564
Stack trace:
#0 /home/pedro/facul/website-VeiGest/veigest/vendor/yiisoft/yii2/web/Application.php(103): yii\base\Module->runAction()
#1 /home/pedro/facul/website-VeiGest/veigest/vendor/yiisoft/yii2/base/Application.php(387): yii\web\Application->handleRequest()
#2 /home/pedro/facul/website-VeiGest/veigest/backend/web/index.php(18): yii\base\Application->run()
#3 {main}

Next yii\web\NotFoundHttpException: Page not found. in /home/pedro/facul/website-VeiGest/veigest/vendor/yiisoft/yii2/web/Application.php:115
Stack trace:
#0 /home/pedro/facul/website-VeiGest/veigest/vendor/yiisoft/yii2/base/Application.php(387): yii\web\Application->handleRequest()
#1 /home/pedro/facul/website-VeiGest/veigest/backend/web/index.php(18): yii\base\Application->run()
#2 {main}
2026-01-05 20:50:15 [127.0.0.1][1][m3rrc5v4fnbcvfua67rftod03d][info][application] $_GET = []

$_POST = []

$_FILES = []

$_COOKIE = [
    '_csrf-backend' => '30205aa6519f3b6b7d86bcd1156b12751eb54ea56b09340cae1eb91dc06c6bd9a:2:{i:0;s:13:\"_csrf-backend\";i:1;s:32:\"NcgruIxUW-azQjsYVEeXi2k0TdhT3AiM\";}'
    'VeiGestSession' => 'mjv9t76r62ptgpabtj3jn8jgil'
    '_identity' => 'a1df9c030acb783c0ce8abdcab79517715c7b2e7ba244215a99942dc5293e062a:2:{i:0;s:9:\"_identity\";i:1;s:46:\"[1,\"0678af5b8ba3c03fd251bb27e44b7760\",2592000]\";}'
]

$_SESSION = [
    '__flash' => []
    '__id' => 1
    '__authKey' => '0678af5b8ba3c03fd251bb27e44b7760'
]

$_SERVER = [
    'REDIRECT_STATUS' => '200'
    'HTTP_HOST' => 'veigestback.dryadlang.org'
    'HTTP_USER_AGENT' => 'Mozilla/5.0 (Windows NT 10.0; Win64; x64; rv:146.0) Gecko/20100101 Firefox/146.0'
    'HTTP_ACCEPT' => 'image/avif,image/webp,image/png,image/svg+xml,image/*;q=0.8,*/*;q=0.5'
    'HTTP_ACCEPT_ENCODING' => 'gzip, br'
    'HTTP_ACCEPT_LANGUAGE' => 'pt-PT,pt;q=0.8,en-US;q=0.5,en;q=0.3'
    'HTTP_CDN_LOOP' => 'cloudflare; loops=1'
    'HTTP_CF_CONNECTING_IP' => '2001:818:e848:8200:24fc:64a9:6d8c:5ccb'
    'HTTP_CF_IPCOUNTRY' => 'PT'
    'HTTP_CF_RAY' => '9b95d8ce3869979a-LIS'
    'HTTP_CF_VISITOR' => '{\"scheme\":\"https\"}'
    'HTTP_CF_WARP_TAG_ID' => 'f5bcc1c9-1522-405b-9562-82cfc34acae8'
    'HTTP_CONNECTION' => 'keep-alive'
    'HTTP_COOKIE' => '_csrf-backend=30205aa6519f3b6b7d86bcd1156b12751eb54ea56b09340cae1eb91dc06c6bd9a%3A2%3A%7Bi%3A0%3Bs%3A13%3A%22_csrf-backend%22%3Bi%3A1%3Bs%3A32%3A%22NcgruIxUW-azQjsYVEeXi2k0TdhT3AiM%22%3B%7D; VeiGestSession=mjv9t76r62ptgpabtj3jn8jgil; _identity=a1df9c030acb783c0ce8abdcab79517715c7b2e7ba244215a99942dc5293e062a%3A2%3A%7Bi%3A0%3Bs%3A9%3A%22_identity%22%3Bi%3A1%3Bs%3A46%3A%22%5B1%2C%220678af5b8ba3c03fd251bb27e44b7760%22%2C2592000%5D%22%3B%7D; _identity=a1df9c030acb783c0ce8abdcab79517715c7b2e7ba244215a99942dc5293e062a%3A2%3A%7Bi%3A0%3Bs%3A9%3A%22_identity%22%3Bi%3A1%3Bs%3A46%3A%22%5B1%2C%220678af5b8ba3c03fd251bb27e44b7760%22%2C2592000%5D%22%3B%7D; VeiGestSession=vohla1ssvsr9463gbusn3g6ob1'
    'HTTP_PRIORITY' => 'u=5, i'
    'HTTP_REFERER' => 'https://veigestback.dryadlang.org/system/settings'
    'HTTP_SEC_FETCH_DEST' => 'image'
    'HTTP_SEC_FETCH_MODE' => 'no-cors'
    'HTTP_SEC_FETCH_SITE' => 'same-origin'
    'HTTP_SEC_GPC' => '1'
    'HTTP_X_FORWARDED_FOR' => '2001:818:e848:8200:24fc:64a9:6d8c:5ccb'
    'HTTP_X_FORWARDED_PROTO' => 'https'
    'PATH' => '/usr/local/sbin:/usr/local/bin:/usr/sbin:/usr/bin:/snap/bin'
    'SERVER_SIGNATURE' => '<address>Apache/2.4.58 (Ubuntu) Server at veigestback.dryadlang.org Port 8002</address>
'
    'SERVER_SOFTWARE' => 'Apache/2.4.58 (Ubuntu)'
    'SERVER_NAME' => 'veigestback.dryadlang.org'
    'SERVER_ADDR' => '127.0.0.1'
    'SERVER_PORT' => '8002'
    'REMOTE_ADDR' => '127.0.0.1'
    'DOCUMENT_ROOT' => '/home/pedro/facul/website-VeiGest/veigest/backend/web'
    'REQUEST_SCHEME' => 'http'
    'CONTEXT_PREFIX' => ''
    'CONTEXT_DOCUMENT_ROOT' => '/home/pedro/facul/website-VeiGest/veigest/backend/web'
    'SERVER_ADMIN' => '[no address given]'
    'SCRIPT_FILENAME' => '/home/pedro/facul/website-VeiGest/veigest/backend/web/index.php'
    'REMOTE_PORT' => '58464'
    'REDIRECT_URL' => '/img/user-placeholder.png'
    'GATEWAY_INTERFACE' => 'CGI/1.1'
    'SERVER_PROTOCOL' => 'HTTP/1.1'
    'REQUEST_METHOD' => 'GET'
    'QUERY_STRING' => ''
    'REQUEST_URI' => '/img/user-placeholder.png'
    'SCRIPT_NAME' => '/index.php'
    'PHP_SELF' => '/index.php'
    'REQUEST_TIME_FLOAT' => 1767646215.4067
    'REQUEST_TIME' => 1767646215
]
2026-01-05 20:50:17 [127.0.0.1][1][t3ukn1rjs6ctq4ek27cq71onf6][error][yii\web\HttpException:404] yii\base\InvalidRouteException: Unable to resolve the request "img/user-placeholder.png". in /home/pedro/facul/website-VeiGest/veigest/vendor/yiisoft/yii2/base/Module.php:564
Stack trace:
#0 /home/pedro/facul/website-VeiGest/veigest/vendor/yiisoft/yii2/web/Application.php(103): yii\base\Module->runAction()
#1 /home/pedro/facul/website-VeiGest/veigest/vendor/yiisoft/yii2/base/Application.php(387): yii\web\Application->handleRequest()
#2 /home/pedro/facul/website-VeiGest/veigest/backend/web/index.php(18): yii\base\Application->run()
#3 {main}

Next yii\web\NotFoundHttpException: Page not found. in /home/pedro/facul/website-VeiGest/veigest/vendor/yiisoft/yii2/web/Application.php:115
Stack trace:
#0 /home/pedro/facul/website-VeiGest/veigest/vendor/yiisoft/yii2/base/Application.php(387): yii\web\Application->handleRequest()
#1 /home/pedro/facul/website-VeiGest/veigest/backend/web/index.php(18): yii\base\Application->run()
#2 {main}
2026-01-05 20:50:17 [127.0.0.1][1][t3ukn1rjs6ctq4ek27cq71onf6][info][application] $_GET = []

$_POST = []

$_FILES = []

$_COOKIE = [
    '_csrf-backend' => '30205aa6519f3b6b7d86bcd1156b12751eb54ea56b09340cae1eb91dc06c6bd9a:2:{i:0;s:13:\"_csrf-backend\";i:1;s:32:\"NcgruIxUW-azQjsYVEeXi2k0TdhT3AiM\";}'
    'VeiGestSession' => 'mjv9t76r62ptgpabtj3jn8jgil'
    '_identity' => 'a1df9c030acb783c0ce8abdcab79517715c7b2e7ba244215a99942dc5293e062a:2:{i:0;s:9:\"_identity\";i:1;s:46:\"[1,\"0678af5b8ba3c03fd251bb27e44b7760\",2592000]\";}'
]

$_SESSION = [
    '__flash' => []
    '__id' => 1
    '__authKey' => '0678af5b8ba3c03fd251bb27e44b7760'
]

$_SERVER = [
    'REDIRECT_STATUS' => '200'
    'HTTP_HOST' => 'veigestback.dryadlang.org'
    'HTTP_USER_AGENT' => 'Mozilla/5.0 (Windows NT 10.0; Win64; x64; rv:146.0) Gecko/20100101 Firefox/146.0'
    'HTTP_ACCEPT' => 'image/avif,image/webp,image/png,image/svg+xml,image/*;q=0.8,*/*;q=0.5'
    'HTTP_ACCEPT_ENCODING' => 'gzip, br'
    'HTTP_ACCEPT_LANGUAGE' => 'pt-PT,pt;q=0.8,en-US;q=0.5,en;q=0.3'
    'HTTP_CDN_LOOP' => 'cloudflare; loops=1'
    'HTTP_CF_CONNECTING_IP' => '2001:818:e848:8200:24fc:64a9:6d8c:5ccb'
    'HTTP_CF_IPCOUNTRY' => 'PT'
    'HTTP_CF_RAY' => '9b95d8da3f85979a-LIS'
    'HTTP_CF_VISITOR' => '{\"scheme\":\"https\"}'
    'HTTP_CF_WARP_TAG_ID' => 'f5bcc1c9-1522-405b-9562-82cfc34acae8'
    'HTTP_CONNECTION' => 'keep-alive'
    'HTTP_COOKIE' => '_csrf-backend=30205aa6519f3b6b7d86bcd1156b12751eb54ea56b09340cae1eb91dc06c6bd9a%3A2%3A%7Bi%3A0%3Bs%3A13%3A%22_csrf-backend%22%3Bi%3A1%3Bs%3A32%3A%22NcgruIxUW-azQjsYVEeXi2k0TdhT3AiM%22%3B%7D; VeiGestSession=mjv9t76r62ptgpabtj3jn8jgil; _identity=a1df9c030acb783c0ce8abdcab79517715c7b2e7ba244215a99942dc5293e062a%3A2%3A%7Bi%3A0%3Bs%3A9%3A%22_identity%22%3Bi%3A1%3Bs%3A46%3A%22%5B1%2C%220678af5b8ba3c03fd251bb27e44b7760%22%2C2592000%5D%22%3B%7D; _identity=a1df9c030acb783c0ce8abdcab79517715c7b2e7ba244215a99942dc5293e062a%3A2%3A%7Bi%3A0%3Bs%3A9%3A%22_identity%22%3Bi%3A1%3Bs%3A46%3A%22%5B1%2C%220678af5b8ba3c03fd251bb27e44b7760%22%2C2592000%5D%22%3B%7D; VeiGestSession=amavtpj66un8nd7n090dkvlmq8'
    'HTTP_PRIORITY' => 'u=5, i'
    'HTTP_REFERER' => 'https://veigestback.dryadlang.org/user/create'
    'HTTP_SEC_FETCH_DEST' => 'image'
    'HTTP_SEC_FETCH_MODE' => 'no-cors'
    'HTTP_SEC_FETCH_SITE' => 'same-origin'
    'HTTP_SEC_GPC' => '1'
    'HTTP_X_FORWARDED_FOR' => '2001:818:e848:8200:24fc:64a9:6d8c:5ccb'
    'HTTP_X_FORWARDED_PROTO' => 'https'
    'PATH' => '/usr/local/sbin:/usr/local/bin:/usr/sbin:/usr/bin:/snap/bin'
    'SERVER_SIGNATURE' => '<address>Apache/2.4.58 (Ubuntu) Server at veigestback.dryadlang.org Port 8002</address>
'
    'SERVER_SOFTWARE' => 'Apache/2.4.58 (Ubuntu)'
    'SERVER_NAME' => 'veigestback.dryadlang.org'
    'SERVER_ADDR' => '127.0.0.1'
    'SERVER_PORT' => '8002'
    'REMOTE_ADDR' => '127.0.0.1'
    'DOCUMENT_ROOT' => '/home/pedro/facul/website-VeiGest/veigest/backend/web'
    'REQUEST_SCHEME' => 'http'
    'CONTEXT_PREFIX' => ''
    'CONTEXT_DOCUMENT_ROOT' => '/home/pedro/facul/website-VeiGest/veigest/backend/web'
    'SERVER_ADMIN' => '[no address given]'
    'SCRIPT_FILENAME' => '/home/pedro/facul/website-VeiGest/veigest/backend/web/index.php'
    'REMOTE_PORT' => '58464'
    'REDIRECT_URL' => '/img/user-placeholder.png'
    'GATEWAY_INTERFACE' => 'CGI/1.1'
    'SERVER_PROTOCOL' => 'HTTP/1.1'
    'REQUEST_METHOD' => 'GET'
    'QUERY_STRING' => ''
    'REQUEST_URI' => '/img/user-placeholder.png'
    'SCRIPT_NAME' => '/index.php'
    'PHP_SELF' => '/index.php'
    'REQUEST_TIME_FLOAT' => 1767646217.3304
    'REQUEST_TIME' => 1767646217
]
2026-01-05 20:50:19 [127.0.0.1][1][4retisnggfjdatac25e6nmnriq][error][yii\web\HttpException:404] yii\base\InvalidRouteException: Unable to resolve the request "img/user-placeholder.png". in /home/pedro/facul/website-VeiGest/veigest/vendor/yiisoft/yii2/base/Module.php:564
Stack trace:
#0 /home/pedro/facul/website-VeiGest/veigest/vendor/yiisoft/yii2/web/Application.php(103): yii\base\Module->runAction()
#1 /home/pedro/facul/website-VeiGest/veigest/vendor/yiisoft/yii2/base/Application.php(387): yii\web\Application->handleRequest()
#2 /home/pedro/facul/website-VeiGest/veigest/backend/web/index.php(18): yii\base\Application->run()
#3 {main}

Next yii\web\NotFoundHttpException: Page not found. in /home/pedro/facul/website-VeiGest/veigest/vendor/yiisoft/yii2/web/Application.php:115
Stack trace:
#0 /home/pedro/facul/website-VeiGest/veigest/vendor/yiisoft/yii2/base/Application.php(387): yii\web\Application->handleRequest()
#1 /home/pedro/facul/website-VeiGest/veigest/backend/web/index.php(18): yii\base\Application->run()
#2 {main}
2026-01-05 20:50:19 [127.0.0.1][1][4retisnggfjdatac25e6nmnriq][info][application] $_GET = []

$_POST = []

$_FILES = []

$_COOKIE = [
    '_csrf-backend' => '30205aa6519f3b6b7d86bcd1156b12751eb54ea56b09340cae1eb91dc06c6bd9a:2:{i:0;s:13:\"_csrf-backend\";i:1;s:32:\"NcgruIxUW-azQjsYVEeXi2k0TdhT3AiM\";}'
    'VeiGestSession' => 'mjv9t76r62ptgpabtj3jn8jgil'
    '_identity' => 'a1df9c030acb783c0ce8abdcab79517715c7b2e7ba244215a99942dc5293e062a:2:{i:0;s:9:\"_identity\";i:1;s:46:\"[1,\"0678af5b8ba3c03fd251bb27e44b7760\",2592000]\";}'
]

$_SESSION = [
    '__flash' => []
    '__id' => 1
    '__authKey' => '0678af5b8ba3c03fd251bb27e44b7760'
]

$_SERVER = [
    'REDIRECT_STATUS' => '200'
    'HTTP_HOST' => 'veigestback.dryadlang.org'
    'HTTP_USER_AGENT' => 'Mozilla/5.0 (Windows NT 10.0; Win64; x64; rv:146.0) Gecko/20100101 Firefox/146.0'
    'HTTP_ACCEPT' => 'image/avif,image/webp,image/png,image/svg+xml,image/*;q=0.8,*/*;q=0.5'
    'HTTP_ACCEPT_ENCODING' => 'gzip, br'
    'HTTP_ACCEPT_LANGUAGE' => 'pt-PT,pt;q=0.8,en-US;q=0.5,en;q=0.3'
    'HTTP_CDN_LOOP' => 'cloudflare; loops=1'
    'HTTP_CF_CONNECTING_IP' => '2001:818:e848:8200:24fc:64a9:6d8c:5ccb'
    'HTTP_CF_IPCOUNTRY' => 'PT'
    'HTTP_CF_RAY' => '9b95d8e8bf4f979a-LIS'
    'HTTP_CF_VISITOR' => '{\"scheme\":\"https\"}'
    'HTTP_CF_WARP_TAG_ID' => 'f5bcc1c9-1522-405b-9562-82cfc34acae8'
    'HTTP_CONNECTION' => 'keep-alive'
    'HTTP_COOKIE' => '_csrf-backend=30205aa6519f3b6b7d86bcd1156b12751eb54ea56b09340cae1eb91dc06c6bd9a%3A2%3A%7Bi%3A0%3Bs%3A13%3A%22_csrf-backend%22%3Bi%3A1%3Bs%3A32%3A%22NcgruIxUW-azQjsYVEeXi2k0TdhT3AiM%22%3B%7D; VeiGestSession=mjv9t76r62ptgpabtj3jn8jgil; _identity=a1df9c030acb783c0ce8abdcab79517715c7b2e7ba244215a99942dc5293e062a%3A2%3A%7Bi%3A0%3Bs%3A9%3A%22_identity%22%3Bi%3A1%3Bs%3A46%3A%22%5B1%2C%220678af5b8ba3c03fd251bb27e44b7760%22%2C2592000%5D%22%3B%7D; _identity=a1df9c030acb783c0ce8abdcab79517715c7b2e7ba244215a99942dc5293e062a%3A2%3A%7Bi%3A0%3Bs%3A9%3A%22_identity%22%3Bi%3A1%3Bs%3A46%3A%22%5B1%2C%220678af5b8ba3c03fd251bb27e44b7760%22%2C2592000%5D%22%3B%7D; VeiGestSession=m7si23tdplns34cob3ua416uit'
    'HTTP_PRIORITY' => 'u=4, i'
    'HTTP_REFERER' => 'https://veigestback.dryadlang.org/user/index'
    'HTTP_SEC_FETCH_DEST' => 'image'
    'HTTP_SEC_FETCH_MODE' => 'no-cors'
    'HTTP_SEC_FETCH_SITE' => 'same-origin'
    'HTTP_SEC_GPC' => '1'
    'HTTP_X_FORWARDED_FOR' => '2001:818:e848:8200:24fc:64a9:6d8c:5ccb'
    'HTTP_X_FORWARDED_PROTO' => 'https'
    'PATH' => '/usr/local/sbin:/usr/local/bin:/usr/sbin:/usr/bin:/snap/bin'
    'SERVER_SIGNATURE' => '<address>Apache/2.4.58 (Ubuntu) Server at veigestback.dryadlang.org Port 8002</address>
'
    'SERVER_SOFTWARE' => 'Apache/2.4.58 (Ubuntu)'
    'SERVER_NAME' => 'veigestback.dryadlang.org'
    'SERVER_ADDR' => '127.0.0.1'
    'SERVER_PORT' => '8002'
    'REMOTE_ADDR' => '127.0.0.1'
    'DOCUMENT_ROOT' => '/home/pedro/facul/website-VeiGest/veigest/backend/web'
    'REQUEST_SCHEME' => 'http'
    'CONTEXT_PREFIX' => ''
    'CONTEXT_DOCUMENT_ROOT' => '/home/pedro/facul/website-VeiGest/veigest/backend/web'
    'SERVER_ADMIN' => '[no address given]'
    'SCRIPT_FILENAME' => '/home/pedro/facul/website-VeiGest/veigest/backend/web/index.php'
    'REMOTE_PORT' => '58464'
    'REDIRECT_URL' => '/img/user-placeholder.png'
    'GATEWAY_INTERFACE' => 'CGI/1.1'
    'SERVER_PROTOCOL' => 'HTTP/1.1'
    'REQUEST_METHOD' => 'GET'
    'QUERY_STRING' => ''
    'REQUEST_URI' => '/img/user-placeholder.png'
    'SCRIPT_NAME' => '/index.php'
    'PHP_SELF' => '/index.php'
    'REQUEST_TIME_FLOAT' => 1767646219.6455
    'REQUEST_TIME' => 1767646219
]
2026-01-05 20:50:21 [127.0.0.1][1][tg719p4t7gno6eppbflob8lett][error][yii\web\HttpException:404] yii\base\InvalidRouteException: Unable to resolve the request "img/user-placeholder.png". in /home/pedro/facul/website-VeiGest/veigest/vendor/yiisoft/yii2/base/Module.php:564
Stack trace:
#0 /home/pedro/facul/website-VeiGest/veigest/vendor/yiisoft/yii2/web/Application.php(103): yii\base\Module->runAction()
#1 /home/pedro/facul/website-VeiGest/veigest/vendor/yiisoft/yii2/base/Application.php(387): yii\web\Application->handleRequest()
#2 /home/pedro/facul/website-VeiGest/veigest/backend/web/index.php(18): yii\base\Application->run()
#3 {main}

Next yii\web\NotFoundHttpException: Page not found. in /home/pedro/facul/website-VeiGest/veigest/vendor/yiisoft/yii2/web/Application.php:115
Stack trace:
#0 /home/pedro/facul/website-VeiGest/veigest/vendor/yiisoft/yii2/base/Application.php(387): yii\web\Application->handleRequest()
#1 /home/pedro/facul/website-VeiGest/veigest/backend/web/index.php(18): yii\base\Application->run()
#2 {main}
2026-01-05 20:50:21 [127.0.0.1][1][tg719p4t7gno6eppbflob8lett][info][application] $_GET = []

$_POST = []

$_FILES = []

$_COOKIE = [
    '_csrf-backend' => '30205aa6519f3b6b7d86bcd1156b12751eb54ea56b09340cae1eb91dc06c6bd9a:2:{i:0;s:13:\"_csrf-backend\";i:1;s:32:\"NcgruIxUW-azQjsYVEeXi2k0TdhT3AiM\";}'
    'VeiGestSession' => 'mjv9t76r62ptgpabtj3jn8jgil'
    '_identity' => 'a1df9c030acb783c0ce8abdcab79517715c7b2e7ba244215a99942dc5293e062a:2:{i:0;s:9:\"_identity\";i:1;s:46:\"[1,\"0678af5b8ba3c03fd251bb27e44b7760\",2592000]\";}'
]

$_SESSION = [
    '__flash' => []
    '__id' => 1
    '__authKey' => '0678af5b8ba3c03fd251bb27e44b7760'
]

$_SERVER = [
    'REDIRECT_STATUS' => '200'
    'HTTP_HOST' => 'veigestback.dryadlang.org'
    'HTTP_USER_AGENT' => 'Mozilla/5.0 (Windows NT 10.0; Win64; x64; rv:146.0) Gecko/20100101 Firefox/146.0'
    'HTTP_ACCEPT' => 'image/avif,image/webp,image/png,image/svg+xml,image/*;q=0.8,*/*;q=0.5'
    'HTTP_ACCEPT_ENCODING' => 'gzip, br'
    'HTTP_ACCEPT_LANGUAGE' => 'pt-PT,pt;q=0.8,en-US;q=0.5,en;q=0.3'
    'HTTP_CDN_LOOP' => 'cloudflare; loops=1'
    'HTTP_CF_CONNECTING_IP' => '2001:818:e848:8200:24fc:64a9:6d8c:5ccb'
    'HTTP_CF_IPCOUNTRY' => 'PT'
    'HTTP_CF_RAY' => '9b95d8f2dddf979a-LIS'
    'HTTP_CF_VISITOR' => '{\"scheme\":\"https\"}'
    'HTTP_CF_WARP_TAG_ID' => 'f5bcc1c9-1522-405b-9562-82cfc34acae8'
    'HTTP_CONNECTION' => 'keep-alive'
    'HTTP_COOKIE' => '_csrf-backend=30205aa6519f3b6b7d86bcd1156b12751eb54ea56b09340cae1eb91dc06c6bd9a%3A2%3A%7Bi%3A0%3Bs%3A13%3A%22_csrf-backend%22%3Bi%3A1%3Bs%3A32%3A%22NcgruIxUW-azQjsYVEeXi2k0TdhT3AiM%22%3B%7D; VeiGestSession=mjv9t76r62ptgpabtj3jn8jgil; _identity=a1df9c030acb783c0ce8abdcab79517715c7b2e7ba244215a99942dc5293e062a%3A2%3A%7Bi%3A0%3Bs%3A9%3A%22_identity%22%3Bi%3A1%3Bs%3A46%3A%22%5B1%2C%220678af5b8ba3c03fd251bb27e44b7760%22%2C2592000%5D%22%3B%7D; _identity=a1df9c030acb783c0ce8abdcab79517715c7b2e7ba244215a99942dc5293e062a%3A2%3A%7Bi%3A0%3Bs%3A9%3A%22_identity%22%3Bi%3A1%3Bs%3A46%3A%22%5B1%2C%220678af5b8ba3c03fd251bb27e44b7760%22%2C2592000%5D%22%3B%7D; VeiGestSession=qq9otthfqm2s7lpv027st7p97c'
    'HTTP_PRIORITY' => 'u=5, i'
    'HTTP_REFERER' => 'https://veigestback.dryadlang.org/system/settings'
    'HTTP_SEC_FETCH_DEST' => 'image'
    'HTTP_SEC_FETCH_MODE' => 'no-cors'
    'HTTP_SEC_FETCH_SITE' => 'same-origin'
    'HTTP_SEC_GPC' => '1'
    'HTTP_X_FORWARDED_FOR' => '2001:818:e848:8200:24fc:64a9:6d8c:5ccb'
    'HTTP_X_FORWARDED_PROTO' => 'https'
    'PATH' => '/usr/local/sbin:/usr/local/bin:/usr/sbin:/usr/bin:/snap/bin'
    'SERVER_SIGNATURE' => '<address>Apache/2.4.58 (Ubuntu) Server at veigestback.dryadlang.org Port 8002</address>
'
    'SERVER_SOFTWARE' => 'Apache/2.4.58 (Ubuntu)'
    'SERVER_NAME' => 'veigestback.dryadlang.org'
    'SERVER_ADDR' => '127.0.0.1'
    'SERVER_PORT' => '8002'
    'REMOTE_ADDR' => '127.0.0.1'
    'DOCUMENT_ROOT' => '/home/pedro/facul/website-VeiGest/veigest/backend/web'
    'REQUEST_SCHEME' => 'http'
    'CONTEXT_PREFIX' => ''
    'CONTEXT_DOCUMENT_ROOT' => '/home/pedro/facul/website-VeiGest/veigest/backend/web'
    'SERVER_ADMIN' => '[no address given]'
    'SCRIPT_FILENAME' => '/home/pedro/facul/website-VeiGest/veigest/backend/web/index.php'
    'REMOTE_PORT' => '58464'
    'REDIRECT_URL' => '/img/user-placeholder.png'
    'GATEWAY_INTERFACE' => 'CGI/1.1'
    'SERVER_PROTOCOL' => 'HTTP/1.1'
    'REQUEST_METHOD' => 'GET'
    'QUERY_STRING' => ''
    'REQUEST_URI' => '/img/user-placeholder.png'
    'SCRIPT_NAME' => '/index.php'
    'PHP_SELF' => '/index.php'
    'REQUEST_TIME_FLOAT' => 1767646221.2683
    'REQUEST_TIME' => 1767646221
]
2026-01-05 20:50:22 [127.0.0.1][1][4nhrvmvv6qtcvu4svogrthisco][error][yii\web\HttpException:404] yii\base\InvalidRouteException: Unable to resolve the request "img/user-placeholder.png". in /home/pedro/facul/website-VeiGest/veigest/vendor/yiisoft/yii2/base/Module.php:564
Stack trace:
#0 /home/pedro/facul/website-VeiGest/veigest/vendor/yiisoft/yii2/web/Application.php(103): yii\base\Module->runAction()
#1 /home/pedro/facul/website-VeiGest/veigest/vendor/yiisoft/yii2/base/Application.php(387): yii\web\Application->handleRequest()
#2 /home/pedro/facul/website-VeiGest/veigest/backend/web/index.php(18): yii\base\Application->run()
#3 {main}

Next yii\web\NotFoundHttpException: Page not found. in /home/pedro/facul/website-VeiGest/veigest/vendor/yiisoft/yii2/web/Application.php:115
Stack trace:
#0 /home/pedro/facul/website-VeiGest/veigest/vendor/yiisoft/yii2/base/Application.php(387): yii\web\Application->handleRequest()
#1 /home/pedro/facul/website-VeiGest/veigest/backend/web/index.php(18): yii\base\Application->run()
#2 {main}
2026-01-05 20:50:22 [127.0.0.1][1][4nhrvmvv6qtcvu4svogrthisco][info][application] $_GET = []

$_POST = []

$_FILES = []

$_COOKIE = [
    '_csrf-backend' => '30205aa6519f3b6b7d86bcd1156b12751eb54ea56b09340cae1eb91dc06c6bd9a:2:{i:0;s:13:\"_csrf-backend\";i:1;s:32:\"NcgruIxUW-azQjsYVEeXi2k0TdhT3AiM\";}'
    'VeiGestSession' => 'mjv9t76r62ptgpabtj3jn8jgil'
    '_identity' => 'a1df9c030acb783c0ce8abdcab79517715c7b2e7ba244215a99942dc5293e062a:2:{i:0;s:9:\"_identity\";i:1;s:46:\"[1,\"0678af5b8ba3c03fd251bb27e44b7760\",2592000]\";}'
]

$_SESSION = [
    '__flash' => []
    '__id' => 1
    '__authKey' => '0678af5b8ba3c03fd251bb27e44b7760'
]

$_SERVER = [
    'REDIRECT_STATUS' => '200'
    'HTTP_HOST' => 'veigestback.dryadlang.org'
    'HTTP_USER_AGENT' => 'Mozilla/5.0 (Windows NT 10.0; Win64; x64; rv:146.0) Gecko/20100101 Firefox/146.0'
    'HTTP_ACCEPT' => 'image/avif,image/webp,image/png,image/svg+xml,image/*;q=0.8,*/*;q=0.5'
    'HTTP_ACCEPT_ENCODING' => 'gzip, br'
    'HTTP_ACCEPT_LANGUAGE' => 'pt-PT,pt;q=0.8,en-US;q=0.5,en;q=0.3'
    'HTTP_CDN_LOOP' => 'cloudflare; loops=1'
    'HTTP_CF_CONNECTING_IP' => '2001:818:e848:8200:24fc:64a9:6d8c:5ccb'
    'HTTP_CF_IPCOUNTRY' => 'PT'
    'HTTP_CF_RAY' => '9b95d8fb2ee1979a-LIS'
    'HTTP_CF_VISITOR' => '{\"scheme\":\"https\"}'
    'HTTP_CF_WARP_TAG_ID' => 'f5bcc1c9-1522-405b-9562-82cfc34acae8'
    'HTTP_CONNECTION' => 'keep-alive'
    'HTTP_COOKIE' => '_csrf-backend=30205aa6519f3b6b7d86bcd1156b12751eb54ea56b09340cae1eb91dc06c6bd9a%3A2%3A%7Bi%3A0%3Bs%3A13%3A%22_csrf-backend%22%3Bi%3A1%3Bs%3A32%3A%22NcgruIxUW-azQjsYVEeXi2k0TdhT3AiM%22%3B%7D; VeiGestSession=mjv9t76r62ptgpabtj3jn8jgil; _identity=a1df9c030acb783c0ce8abdcab79517715c7b2e7ba244215a99942dc5293e062a%3A2%3A%7Bi%3A0%3Bs%3A9%3A%22_identity%22%3Bi%3A1%3Bs%3A46%3A%22%5B1%2C%220678af5b8ba3c03fd251bb27e44b7760%22%2C2592000%5D%22%3B%7D; _identity=a1df9c030acb783c0ce8abdcab79517715c7b2e7ba244215a99942dc5293e062a%3A2%3A%7Bi%3A0%3Bs%3A9%3A%22_identity%22%3Bi%3A1%3Bs%3A46%3A%22%5B1%2C%220678af5b8ba3c03fd251bb27e44b7760%22%2C2592000%5D%22%3B%7D; VeiGestSession=g3ggnbtl2pi2a6ka92busbemem'
    'HTTP_PRIORITY' => 'u=4, i'
    'HTTP_REFERER' => 'https://veigestback.dryadlang.org/user/index'
    'HTTP_SEC_FETCH_DEST' => 'image'
    'HTTP_SEC_FETCH_MODE' => 'no-cors'
    'HTTP_SEC_FETCH_SITE' => 'same-origin'
    'HTTP_SEC_GPC' => '1'
    'HTTP_X_FORWARDED_FOR' => '2001:818:e848:8200:24fc:64a9:6d8c:5ccb'
    'HTTP_X_FORWARDED_PROTO' => 'https'
    'PATH' => '/usr/local/sbin:/usr/local/bin:/usr/sbin:/usr/bin:/snap/bin'
    'SERVER_SIGNATURE' => '<address>Apache/2.4.58 (Ubuntu) Server at veigestback.dryadlang.org Port 8002</address>
'
    'SERVER_SOFTWARE' => 'Apache/2.4.58 (Ubuntu)'
    'SERVER_NAME' => 'veigestback.dryadlang.org'
    'SERVER_ADDR' => '127.0.0.1'
    'SERVER_PORT' => '8002'
    'REMOTE_ADDR' => '127.0.0.1'
    'DOCUMENT_ROOT' => '/home/pedro/facul/website-VeiGest/veigest/backend/web'
    'REQUEST_SCHEME' => 'http'
    'CONTEXT_PREFIX' => ''
    'CONTEXT_DOCUMENT_ROOT' => '/home/pedro/facul/website-VeiGest/veigest/backend/web'
    'SERVER_ADMIN' => '[no address given]'
    'SCRIPT_FILENAME' => '/home/pedro/facul/website-VeiGest/veigest/backend/web/index.php'
    'REMOTE_PORT' => '58464'
    'REDIRECT_URL' => '/img/user-placeholder.png'
    'GATEWAY_INTERFACE' => 'CGI/1.1'
    'SERVER_PROTOCOL' => 'HTTP/1.1'
    'REQUEST_METHOD' => 'GET'
    'QUERY_STRING' => ''
    'REQUEST_URI' => '/img/user-placeholder.png'
    'SCRIPT_NAME' => '/index.php'
    'PHP_SELF' => '/index.php'
    'REQUEST_TIME_FLOAT' => 1767646222.5931
    'REQUEST_TIME' => 1767646222
]
2026-01-05 20:50:24 [127.0.0.1][1][46fnuqgdp1h1mi20rqiodkso4i][error][yii\web\HttpException:404] yii\base\InvalidRouteException: Unable to resolve the request "img/user-placeholder.png". in /home/pedro/facul/website-VeiGest/veigest/vendor/yiisoft/yii2/base/Module.php:564
Stack trace:
#0 /home/pedro/facul/website-VeiGest/veigest/vendor/yiisoft/yii2/web/Application.php(103): yii\base\Module->runAction()
#1 /home/pedro/facul/website-VeiGest/veigest/vendor/yiisoft/yii2/base/Application.php(387): yii\web\Application->handleRequest()
#2 /home/pedro/facul/website-VeiGest/veigest/backend/web/index.php(18): yii\base\Application->run()
#3 {main}

Next yii\web\NotFoundHttpException: Page not found. in /home/pedro/facul/website-VeiGest/veigest/vendor/yiisoft/yii2/web/Application.php:115
Stack trace:
#0 /home/pedro/facul/website-VeiGest/veigest/vendor/yiisoft/yii2/base/Application.php(387): yii\web\Application->handleRequest()
#1 /home/pedro/facul/website-VeiGest/veigest/backend/web/index.php(18): yii\base\Application->run()
#2 {main}
2026-01-05 20:50:23 [127.0.0.1][1][46fnuqgdp1h1mi20rqiodkso4i][info][application] $_GET = []

$_POST = []

$_FILES = []

$_COOKIE = [
    '_csrf-backend' => '30205aa6519f3b6b7d86bcd1156b12751eb54ea56b09340cae1eb91dc06c6bd9a:2:{i:0;s:13:\"_csrf-backend\";i:1;s:32:\"NcgruIxUW-azQjsYVEeXi2k0TdhT3AiM\";}'
    'VeiGestSession' => 'mjv9t76r62ptgpabtj3jn8jgil'
    '_identity' => 'a1df9c030acb783c0ce8abdcab79517715c7b2e7ba244215a99942dc5293e062a:2:{i:0;s:9:\"_identity\";i:1;s:46:\"[1,\"0678af5b8ba3c03fd251bb27e44b7760\",2592000]\";}'
]

$_SESSION = [
    '__flash' => []
    '__id' => 1
    '__authKey' => '0678af5b8ba3c03fd251bb27e44b7760'
]

$_SERVER = [
    'REDIRECT_STATUS' => '200'
    'HTTP_HOST' => 'veigestback.dryadlang.org'
    'HTTP_USER_AGENT' => 'Mozilla/5.0 (Windows NT 10.0; Win64; x64; rv:146.0) Gecko/20100101 Firefox/146.0'
    'HTTP_ACCEPT' => 'image/avif,image/webp,image/png,image/svg+xml,image/*;q=0.8,*/*;q=0.5'
    'HTTP_ACCEPT_ENCODING' => 'gzip, br'
    'HTTP_ACCEPT_LANGUAGE' => 'pt-PT,pt;q=0.8,en-US;q=0.5,en;q=0.3'
    'HTTP_CDN_LOOP' => 'cloudflare; loops=1'
    'HTTP_CF_CONNECTING_IP' => '2001:818:e848:8200:24fc:64a9:6d8c:5ccb'
    'HTTP_CF_IPCOUNTRY' => 'PT'
    'HTTP_CF_RAY' => '9b95d903eae6979a-LIS'
    'HTTP_CF_VISITOR' => '{\"scheme\":\"https\"}'
    'HTTP_CF_WARP_TAG_ID' => 'f5bcc1c9-1522-405b-9562-82cfc34acae8'
    'HTTP_CONNECTION' => 'keep-alive'
    'HTTP_COOKIE' => '_csrf-backend=30205aa6519f3b6b7d86bcd1156b12751eb54ea56b09340cae1eb91dc06c6bd9a%3A2%3A%7Bi%3A0%3Bs%3A13%3A%22_csrf-backend%22%3Bi%3A1%3Bs%3A32%3A%22NcgruIxUW-azQjsYVEeXi2k0TdhT3AiM%22%3B%7D; VeiGestSession=mjv9t76r62ptgpabtj3jn8jgil; _identity=a1df9c030acb783c0ce8abdcab79517715c7b2e7ba244215a99942dc5293e062a%3A2%3A%7Bi%3A0%3Bs%3A9%3A%22_identity%22%3Bi%3A1%3Bs%3A46%3A%22%5B1%2C%220678af5b8ba3c03fd251bb27e44b7760%22%2C2592000%5D%22%3B%7D; _identity=a1df9c030acb783c0ce8abdcab79517715c7b2e7ba244215a99942dc5293e062a%3A2%3A%7Bi%3A0%3Bs%3A9%3A%22_identity%22%3Bi%3A1%3Bs%3A46%3A%22%5B1%2C%220678af5b8ba3c03fd251bb27e44b7760%22%2C2592000%5D%22%3B%7D; VeiGestSession=714q8r9516q8j0r4tugoangrn2'
    'HTTP_PRIORITY' => 'u=5, i'
    'HTTP_REFERER' => 'https://veigestback.dryadlang.org/system/settings'
    'HTTP_SEC_FETCH_DEST' => 'image'
    'HTTP_SEC_FETCH_MODE' => 'no-cors'
    'HTTP_SEC_FETCH_SITE' => 'same-origin'
    'HTTP_SEC_GPC' => '1'
    'HTTP_X_FORWARDED_FOR' => '2001:818:e848:8200:24fc:64a9:6d8c:5ccb'
    'HTTP_X_FORWARDED_PROTO' => 'https'
    'PATH' => '/usr/local/sbin:/usr/local/bin:/usr/sbin:/usr/bin:/snap/bin'
    'SERVER_SIGNATURE' => '<address>Apache/2.4.58 (Ubuntu) Server at veigestback.dryadlang.org Port 8002</address>
'
    'SERVER_SOFTWARE' => 'Apache/2.4.58 (Ubuntu)'
    'SERVER_NAME' => 'veigestback.dryadlang.org'
    'SERVER_ADDR' => '127.0.0.1'
    'SERVER_PORT' => '8002'
    'REMOTE_ADDR' => '127.0.0.1'
    'DOCUMENT_ROOT' => '/home/pedro/facul/website-VeiGest/veigest/backend/web'
    'REQUEST_SCHEME' => 'http'
    'CONTEXT_PREFIX' => ''
    'CONTEXT_DOCUMENT_ROOT' => '/home/pedro/facul/website-VeiGest/veigest/backend/web'
    'SERVER_ADMIN' => '[no address given]'
    'SCRIPT_FILENAME' => '/home/pedro/facul/website-VeiGest/veigest/backend/web/index.php'
    'REMOTE_PORT' => '58464'
    'REDIRECT_URL' => '/img/user-placeholder.png'
    'GATEWAY_INTERFACE' => 'CGI/1.1'
    'SERVER_PROTOCOL' => 'HTTP/1.1'
    'REQUEST_METHOD' => 'GET'
    'QUERY_STRING' => ''
    'REQUEST_URI' => '/img/user-placeholder.png'
    'SCRIPT_NAME' => '/index.php'
    'PHP_SELF' => '/index.php'
    'REQUEST_TIME_FLOAT' => 1767646223.9906
    'REQUEST_TIME' => 1767646223
]
2026-01-05 20:50:25 [127.0.0.1][1][580trquaml7ujrvq0nldg3sk29][error][yii\web\HttpException:404] yii\base\InvalidRouteException: Unable to resolve the request "img/user-placeholder.png". in /home/pedro/facul/website-VeiGest/veigest/vendor/yiisoft/yii2/base/Module.php:564
Stack trace:
#0 /home/pedro/facul/website-VeiGest/veigest/vendor/yiisoft/yii2/web/Application.php(103): yii\base\Module->runAction()
#1 /home/pedro/facul/website-VeiGest/veigest/vendor/yiisoft/yii2/base/Application.php(387): yii\web\Application->handleRequest()
#2 /home/pedro/facul/website-VeiGest/veigest/backend/web/index.php(18): yii\base\Application->run()
#3 {main}

Next yii\web\NotFoundHttpException: Page not found. in /home/pedro/facul/website-VeiGest/veigest/vendor/yiisoft/yii2/web/Application.php:115
Stack trace:
#0 /home/pedro/facul/website-VeiGest/veigest/vendor/yiisoft/yii2/base/Application.php(387): yii\web\Application->handleRequest()
#1 /home/pedro/facul/website-VeiGest/veigest/backend/web/index.php(18): yii\base\Application->run()
#2 {main}
2026-01-05 20:50:25 [127.0.0.1][1][580trquaml7ujrvq0nldg3sk29][info][application] $_GET = []

$_POST = []

$_FILES = []

$_COOKIE = [
    '_csrf-backend' => '30205aa6519f3b6b7d86bcd1156b12751eb54ea56b09340cae1eb91dc06c6bd9a:2:{i:0;s:13:\"_csrf-backend\";i:1;s:32:\"NcgruIxUW-azQjsYVEeXi2k0TdhT3AiM\";}'
    'VeiGestSession' => 'mjv9t76r62ptgpabtj3jn8jgil'
    '_identity' => 'a1df9c030acb783c0ce8abdcab79517715c7b2e7ba244215a99942dc5293e062a:2:{i:0;s:9:\"_identity\";i:1;s:46:\"[1,\"0678af5b8ba3c03fd251bb27e44b7760\",2592000]\";}'
]

$_SESSION = [
    '__flash' => []
    '__id' => 1
    '__authKey' => '0678af5b8ba3c03fd251bb27e44b7760'
]

$_SERVER = [
    'REDIRECT_STATUS' => '200'
    'HTTP_HOST' => 'veigestback.dryadlang.org'
    'HTTP_USER_AGENT' => 'Mozilla/5.0 (Windows NT 10.0; Win64; x64; rv:146.0) Gecko/20100101 Firefox/146.0'
    'HTTP_ACCEPT' => 'image/avif,image/webp,image/png,image/svg+xml,image/*;q=0.8,*/*;q=0.5'
    'HTTP_ACCEPT_ENCODING' => 'gzip, br'
    'HTTP_ACCEPT_LANGUAGE' => 'pt-PT,pt;q=0.8,en-US;q=0.5,en;q=0.3'
    'HTTP_CDN_LOOP' => 'cloudflare; loops=1'
    'HTTP_CF_CONNECTING_IP' => '2001:818:e848:8200:24fc:64a9:6d8c:5ccb'
    'HTTP_CF_IPCOUNTRY' => 'PT'
    'HTTP_CF_RAY' => '9b95d90b495d979a-LIS'
    'HTTP_CF_VISITOR' => '{\"scheme\":\"https\"}'
    'HTTP_CF_WARP_TAG_ID' => 'f5bcc1c9-1522-405b-9562-82cfc34acae8'
    'HTTP_CONNECTION' => 'keep-alive'
    'HTTP_COOKIE' => '_csrf-backend=30205aa6519f3b6b7d86bcd1156b12751eb54ea56b09340cae1eb91dc06c6bd9a%3A2%3A%7Bi%3A0%3Bs%3A13%3A%22_csrf-backend%22%3Bi%3A1%3Bs%3A32%3A%22NcgruIxUW-azQjsYVEeXi2k0TdhT3AiM%22%3B%7D; VeiGestSession=mjv9t76r62ptgpabtj3jn8jgil; _identity=a1df9c030acb783c0ce8abdcab79517715c7b2e7ba244215a99942dc5293e062a%3A2%3A%7Bi%3A0%3Bs%3A9%3A%22_identity%22%3Bi%3A1%3Bs%3A46%3A%22%5B1%2C%220678af5b8ba3c03fd251bb27e44b7760%22%2C2592000%5D%22%3B%7D; _identity=a1df9c030acb783c0ce8abdcab79517715c7b2e7ba244215a99942dc5293e062a%3A2%3A%7Bi%3A0%3Bs%3A9%3A%22_identity%22%3Bi%3A1%3Bs%3A46%3A%22%5B1%2C%220678af5b8ba3c03fd251bb27e44b7760%22%2C2592000%5D%22%3B%7D; VeiGestSession=r1q7shh6k9tnv5j6bakhrfa50p'
    'HTTP_PRIORITY' => 'u=5, i'
    'HTTP_REFERER' => 'https://veigestback.dryadlang.org/user/create'
    'HTTP_SEC_FETCH_DEST' => 'image'
    'HTTP_SEC_FETCH_MODE' => 'no-cors'
    'HTTP_SEC_FETCH_SITE' => 'same-origin'
    'HTTP_SEC_GPC' => '1'
    'HTTP_X_FORWARDED_FOR' => '2001:818:e848:8200:24fc:64a9:6d8c:5ccb'
    'HTTP_X_FORWARDED_PROTO' => 'https'
    'PATH' => '/usr/local/sbin:/usr/local/bin:/usr/sbin:/usr/bin:/snap/bin'
    'SERVER_SIGNATURE' => '<address>Apache/2.4.58 (Ubuntu) Server at veigestback.dryadlang.org Port 8002</address>
'
    'SERVER_SOFTWARE' => 'Apache/2.4.58 (Ubuntu)'
    'SERVER_NAME' => 'veigestback.dryadlang.org'
    'SERVER_ADDR' => '127.0.0.1'
    'SERVER_PORT' => '8002'
    'REMOTE_ADDR' => '127.0.0.1'
    'DOCUMENT_ROOT' => '/home/pedro/facul/website-VeiGest/veigest/backend/web'
    'REQUEST_SCHEME' => 'http'
    'CONTEXT_PREFIX' => ''
    'CONTEXT_DOCUMENT_ROOT' => '/home/pedro/facul/website-VeiGest/veigest/backend/web'
    'SERVER_ADMIN' => '[no address given]'
    'SCRIPT_FILENAME' => '/home/pedro/facul/website-VeiGest/veigest/backend/web/index.php'
    'REMOTE_PORT' => '58464'
    'REDIRECT_URL' => '/img/user-placeholder.png'
    'GATEWAY_INTERFACE' => 'CGI/1.1'
    'SERVER_PROTOCOL' => 'HTTP/1.1'
    'REQUEST_METHOD' => 'GET'
    'QUERY_STRING' => ''
    'REQUEST_URI' => '/img/user-placeholder.png'
    'SCRIPT_NAME' => '/index.php'
    'PHP_SELF' => '/index.php'
    'REQUEST_TIME_FLOAT' => 1767646225.1752
    'REQUEST_TIME' => 1767646225
]
2026-01-05 20:50:27 [127.0.0.1][1][8fgm073u91lsa4karci1f2p1t0][error][yii\web\HttpException:404] yii\base\InvalidRouteException: Unable to resolve the request "img/user-placeholder.png". in /home/pedro/facul/website-VeiGest/veigest/vendor/yiisoft/yii2/base/Module.php:564
Stack trace:
#0 /home/pedro/facul/website-VeiGest/veigest/vendor/yiisoft/yii2/web/Application.php(103): yii\base\Module->runAction()
#1 /home/pedro/facul/website-VeiGest/veigest/vendor/yiisoft/yii2/base/Application.php(387): yii\web\Application->handleRequest()
#2 /home/pedro/facul/website-VeiGest/veigest/backend/web/index.php(18): yii\base\Application->run()
#3 {main}

Next yii\web\NotFoundHttpException: Page not found. in /home/pedro/facul/website-VeiGest/veigest/vendor/yiisoft/yii2/web/Application.php:115
Stack trace:
#0 /home/pedro/facul/website-VeiGest/veigest/vendor/yiisoft/yii2/base/Application.php(387): yii\web\Application->handleRequest()
#1 /home/pedro/facul/website-VeiGest/veigest/backend/web/index.php(18): yii\base\Application->run()
#2 {main}
2026-01-05 20:50:27 [127.0.0.1][1][8fgm073u91lsa4karci1f2p1t0][info][application] $_GET = []

$_POST = []

$_FILES = []

$_COOKIE = [
    '_csrf-backend' => '30205aa6519f3b6b7d86bcd1156b12751eb54ea56b09340cae1eb91dc06c6bd9a:2:{i:0;s:13:\"_csrf-backend\";i:1;s:32:\"NcgruIxUW-azQjsYVEeXi2k0TdhT3AiM\";}'
    'VeiGestSession' => 'mjv9t76r62ptgpabtj3jn8jgil'
    '_identity' => 'a1df9c030acb783c0ce8abdcab79517715c7b2e7ba244215a99942dc5293e062a:2:{i:0;s:9:\"_identity\";i:1;s:46:\"[1,\"0678af5b8ba3c03fd251bb27e44b7760\",2592000]\";}'
]

$_SESSION = [
    '__flash' => []
    '__id' => 1
    '__authKey' => '0678af5b8ba3c03fd251bb27e44b7760'
]

$_SERVER = [
    'REDIRECT_STATUS' => '200'
    'HTTP_HOST' => 'veigestback.dryadlang.org'
    'HTTP_USER_AGENT' => 'Mozilla/5.0 (Windows NT 10.0; Win64; x64; rv:146.0) Gecko/20100101 Firefox/146.0'
    'HTTP_ACCEPT' => 'image/avif,image/webp,image/png,image/svg+xml,image/*;q=0.8,*/*;q=0.5'
    'HTTP_ACCEPT_ENCODING' => 'gzip, br'
    'HTTP_ACCEPT_LANGUAGE' => 'pt-PT,pt;q=0.8,en-US;q=0.5,en;q=0.3'
    'HTTP_CDN_LOOP' => 'cloudflare; loops=1'
    'HTTP_CF_CONNECTING_IP' => '2001:818:e848:8200:24fc:64a9:6d8c:5ccb'
    'HTTP_CF_IPCOUNTRY' => 'PT'
    'HTTP_CF_RAY' => '9b95d91af800979a-LIS'
    'HTTP_CF_VISITOR' => '{\"scheme\":\"https\"}'
    'HTTP_CF_WARP_TAG_ID' => 'f5bcc1c9-1522-405b-9562-82cfc34acae8'
    'HTTP_CONNECTION' => 'keep-alive'
    'HTTP_COOKIE' => '_csrf-backend=30205aa6519f3b6b7d86bcd1156b12751eb54ea56b09340cae1eb91dc06c6bd9a%3A2%3A%7Bi%3A0%3Bs%3A13%3A%22_csrf-backend%22%3Bi%3A1%3Bs%3A32%3A%22NcgruIxUW-azQjsYVEeXi2k0TdhT3AiM%22%3B%7D; VeiGestSession=mjv9t76r62ptgpabtj3jn8jgil; _identity=a1df9c030acb783c0ce8abdcab79517715c7b2e7ba244215a99942dc5293e062a%3A2%3A%7Bi%3A0%3Bs%3A9%3A%22_identity%22%3Bi%3A1%3Bs%3A46%3A%22%5B1%2C%220678af5b8ba3c03fd251bb27e44b7760%22%2C2592000%5D%22%3B%7D; _identity=a1df9c030acb783c0ce8abdcab79517715c7b2e7ba244215a99942dc5293e062a%3A2%3A%7Bi%3A0%3Bs%3A9%3A%22_identity%22%3Bi%3A1%3Bs%3A46%3A%22%5B1%2C%220678af5b8ba3c03fd251bb27e44b7760%22%2C2592000%5D%22%3B%7D; VeiGestSession=om9e407q6b6j3pv6albp0407r1'
    'HTTP_PRIORITY' => 'u=5, i'
    'HTTP_REFERER' => 'https://veigestback.dryadlang.org/system/settings'
    'HTTP_SEC_FETCH_DEST' => 'image'
    'HTTP_SEC_FETCH_MODE' => 'no-cors'
    'HTTP_SEC_FETCH_SITE' => 'same-origin'
    'HTTP_SEC_GPC' => '1'
    'HTTP_X_FORWARDED_FOR' => '2001:818:e848:8200:24fc:64a9:6d8c:5ccb'
    'HTTP_X_FORWARDED_PROTO' => 'https'
    'PATH' => '/usr/local/sbin:/usr/local/bin:/usr/sbin:/usr/bin:/snap/bin'
    'SERVER_SIGNATURE' => '<address>Apache/2.4.58 (Ubuntu) Server at veigestback.dryadlang.org Port 8002</address>
'
    'SERVER_SOFTWARE' => 'Apache/2.4.58 (Ubuntu)'
    'SERVER_NAME' => 'veigestback.dryadlang.org'
    'SERVER_ADDR' => '127.0.0.1'
    'SERVER_PORT' => '8002'
    'REMOTE_ADDR' => '127.0.0.1'
    'DOCUMENT_ROOT' => '/home/pedro/facul/website-VeiGest/veigest/backend/web'
    'REQUEST_SCHEME' => 'http'
    'CONTEXT_PREFIX' => ''
    'CONTEXT_DOCUMENT_ROOT' => '/home/pedro/facul/website-VeiGest/veigest/backend/web'
    'SERVER_ADMIN' => '[no address given]'
    'SCRIPT_FILENAME' => '/home/pedro/facul/website-VeiGest/veigest/backend/web/index.php'
    'REMOTE_PORT' => '58464'
    'REDIRECT_URL' => '/img/user-placeholder.png'
    'GATEWAY_INTERFACE' => 'CGI/1.1'
    'SERVER_PROTOCOL' => 'HTTP/1.1'
    'REQUEST_METHOD' => 'GET'
    'QUERY_STRING' => ''
    'REQUEST_URI' => '/img/user-placeholder.png'
    'SCRIPT_NAME' => '/index.php'
    'PHP_SELF' => '/index.php'
    'REQUEST_TIME_FLOAT' => 1767646227.6905
    'REQUEST_TIME' => 1767646227
]
2026-01-05 20:50:29 [127.0.0.1][1][tvdhu96pk6f1sec0m0sb6k2g5a][error][yii\web\HttpException:404] yii\base\InvalidRouteException: Unable to resolve the request "img/user-placeholder.png". in /home/pedro/facul/website-VeiGest/veigest/vendor/yiisoft/yii2/base/Module.php:564
Stack trace:
#0 /home/pedro/facul/website-VeiGest/veigest/vendor/yiisoft/yii2/web/Application.php(103): yii\base\Module->runAction()
#1 /home/pedro/facul/website-VeiGest/veigest/vendor/yiisoft/yii2/base/Application.php(387): yii\web\Application->handleRequest()
#2 /home/pedro/facul/website-VeiGest/veigest/backend/web/index.php(18): yii\base\Application->run()
#3 {main}

Next yii\web\NotFoundHttpException: Page not found. in /home/pedro/facul/website-VeiGest/veigest/vendor/yiisoft/yii2/web/Application.php:115
Stack trace:
#0 /home/pedro/facul/website-VeiGest/veigest/vendor/yiisoft/yii2/base/Application.php(387): yii\web\Application->handleRequest()
#1 /home/pedro/facul/website-VeiGest/veigest/backend/web/index.php(18): yii\base\Application->run()
#2 {main}
2026-01-05 20:50:29 [127.0.0.1][1][tvdhu96pk6f1sec0m0sb6k2g5a][info][application] $_GET = []

$_POST = []

$_FILES = []

$_COOKIE = [
    '_csrf-backend' => '30205aa6519f3b6b7d86bcd1156b12751eb54ea56b09340cae1eb91dc06c6bd9a:2:{i:0;s:13:\"_csrf-backend\";i:1;s:32:\"NcgruIxUW-azQjsYVEeXi2k0TdhT3AiM\";}'
    'VeiGestSession' => 'mjv9t76r62ptgpabtj3jn8jgil'
    '_identity' => 'a1df9c030acb783c0ce8abdcab79517715c7b2e7ba244215a99942dc5293e062a:2:{i:0;s:9:\"_identity\";i:1;s:46:\"[1,\"0678af5b8ba3c03fd251bb27e44b7760\",2592000]\";}'
]

$_SESSION = [
    '__flash' => []
    '__id' => 1
    '__authKey' => '0678af5b8ba3c03fd251bb27e44b7760'
]

$_SERVER = [
    'REDIRECT_STATUS' => '200'
    'HTTP_HOST' => 'veigestback.dryadlang.org'
    'HTTP_USER_AGENT' => 'Mozilla/5.0 (Windows NT 10.0; Win64; x64; rv:146.0) Gecko/20100101 Firefox/146.0'
    'HTTP_ACCEPT' => 'image/avif,image/webp,image/png,image/svg+xml,image/*;q=0.8,*/*;q=0.5'
    'HTTP_ACCEPT_ENCODING' => 'gzip, br'
    'HTTP_ACCEPT_LANGUAGE' => 'pt-PT,pt;q=0.8,en-US;q=0.5,en;q=0.3'
    'HTTP_CDN_LOOP' => 'cloudflare; loops=1'
    'HTTP_CF_CONNECTING_IP' => '2001:818:e848:8200:24fc:64a9:6d8c:5ccb'
    'HTTP_CF_IPCOUNTRY' => 'PT'
    'HTTP_CF_RAY' => '9b95d9240ba2979a-LIS'
    'HTTP_CF_VISITOR' => '{\"scheme\":\"https\"}'
    'HTTP_CF_WARP_TAG_ID' => 'f5bcc1c9-1522-405b-9562-82cfc34acae8'
    'HTTP_CONNECTION' => 'keep-alive'
    'HTTP_COOKIE' => '_csrf-backend=30205aa6519f3b6b7d86bcd1156b12751eb54ea56b09340cae1eb91dc06c6bd9a%3A2%3A%7Bi%3A0%3Bs%3A13%3A%22_csrf-backend%22%3Bi%3A1%3Bs%3A32%3A%22NcgruIxUW-azQjsYVEeXi2k0TdhT3AiM%22%3B%7D; VeiGestSession=mjv9t76r62ptgpabtj3jn8jgil; _identity=a1df9c030acb783c0ce8abdcab79517715c7b2e7ba244215a99942dc5293e062a%3A2%3A%7Bi%3A0%3Bs%3A9%3A%22_identity%22%3Bi%3A1%3Bs%3A46%3A%22%5B1%2C%220678af5b8ba3c03fd251bb27e44b7760%22%2C2592000%5D%22%3B%7D; _identity=a1df9c030acb783c0ce8abdcab79517715c7b2e7ba244215a99942dc5293e062a%3A2%3A%7Bi%3A0%3Bs%3A9%3A%22_identity%22%3Bi%3A1%3Bs%3A46%3A%22%5B1%2C%220678af5b8ba3c03fd251bb27e44b7760%22%2C2592000%5D%22%3B%7D; VeiGestSession=mmcar9orimpb0uia5r4vmrn7t9'
    'HTTP_PRIORITY' => 'u=4, i'
    'HTTP_REFERER' => 'https://veigestback.dryadlang.org/user/index'
    'HTTP_SEC_FETCH_DEST' => 'image'
    'HTTP_SEC_FETCH_MODE' => 'no-cors'
    'HTTP_SEC_FETCH_SITE' => 'same-origin'
    'HTTP_SEC_GPC' => '1'
    'HTTP_X_FORWARDED_FOR' => '2001:818:e848:8200:24fc:64a9:6d8c:5ccb'
    'HTTP_X_FORWARDED_PROTO' => 'https'
    'PATH' => '/usr/local/sbin:/usr/local/bin:/usr/sbin:/usr/bin:/snap/bin'
    'SERVER_SIGNATURE' => '<address>Apache/2.4.58 (Ubuntu) Server at veigestback.dryadlang.org Port 8002</address>
'
    'SERVER_SOFTWARE' => 'Apache/2.4.58 (Ubuntu)'
    'SERVER_NAME' => 'veigestback.dryadlang.org'
    'SERVER_ADDR' => '127.0.0.1'
    'SERVER_PORT' => '8002'
    'REMOTE_ADDR' => '127.0.0.1'
    'DOCUMENT_ROOT' => '/home/pedro/facul/website-VeiGest/veigest/backend/web'
    'REQUEST_SCHEME' => 'http'
    'CONTEXT_PREFIX' => ''
    'CONTEXT_DOCUMENT_ROOT' => '/home/pedro/facul/website-VeiGest/veigest/backend/web'
    'SERVER_ADMIN' => '[no address given]'
    'SCRIPT_FILENAME' => '/home/pedro/facul/website-VeiGest/veigest/backend/web/index.php'
    'REMOTE_PORT' => '58464'
    'REDIRECT_URL' => '/img/user-placeholder.png'
    'GATEWAY_INTERFACE' => 'CGI/1.1'
    'SERVER_PROTOCOL' => 'HTTP/1.1'
    'REQUEST_METHOD' => 'GET'
    'QUERY_STRING' => ''
    'REQUEST_URI' => '/img/user-placeholder.png'
    'SCRIPT_NAME' => '/index.php'
    'PHP_SELF' => '/index.php'
    'REQUEST_TIME_FLOAT' => 1767646229.1368
    'REQUEST_TIME' => 1767646229
]
2026-01-05 20:50:30 [127.0.0.1][1][280spsodc4nh8gkpvr1sgoknpk][error][yii\web\HttpException:404] yii\base\InvalidRouteException: Unable to resolve the request "img/user-placeholder.png". in /home/pedro/facul/website-VeiGest/veigest/vendor/yiisoft/yii2/base/Module.php:564
Stack trace:
#0 /home/pedro/facul/website-VeiGest/veigest/vendor/yiisoft/yii2/web/Application.php(103): yii\base\Module->runAction()
#1 /home/pedro/facul/website-VeiGest/veigest/vendor/yiisoft/yii2/base/Application.php(387): yii\web\Application->handleRequest()
#2 /home/pedro/facul/website-VeiGest/veigest/backend/web/index.php(18): yii\base\Application->run()
#3 {main}

Next yii\web\NotFoundHttpException: Page not found. in /home/pedro/facul/website-VeiGest/veigest/vendor/yiisoft/yii2/web/Application.php:115
Stack trace:
#0 /home/pedro/facul/website-VeiGest/veigest/vendor/yiisoft/yii2/base/Application.php(387): yii\web\Application->handleRequest()
#1 /home/pedro/facul/website-VeiGest/veigest/backend/web/index.php(18): yii\base\Application->run()
#2 {main}
2026-01-05 20:50:30 [127.0.0.1][1][280spsodc4nh8gkpvr1sgoknpk][info][application] $_GET = []

$_POST = []

$_FILES = []

$_COOKIE = [
    '_csrf-backend' => '30205aa6519f3b6b7d86bcd1156b12751eb54ea56b09340cae1eb91dc06c6bd9a:2:{i:0;s:13:\"_csrf-backend\";i:1;s:32:\"NcgruIxUW-azQjsYVEeXi2k0TdhT3AiM\";}'
    'VeiGestSession' => 'mjv9t76r62ptgpabtj3jn8jgil'
    '_identity' => 'a1df9c030acb783c0ce8abdcab79517715c7b2e7ba244215a99942dc5293e062a:2:{i:0;s:9:\"_identity\";i:1;s:46:\"[1,\"0678af5b8ba3c03fd251bb27e44b7760\",2592000]\";}'
]

$_SESSION = [
    '__flash' => []
    '__id' => 1
    '__authKey' => '0678af5b8ba3c03fd251bb27e44b7760'
]

$_SERVER = [
    'REDIRECT_STATUS' => '200'
    'HTTP_HOST' => 'veigestback.dryadlang.org'
    'HTTP_USER_AGENT' => 'Mozilla/5.0 (Windows NT 10.0; Win64; x64; rv:146.0) Gecko/20100101 Firefox/146.0'
    'HTTP_ACCEPT' => 'image/avif,image/webp,image/png,image/svg+xml,image/*;q=0.8,*/*;q=0.5'
    'HTTP_ACCEPT_ENCODING' => 'gzip, br'
    'HTTP_ACCEPT_LANGUAGE' => 'pt-PT,pt;q=0.8,en-US;q=0.5,en;q=0.3'
    'HTTP_CDN_LOOP' => 'cloudflare; loops=1'
    'HTTP_CF_CONNECTING_IP' => '2001:818:e848:8200:24fc:64a9:6d8c:5ccb'
    'HTTP_CF_IPCOUNTRY' => 'PT'
    'HTTP_CF_RAY' => '9b95d92cefd8979a-LIS'
    'HTTP_CF_VISITOR' => '{\"scheme\":\"https\"}'
    'HTTP_CF_WARP_TAG_ID' => 'f5bcc1c9-1522-405b-9562-82cfc34acae8'
    'HTTP_CONNECTION' => 'keep-alive'
    'HTTP_COOKIE' => '_csrf-backend=30205aa6519f3b6b7d86bcd1156b12751eb54ea56b09340cae1eb91dc06c6bd9a%3A2%3A%7Bi%3A0%3Bs%3A13%3A%22_csrf-backend%22%3Bi%3A1%3Bs%3A32%3A%22NcgruIxUW-azQjsYVEeXi2k0TdhT3AiM%22%3B%7D; VeiGestSession=mjv9t76r62ptgpabtj3jn8jgil; _identity=a1df9c030acb783c0ce8abdcab79517715c7b2e7ba244215a99942dc5293e062a%3A2%3A%7Bi%3A0%3Bs%3A9%3A%22_identity%22%3Bi%3A1%3Bs%3A46%3A%22%5B1%2C%220678af5b8ba3c03fd251bb27e44b7760%22%2C2592000%5D%22%3B%7D; _identity=a1df9c030acb783c0ce8abdcab79517715c7b2e7ba244215a99942dc5293e062a%3A2%3A%7Bi%3A0%3Bs%3A9%3A%22_identity%22%3Bi%3A1%3Bs%3A46%3A%22%5B1%2C%220678af5b8ba3c03fd251bb27e44b7760%22%2C2592000%5D%22%3B%7D; VeiGestSession=nqsmkckf167hfe377d6e8sofi7'
    'HTTP_PRIORITY' => 'u=5, i'
    'HTTP_REFERER' => 'https://veigestback.dryadlang.org/user/update?id=1'
    'HTTP_SEC_FETCH_DEST' => 'image'
    'HTTP_SEC_FETCH_MODE' => 'no-cors'
    'HTTP_SEC_FETCH_SITE' => 'same-origin'
    'HTTP_SEC_GPC' => '1'
    'HTTP_X_FORWARDED_FOR' => '2001:818:e848:8200:24fc:64a9:6d8c:5ccb'
    'HTTP_X_FORWARDED_PROTO' => 'https'
    'PATH' => '/usr/local/sbin:/usr/local/bin:/usr/sbin:/usr/bin:/snap/bin'
    'SERVER_SIGNATURE' => '<address>Apache/2.4.58 (Ubuntu) Server at veigestback.dryadlang.org Port 8002</address>
'
    'SERVER_SOFTWARE' => 'Apache/2.4.58 (Ubuntu)'
    'SERVER_NAME' => 'veigestback.dryadlang.org'
    'SERVER_ADDR' => '127.0.0.1'
    'SERVER_PORT' => '8002'
    'REMOTE_ADDR' => '127.0.0.1'
    'DOCUMENT_ROOT' => '/home/pedro/facul/website-VeiGest/veigest/backend/web'
    'REQUEST_SCHEME' => 'http'
    'CONTEXT_PREFIX' => ''
    'CONTEXT_DOCUMENT_ROOT' => '/home/pedro/facul/website-VeiGest/veigest/backend/web'
    'SERVER_ADMIN' => '[no address given]'
    'SCRIPT_FILENAME' => '/home/pedro/facul/website-VeiGest/veigest/backend/web/index.php'
    'REMOTE_PORT' => '58464'
    'REDIRECT_URL' => '/img/user-placeholder.png'
    'GATEWAY_INTERFACE' => 'CGI/1.1'
    'SERVER_PROTOCOL' => 'HTTP/1.1'
    'REQUEST_METHOD' => 'GET'
    'QUERY_STRING' => ''
    'REQUEST_URI' => '/img/user-placeholder.png'
    'SCRIPT_NAME' => '/index.php'
    'PHP_SELF' => '/index.php'
    'REQUEST_TIME_FLOAT' => 1767646230.5577
    'REQUEST_TIME' => 1767646230
]
2026-01-05 20:50:32 [127.0.0.1][1][p3hbjjcfp6pbjlhr7euftah1sb][error][yii\web\HttpException:404] yii\base\InvalidRouteException: Unable to resolve the request "img/user-placeholder.png". in /home/pedro/facul/website-VeiGest/veigest/vendor/yiisoft/yii2/base/Module.php:564
Stack trace:
#0 /home/pedro/facul/website-VeiGest/veigest/vendor/yiisoft/yii2/web/Application.php(103): yii\base\Module->runAction()
#1 /home/pedro/facul/website-VeiGest/veigest/vendor/yiisoft/yii2/base/Application.php(387): yii\web\Application->handleRequest()
#2 /home/pedro/facul/website-VeiGest/veigest/backend/web/index.php(18): yii\base\Application->run()
#3 {main}

Next yii\web\NotFoundHttpException: Page not found. in /home/pedro/facul/website-VeiGest/veigest/vendor/yiisoft/yii2/web/Application.php:115
Stack trace:
#0 /home/pedro/facul/website-VeiGest/veigest/vendor/yiisoft/yii2/base/Application.php(387): yii\web\Application->handleRequest()
#1 /home/pedro/facul/website-VeiGest/veigest/backend/web/index.php(18): yii\base\Application->run()
#2 {main}
2026-01-05 20:50:32 [127.0.0.1][1][p3hbjjcfp6pbjlhr7euftah1sb][info][application] $_GET = []

$_POST = []

$_FILES = []

$_COOKIE = [
    '_csrf-backend' => '30205aa6519f3b6b7d86bcd1156b12751eb54ea56b09340cae1eb91dc06c6bd9a:2:{i:0;s:13:\"_csrf-backend\";i:1;s:32:\"NcgruIxUW-azQjsYVEeXi2k0TdhT3AiM\";}'
    'VeiGestSession' => 'mjv9t76r62ptgpabtj3jn8jgil'
    '_identity' => 'a1df9c030acb783c0ce8abdcab79517715c7b2e7ba244215a99942dc5293e062a:2:{i:0;s:9:\"_identity\";i:1;s:46:\"[1,\"0678af5b8ba3c03fd251bb27e44b7760\",2592000]\";}'
]

$_SESSION = [
    '__flash' => []
    '__id' => 1
    '__authKey' => '0678af5b8ba3c03fd251bb27e44b7760'
]

$_SERVER = [
    'REDIRECT_STATUS' => '200'
    'HTTP_HOST' => 'veigestback.dryadlang.org'
    'HTTP_USER_AGENT' => 'Mozilla/5.0 (Windows NT 10.0; Win64; x64; rv:146.0) Gecko/20100101 Firefox/146.0'
    'HTTP_ACCEPT' => 'image/avif,image/webp,image/png,image/svg+xml,image/*;q=0.8,*/*;q=0.5'
    'HTTP_ACCEPT_ENCODING' => 'gzip, br'
    'HTTP_ACCEPT_LANGUAGE' => 'pt-PT,pt;q=0.8,en-US;q=0.5,en;q=0.3'
    'HTTP_CDN_LOOP' => 'cloudflare; loops=1'
    'HTTP_CF_CONNECTING_IP' => '2001:818:e848:8200:24fc:64a9:6d8c:5ccb'
    'HTTP_CF_IPCOUNTRY' => 'PT'
    'HTTP_CF_RAY' => '9b95d9382b68979a-LIS'
    'HTTP_CF_VISITOR' => '{\"scheme\":\"https\"}'
    'HTTP_CF_WARP_TAG_ID' => 'f5bcc1c9-1522-405b-9562-82cfc34acae8'
    'HTTP_CONNECTION' => 'keep-alive'
    'HTTP_COOKIE' => '_csrf-backend=30205aa6519f3b6b7d86bcd1156b12751eb54ea56b09340cae1eb91dc06c6bd9a%3A2%3A%7Bi%3A0%3Bs%3A13%3A%22_csrf-backend%22%3Bi%3A1%3Bs%3A32%3A%22NcgruIxUW-azQjsYVEeXi2k0TdhT3AiM%22%3B%7D; VeiGestSession=mjv9t76r62ptgpabtj3jn8jgil; _identity=a1df9c030acb783c0ce8abdcab79517715c7b2e7ba244215a99942dc5293e062a%3A2%3A%7Bi%3A0%3Bs%3A9%3A%22_identity%22%3Bi%3A1%3Bs%3A46%3A%22%5B1%2C%220678af5b8ba3c03fd251bb27e44b7760%22%2C2592000%5D%22%3B%7D; _identity=a1df9c030acb783c0ce8abdcab79517715c7b2e7ba244215a99942dc5293e062a%3A2%3A%7Bi%3A0%3Bs%3A9%3A%22_identity%22%3Bi%3A1%3Bs%3A46%3A%22%5B1%2C%220678af5b8ba3c03fd251bb27e44b7760%22%2C2592000%5D%22%3B%7D; VeiGestSession=rso8pc28ve6268idec40khk298'
    'HTTP_PRIORITY' => 'u=5, i'
    'HTTP_REFERER' => 'https://veigestback.dryadlang.org/system/settings'
    'HTTP_SEC_FETCH_DEST' => 'image'
    'HTTP_SEC_FETCH_MODE' => 'no-cors'
    'HTTP_SEC_FETCH_SITE' => 'same-origin'
    'HTTP_SEC_GPC' => '1'
    'HTTP_X_FORWARDED_FOR' => '2001:818:e848:8200:24fc:64a9:6d8c:5ccb'
    'HTTP_X_FORWARDED_PROTO' => 'https'
    'PATH' => '/usr/local/sbin:/usr/local/bin:/usr/sbin:/usr/bin:/snap/bin'
    'SERVER_SIGNATURE' => '<address>Apache/2.4.58 (Ubuntu) Server at veigestback.dryadlang.org Port 8002</address>
'
    'SERVER_SOFTWARE' => 'Apache/2.4.58 (Ubuntu)'
    'SERVER_NAME' => 'veigestback.dryadlang.org'
    'SERVER_ADDR' => '127.0.0.1'
    'SERVER_PORT' => '8002'
    'REMOTE_ADDR' => '127.0.0.1'
    'DOCUMENT_ROOT' => '/home/pedro/facul/website-VeiGest/veigest/backend/web'
    'REQUEST_SCHEME' => 'http'
    'CONTEXT_PREFIX' => ''
    'CONTEXT_DOCUMENT_ROOT' => '/home/pedro/facul/website-VeiGest/veigest/backend/web'
    'SERVER_ADMIN' => '[no address given]'
    'SCRIPT_FILENAME' => '/home/pedro/facul/website-VeiGest/veigest/backend/web/index.php'
    'REMOTE_PORT' => '58464'
    'REDIRECT_URL' => '/img/user-placeholder.png'
    'GATEWAY_INTERFACE' => 'CGI/1.1'
    'SERVER_PROTOCOL' => 'HTTP/1.1'
    'REQUEST_METHOD' => 'GET'
    'QUERY_STRING' => ''
    'REQUEST_URI' => '/img/user-placeholder.png'
    'SCRIPT_NAME' => '/index.php'
    'PHP_SELF' => '/index.php'
    'REQUEST_TIME_FLOAT' => 1767646232.352
    'REQUEST_TIME' => 1767646232
]
2026-01-05 20:50:34 [127.0.0.1][1][omeel880amf8i6r3r8m3c517qi][error][yii\web\HttpException:404] yii\base\InvalidRouteException: Unable to resolve the request "img/user-placeholder.png". in /home/pedro/facul/website-VeiGest/veigest/vendor/yiisoft/yii2/base/Module.php:564
Stack trace:
#0 /home/pedro/facul/website-VeiGest/veigest/vendor/yiisoft/yii2/web/Application.php(103): yii\base\Module->runAction()
#1 /home/pedro/facul/website-VeiGest/veigest/vendor/yiisoft/yii2/base/Application.php(387): yii\web\Application->handleRequest()
#2 /home/pedro/facul/website-VeiGest/veigest/backend/web/index.php(18): yii\base\Application->run()
#3 {main}

Next yii\web\NotFoundHttpException: Page not found. in /home/pedro/facul/website-VeiGest/veigest/vendor/yiisoft/yii2/web/Application.php:115
Stack trace:
#0 /home/pedro/facul/website-VeiGest/veigest/vendor/yiisoft/yii2/base/Application.php(387): yii\web\Application->handleRequest()
#1 /home/pedro/facul/website-VeiGest/veigest/backend/web/index.php(18): yii\base\Application->run()
#2 {main}
2026-01-05 20:50:34 [127.0.0.1][1][omeel880amf8i6r3r8m3c517qi][info][application] $_GET = []

$_POST = []

$_FILES = []

$_COOKIE = [
    '_csrf-backend' => '30205aa6519f3b6b7d86bcd1156b12751eb54ea56b09340cae1eb91dc06c6bd9a:2:{i:0;s:13:\"_csrf-backend\";i:1;s:32:\"NcgruIxUW-azQjsYVEeXi2k0TdhT3AiM\";}'
    'VeiGestSession' => 'mjv9t76r62ptgpabtj3jn8jgil'
    '_identity' => 'a1df9c030acb783c0ce8abdcab79517715c7b2e7ba244215a99942dc5293e062a:2:{i:0;s:9:\"_identity\";i:1;s:46:\"[1,\"0678af5b8ba3c03fd251bb27e44b7760\",2592000]\";}'
]

$_SESSION = [
    '__flash' => []
    '__id' => 1
    '__authKey' => '0678af5b8ba3c03fd251bb27e44b7760'
]

$_SERVER = [
    'REDIRECT_STATUS' => '200'
    'HTTP_HOST' => 'veigestback.dryadlang.org'
    'HTTP_USER_AGENT' => 'Mozilla/5.0 (Windows NT 10.0; Win64; x64; rv:146.0) Gecko/20100101 Firefox/146.0'
    'HTTP_ACCEPT' => 'image/avif,image/webp,image/png,image/svg+xml,image/*;q=0.8,*/*;q=0.5'
    'HTTP_ACCEPT_ENCODING' => 'gzip, br'
    'HTTP_ACCEPT_LANGUAGE' => 'pt-PT,pt;q=0.8,en-US;q=0.5,en;q=0.3'
    'HTTP_CDN_LOOP' => 'cloudflare; loops=1'
    'HTTP_CF_CONNECTING_IP' => '2001:818:e848:8200:24fc:64a9:6d8c:5ccb'
    'HTTP_CF_IPCOUNTRY' => 'PT'
    'HTTP_CF_RAY' => '9b95d943c9c3979a-LIS'
    'HTTP_CF_VISITOR' => '{\"scheme\":\"https\"}'
    'HTTP_CF_WARP_TAG_ID' => 'f5bcc1c9-1522-405b-9562-82cfc34acae8'
    'HTTP_CONNECTION' => 'keep-alive'
    'HTTP_COOKIE' => '_csrf-backend=30205aa6519f3b6b7d86bcd1156b12751eb54ea56b09340cae1eb91dc06c6bd9a%3A2%3A%7Bi%3A0%3Bs%3A13%3A%22_csrf-backend%22%3Bi%3A1%3Bs%3A32%3A%22NcgruIxUW-azQjsYVEeXi2k0TdhT3AiM%22%3B%7D; VeiGestSession=mjv9t76r62ptgpabtj3jn8jgil; _identity=a1df9c030acb783c0ce8abdcab79517715c7b2e7ba244215a99942dc5293e062a%3A2%3A%7Bi%3A0%3Bs%3A9%3A%22_identity%22%3Bi%3A1%3Bs%3A46%3A%22%5B1%2C%220678af5b8ba3c03fd251bb27e44b7760%22%2C2592000%5D%22%3B%7D; _identity=a1df9c030acb783c0ce8abdcab79517715c7b2e7ba244215a99942dc5293e062a%3A2%3A%7Bi%3A0%3Bs%3A9%3A%22_identity%22%3Bi%3A1%3Bs%3A46%3A%22%5B1%2C%220678af5b8ba3c03fd251bb27e44b7760%22%2C2592000%5D%22%3B%7D; VeiGestSession=lhqupsbu30g9lbp71rdukafqdn'
    'HTTP_PRIORITY' => 'u=5, i'
    'HTTP_REFERER' => 'https://veigestback.dryadlang.org/user/index'
    'HTTP_SEC_FETCH_DEST' => 'image'
    'HTTP_SEC_FETCH_MODE' => 'no-cors'
    'HTTP_SEC_FETCH_SITE' => 'same-origin'
    'HTTP_SEC_GPC' => '1'
    'HTTP_X_FORWARDED_FOR' => '2001:818:e848:8200:24fc:64a9:6d8c:5ccb'
    'HTTP_X_FORWARDED_PROTO' => 'https'
    'PATH' => '/usr/local/sbin:/usr/local/bin:/usr/sbin:/usr/bin:/snap/bin'
    'SERVER_SIGNATURE' => '<address>Apache/2.4.58 (Ubuntu) Server at veigestback.dryadlang.org Port 8002</address>
'
    'SERVER_SOFTWARE' => 'Apache/2.4.58 (Ubuntu)'
    'SERVER_NAME' => 'veigestback.dryadlang.org'
    'SERVER_ADDR' => '127.0.0.1'
    'SERVER_PORT' => '8002'
    'REMOTE_ADDR' => '127.0.0.1'
    'DOCUMENT_ROOT' => '/home/pedro/facul/website-VeiGest/veigest/backend/web'
    'REQUEST_SCHEME' => 'http'
    'CONTEXT_PREFIX' => ''
    'CONTEXT_DOCUMENT_ROOT' => '/home/pedro/facul/website-VeiGest/veigest/backend/web'
    'SERVER_ADMIN' => '[no address given]'
    'SCRIPT_FILENAME' => '/home/pedro/facul/website-VeiGest/veigest/backend/web/index.php'
    'REMOTE_PORT' => '58464'
    'REDIRECT_URL' => '/img/user-placeholder.png'
    'GATEWAY_INTERFACE' => 'CGI/1.1'
    'SERVER_PROTOCOL' => 'HTTP/1.1'
    'REQUEST_METHOD' => 'GET'
    'QUERY_STRING' => ''
    'REQUEST_URI' => '/img/user-placeholder.png'
    'SCRIPT_NAME' => '/index.php'
    'PHP_SELF' => '/index.php'
    'REQUEST_TIME_FLOAT' => 1767646234.2096
    'REQUEST_TIME' => 1767646234
]
2026-01-05 20:50:35 [127.0.0.1][1][snjke2mgh9fju2a3kftjnl1a2g][error][yii\web\HttpException:404] yii\base\InvalidRouteException: Unable to resolve the request "img/user-placeholder.png". in /home/pedro/facul/website-VeiGest/veigest/vendor/yiisoft/yii2/base/Module.php:564
Stack trace:
#0 /home/pedro/facul/website-VeiGest/veigest/vendor/yiisoft/yii2/web/Application.php(103): yii\base\Module->runAction()
#1 /home/pedro/facul/website-VeiGest/veigest/vendor/yiisoft/yii2/base/Application.php(387): yii\web\Application->handleRequest()
#2 /home/pedro/facul/website-VeiGest/veigest/backend/web/index.php(18): yii\base\Application->run()
#3 {main}

Next yii\web\NotFoundHttpException: Page not found. in /home/pedro/facul/website-VeiGest/veigest/vendor/yiisoft/yii2/web/Application.php:115
Stack trace:
#0 /home/pedro/facul/website-VeiGest/veigest/vendor/yiisoft/yii2/base/Application.php(387): yii\web\Application->handleRequest()
#1 /home/pedro/facul/website-VeiGest/veigest/backend/web/index.php(18): yii\base\Application->run()
#2 {main}
2026-01-05 20:50:35 [127.0.0.1][1][snjke2mgh9fju2a3kftjnl1a2g][info][application] $_GET = []

$_POST = []

$_FILES = []

$_COOKIE = [
    '_csrf-backend' => '30205aa6519f3b6b7d86bcd1156b12751eb54ea56b09340cae1eb91dc06c6bd9a:2:{i:0;s:13:\"_csrf-backend\";i:1;s:32:\"NcgruIxUW-azQjsYVEeXi2k0TdhT3AiM\";}'
    'VeiGestSession' => 'mjv9t76r62ptgpabtj3jn8jgil'
    '_identity' => 'a1df9c030acb783c0ce8abdcab79517715c7b2e7ba244215a99942dc5293e062a:2:{i:0;s:9:\"_identity\";i:1;s:46:\"[1,\"0678af5b8ba3c03fd251bb27e44b7760\",2592000]\";}'
]

$_SESSION = [
    '__flash' => []
    '__id' => 1
    '__authKey' => '0678af5b8ba3c03fd251bb27e44b7760'
]

$_SERVER = [
    'REDIRECT_STATUS' => '200'
    'HTTP_HOST' => 'veigestback.dryadlang.org'
    'HTTP_USER_AGENT' => 'Mozilla/5.0 (Windows NT 10.0; Win64; x64; rv:146.0) Gecko/20100101 Firefox/146.0'
    'HTTP_ACCEPT' => 'image/avif,image/webp,image/png,image/svg+xml,image/*;q=0.8,*/*;q=0.5'
    'HTTP_ACCEPT_ENCODING' => 'gzip, br'
    'HTTP_ACCEPT_LANGUAGE' => 'pt-PT,pt;q=0.8,en-US;q=0.5,en;q=0.3'
    'HTTP_CDN_LOOP' => 'cloudflare; loops=1'
    'HTTP_CF_CONNECTING_IP' => '2001:818:e848:8200:24fc:64a9:6d8c:5ccb'
    'HTTP_CF_IPCOUNTRY' => 'PT'
    'HTTP_CF_RAY' => '9b95d94b0d91979a-LIS'
    'HTTP_CF_VISITOR' => '{\"scheme\":\"https\"}'
    'HTTP_CF_WARP_TAG_ID' => 'f5bcc1c9-1522-405b-9562-82cfc34acae8'
    'HTTP_CONNECTION' => 'keep-alive'
    'HTTP_COOKIE' => '_csrf-backend=30205aa6519f3b6b7d86bcd1156b12751eb54ea56b09340cae1eb91dc06c6bd9a%3A2%3A%7Bi%3A0%3Bs%3A13%3A%22_csrf-backend%22%3Bi%3A1%3Bs%3A32%3A%22NcgruIxUW-azQjsYVEeXi2k0TdhT3AiM%22%3B%7D; VeiGestSession=mjv9t76r62ptgpabtj3jn8jgil; _identity=a1df9c030acb783c0ce8abdcab79517715c7b2e7ba244215a99942dc5293e062a%3A2%3A%7Bi%3A0%3Bs%3A9%3A%22_identity%22%3Bi%3A1%3Bs%3A46%3A%22%5B1%2C%220678af5b8ba3c03fd251bb27e44b7760%22%2C2592000%5D%22%3B%7D; _identity=a1df9c030acb783c0ce8abdcab79517715c7b2e7ba244215a99942dc5293e062a%3A2%3A%7Bi%3A0%3Bs%3A9%3A%22_identity%22%3Bi%3A1%3Bs%3A46%3A%22%5B1%2C%220678af5b8ba3c03fd251bb27e44b7760%22%2C2592000%5D%22%3B%7D; VeiGestSession=h1lu5lts5eq0pdp0c1lfp7og6g'
    'HTTP_PRIORITY' => 'u=5, i'
    'HTTP_REFERER' => 'https://veigestback.dryadlang.org/user/view?id=1'
    'HTTP_SEC_FETCH_DEST' => 'image'
    'HTTP_SEC_FETCH_MODE' => 'no-cors'
    'HTTP_SEC_FETCH_SITE' => 'same-origin'
    'HTTP_SEC_GPC' => '1'
    'HTTP_X_FORWARDED_FOR' => '2001:818:e848:8200:24fc:64a9:6d8c:5ccb'
    'HTTP_X_FORWARDED_PROTO' => 'https'
    'PATH' => '/usr/local/sbin:/usr/local/bin:/usr/sbin:/usr/bin:/snap/bin'
    'SERVER_SIGNATURE' => '<address>Apache/2.4.58 (Ubuntu) Server at veigestback.dryadlang.org Port 8002</address>
'
    'SERVER_SOFTWARE' => 'Apache/2.4.58 (Ubuntu)'
    'SERVER_NAME' => 'veigestback.dryadlang.org'
    'SERVER_ADDR' => '127.0.0.1'
    'SERVER_PORT' => '8002'
    'REMOTE_ADDR' => '127.0.0.1'
    'DOCUMENT_ROOT' => '/home/pedro/facul/website-VeiGest/veigest/backend/web'
    'REQUEST_SCHEME' => 'http'
    'CONTEXT_PREFIX' => ''
    'CONTEXT_DOCUMENT_ROOT' => '/home/pedro/facul/website-VeiGest/veigest/backend/web'
    'SERVER_ADMIN' => '[no address given]'
    'SCRIPT_FILENAME' => '/home/pedro/facul/website-VeiGest/veigest/backend/web/index.php'
    'REMOTE_PORT' => '58464'
    'REDIRECT_URL' => '/img/user-placeholder.png'
    'GATEWAY_INTERFACE' => 'CGI/1.1'
    'SERVER_PROTOCOL' => 'HTTP/1.1'
    'REQUEST_METHOD' => 'GET'
    'QUERY_STRING' => ''
    'REQUEST_URI' => '/img/user-placeholder.png'
    'SCRIPT_NAME' => '/index.php'
    'PHP_SELF' => '/index.php'
    'REQUEST_TIME_FLOAT' => 1767646235.3708
    'REQUEST_TIME' => 1767646235
]
2026-01-05 20:50:37 [127.0.0.1][1][6pt4k7s2n32ob02gtc3n0n1p8i][error][yii\web\HttpException:404] yii\base\InvalidRouteException: Unable to resolve the request "img/user-placeholder.png". in /home/pedro/facul/website-VeiGest/veigest/vendor/yiisoft/yii2/base/Module.php:564
Stack trace:
#0 /home/pedro/facul/website-VeiGest/veigest/vendor/yiisoft/yii2/web/Application.php(103): yii\base\Module->runAction()
#1 /home/pedro/facul/website-VeiGest/veigest/vendor/yiisoft/yii2/base/Application.php(387): yii\web\Application->handleRequest()
#2 /home/pedro/facul/website-VeiGest/veigest/backend/web/index.php(18): yii\base\Application->run()
#3 {main}

Next yii\web\NotFoundHttpException: Page not found. in /home/pedro/facul/website-VeiGest/veigest/vendor/yiisoft/yii2/web/Application.php:115
Stack trace:
#0 /home/pedro/facul/website-VeiGest/veigest/vendor/yiisoft/yii2/base/Application.php(387): yii\web\Application->handleRequest()
#1 /home/pedro/facul/website-VeiGest/veigest/backend/web/index.php(18): yii\base\Application->run()
#2 {main}
2026-01-05 20:50:37 [127.0.0.1][1][6pt4k7s2n32ob02gtc3n0n1p8i][info][application] $_GET = []

$_POST = []

$_FILES = []

$_COOKIE = [
    '_csrf-backend' => '30205aa6519f3b6b7d86bcd1156b12751eb54ea56b09340cae1eb91dc06c6bd9a:2:{i:0;s:13:\"_csrf-backend\";i:1;s:32:\"NcgruIxUW-azQjsYVEeXi2k0TdhT3AiM\";}'
    'VeiGestSession' => 'mjv9t76r62ptgpabtj3jn8jgil'
    '_identity' => 'a1df9c030acb783c0ce8abdcab79517715c7b2e7ba244215a99942dc5293e062a:2:{i:0;s:9:\"_identity\";i:1;s:46:\"[1,\"0678af5b8ba3c03fd251bb27e44b7760\",2592000]\";}'
]

$_SESSION = [
    '__flash' => []
    '__id' => 1
    '__authKey' => '0678af5b8ba3c03fd251bb27e44b7760'
]

$_SERVER = [
    'REDIRECT_STATUS' => '200'
    'HTTP_HOST' => 'veigestback.dryadlang.org'
    'HTTP_USER_AGENT' => 'Mozilla/5.0 (Windows NT 10.0; Win64; x64; rv:146.0) Gecko/20100101 Firefox/146.0'
    'HTTP_ACCEPT' => 'image/avif,image/webp,image/png,image/svg+xml,image/*;q=0.8,*/*;q=0.5'
    'HTTP_ACCEPT_ENCODING' => 'gzip, br'
    'HTTP_ACCEPT_LANGUAGE' => 'pt-PT,pt;q=0.8,en-US;q=0.5,en;q=0.3'
    'HTTP_CDN_LOOP' => 'cloudflare; loops=1'
    'HTTP_CF_CONNECTING_IP' => '2001:818:e848:8200:24fc:64a9:6d8c:5ccb'
    'HTTP_CF_IPCOUNTRY' => 'PT'
    'HTTP_CF_RAY' => '9b95d958fa13979a-LIS'
    'HTTP_CF_VISITOR' => '{\"scheme\":\"https\"}'
    'HTTP_CF_WARP_TAG_ID' => 'f5bcc1c9-1522-405b-9562-82cfc34acae8'
    'HTTP_CONNECTION' => 'keep-alive'
    'HTTP_COOKIE' => '_csrf-backend=30205aa6519f3b6b7d86bcd1156b12751eb54ea56b09340cae1eb91dc06c6bd9a%3A2%3A%7Bi%3A0%3Bs%3A13%3A%22_csrf-backend%22%3Bi%3A1%3Bs%3A32%3A%22NcgruIxUW-azQjsYVEeXi2k0TdhT3AiM%22%3B%7D; VeiGestSession=mjv9t76r62ptgpabtj3jn8jgil; _identity=a1df9c030acb783c0ce8abdcab79517715c7b2e7ba244215a99942dc5293e062a%3A2%3A%7Bi%3A0%3Bs%3A9%3A%22_identity%22%3Bi%3A1%3Bs%3A46%3A%22%5B1%2C%220678af5b8ba3c03fd251bb27e44b7760%22%2C2592000%5D%22%3B%7D; _identity=a1df9c030acb783c0ce8abdcab79517715c7b2e7ba244215a99942dc5293e062a%3A2%3A%7Bi%3A0%3Bs%3A9%3A%22_identity%22%3Bi%3A1%3Bs%3A46%3A%22%5B1%2C%220678af5b8ba3c03fd251bb27e44b7760%22%2C2592000%5D%22%3B%7D; VeiGestSession=iddj4ojqn8j40bg30h9b6bvcni'
    'HTTP_PRIORITY' => 'u=4, i'
    'HTTP_REFERER' => 'https://veigestback.dryadlang.org/site/index'
    'HTTP_SEC_FETCH_DEST' => 'image'
    'HTTP_SEC_FETCH_MODE' => 'no-cors'
    'HTTP_SEC_FETCH_SITE' => 'same-origin'
    'HTTP_SEC_GPC' => '1'
    'HTTP_X_FORWARDED_FOR' => '2001:818:e848:8200:24fc:64a9:6d8c:5ccb'
    'HTTP_X_FORWARDED_PROTO' => 'https'
    'PATH' => '/usr/local/sbin:/usr/local/bin:/usr/sbin:/usr/bin:/snap/bin'
    'SERVER_SIGNATURE' => '<address>Apache/2.4.58 (Ubuntu) Server at veigestback.dryadlang.org Port 8002</address>
'
    'SERVER_SOFTWARE' => 'Apache/2.4.58 (Ubuntu)'
    'SERVER_NAME' => 'veigestback.dryadlang.org'
    'SERVER_ADDR' => '127.0.0.1'
    'SERVER_PORT' => '8002'
    'REMOTE_ADDR' => '127.0.0.1'
    'DOCUMENT_ROOT' => '/home/pedro/facul/website-VeiGest/veigest/backend/web'
    'REQUEST_SCHEME' => 'http'
    'CONTEXT_PREFIX' => ''
    'CONTEXT_DOCUMENT_ROOT' => '/home/pedro/facul/website-VeiGest/veigest/backend/web'
    'SERVER_ADMIN' => '[no address given]'
    'SCRIPT_FILENAME' => '/home/pedro/facul/website-VeiGest/veigest/backend/web/index.php'
    'REMOTE_PORT' => '58464'
    'REDIRECT_URL' => '/img/user-placeholder.png'
    'GATEWAY_INTERFACE' => 'CGI/1.1'
    'SERVER_PROTOCOL' => 'HTTP/1.1'
    'REQUEST_METHOD' => 'GET'
    'QUERY_STRING' => ''
    'REQUEST_URI' => '/img/user-placeholder.png'
    'SCRIPT_NAME' => '/index.php'
    'PHP_SELF' => '/index.php'
    'REQUEST_TIME_FLOAT' => 1767646237.6064
    'REQUEST_TIME' => 1767646237
]
2026-01-05 20:50:38 [127.0.0.1][1][vcnlebu4htve9s79p8np6dtrt0][error][yii\web\HttpException:404] yii\base\InvalidRouteException: Unable to resolve the request "img/user-placeholder.png". in /home/pedro/facul/website-VeiGest/veigest/vendor/yiisoft/yii2/base/Module.php:564
Stack trace:
#0 /home/pedro/facul/website-VeiGest/veigest/vendor/yiisoft/yii2/web/Application.php(103): yii\base\Module->runAction()
#1 /home/pedro/facul/website-VeiGest/veigest/vendor/yiisoft/yii2/base/Application.php(387): yii\web\Application->handleRequest()
#2 /home/pedro/facul/website-VeiGest/veigest/backend/web/index.php(18): yii\base\Application->run()
#3 {main}

Next yii\web\NotFoundHttpException: Page not found. in /home/pedro/facul/website-VeiGest/veigest/vendor/yiisoft/yii2/web/Application.php:115
Stack trace:
#0 /home/pedro/facul/website-VeiGest/veigest/vendor/yiisoft/yii2/base/Application.php(387): yii\web\Application->handleRequest()
#1 /home/pedro/facul/website-VeiGest/veigest/backend/web/index.php(18): yii\base\Application->run()
#2 {main}
2026-01-05 20:50:38 [127.0.0.1][1][vcnlebu4htve9s79p8np6dtrt0][info][application] $_GET = []

$_POST = []

$_FILES = []

$_COOKIE = [
    '_csrf-backend' => '30205aa6519f3b6b7d86bcd1156b12751eb54ea56b09340cae1eb91dc06c6bd9a:2:{i:0;s:13:\"_csrf-backend\";i:1;s:32:\"NcgruIxUW-azQjsYVEeXi2k0TdhT3AiM\";}'
    'VeiGestSession' => 'mjv9t76r62ptgpabtj3jn8jgil'
    '_identity' => 'a1df9c030acb783c0ce8abdcab79517715c7b2e7ba244215a99942dc5293e062a:2:{i:0;s:9:\"_identity\";i:1;s:46:\"[1,\"0678af5b8ba3c03fd251bb27e44b7760\",2592000]\";}'
]

$_SESSION = [
    '__flash' => []
    '__id' => 1
    '__authKey' => '0678af5b8ba3c03fd251bb27e44b7760'
]

$_SERVER = [
    'REDIRECT_STATUS' => '200'
    'HTTP_HOST' => 'veigestback.dryadlang.org'
    'HTTP_USER_AGENT' => 'Mozilla/5.0 (Windows NT 10.0; Win64; x64; rv:146.0) Gecko/20100101 Firefox/146.0'
    'HTTP_ACCEPT' => 'image/avif,image/webp,image/png,image/svg+xml,image/*;q=0.8,*/*;q=0.5'
    'HTTP_ACCEPT_ENCODING' => 'gzip, br'
    'HTTP_ACCEPT_LANGUAGE' => 'pt-PT,pt;q=0.8,en-US;q=0.5,en;q=0.3'
    'HTTP_CDN_LOOP' => 'cloudflare; loops=1'
    'HTTP_CF_CONNECTING_IP' => '2001:818:e848:8200:24fc:64a9:6d8c:5ccb'
    'HTTP_CF_IPCOUNTRY' => 'PT'
    'HTTP_CF_RAY' => '9b95d95fddd8979a-LIS'
    'HTTP_CF_VISITOR' => '{\"scheme\":\"https\"}'
    'HTTP_CF_WARP_TAG_ID' => 'f5bcc1c9-1522-405b-9562-82cfc34acae8'
    'HTTP_CONNECTION' => 'keep-alive'
    'HTTP_COOKIE' => '_csrf-backend=30205aa6519f3b6b7d86bcd1156b12751eb54ea56b09340cae1eb91dc06c6bd9a%3A2%3A%7Bi%3A0%3Bs%3A13%3A%22_csrf-backend%22%3Bi%3A1%3Bs%3A32%3A%22NcgruIxUW-azQjsYVEeXi2k0TdhT3AiM%22%3B%7D; VeiGestSession=mjv9t76r62ptgpabtj3jn8jgil; _identity=a1df9c030acb783c0ce8abdcab79517715c7b2e7ba244215a99942dc5293e062a%3A2%3A%7Bi%3A0%3Bs%3A9%3A%22_identity%22%3Bi%3A1%3Bs%3A46%3A%22%5B1%2C%220678af5b8ba3c03fd251bb27e44b7760%22%2C2592000%5D%22%3B%7D; _identity=a1df9c030acb783c0ce8abdcab79517715c7b2e7ba244215a99942dc5293e062a%3A2%3A%7Bi%3A0%3Bs%3A9%3A%22_identity%22%3Bi%3A1%3Bs%3A46%3A%22%5B1%2C%220678af5b8ba3c03fd251bb27e44b7760%22%2C2592000%5D%22%3B%7D; VeiGestSession=j7o8lr8tj59bl4msj0s78n403b'
    'HTTP_PRIORITY' => 'u=4, i'
    'HTTP_REFERER' => 'https://veigestback.dryadlang.org/user/view?id=1'
    'HTTP_SEC_FETCH_DEST' => 'image'
    'HTTP_SEC_FETCH_MODE' => 'no-cors'
    'HTTP_SEC_FETCH_SITE' => 'same-origin'
    'HTTP_SEC_GPC' => '1'
    'HTTP_X_FORWARDED_FOR' => '2001:818:e848:8200:24fc:64a9:6d8c:5ccb'
    'HTTP_X_FORWARDED_PROTO' => 'https'
    'PATH' => '/usr/local/sbin:/usr/local/bin:/usr/sbin:/usr/bin:/snap/bin'
    'SERVER_SIGNATURE' => '<address>Apache/2.4.58 (Ubuntu) Server at veigestback.dryadlang.org Port 8002</address>
'
    'SERVER_SOFTWARE' => 'Apache/2.4.58 (Ubuntu)'
    'SERVER_NAME' => 'veigestback.dryadlang.org'
    'SERVER_ADDR' => '127.0.0.1'
    'SERVER_PORT' => '8002'
    'REMOTE_ADDR' => '127.0.0.1'
    'DOCUMENT_ROOT' => '/home/pedro/facul/website-VeiGest/veigest/backend/web'
    'REQUEST_SCHEME' => 'http'
    'CONTEXT_PREFIX' => ''
    'CONTEXT_DOCUMENT_ROOT' => '/home/pedro/facul/website-VeiGest/veigest/backend/web'
    'SERVER_ADMIN' => '[no address given]'
    'SCRIPT_FILENAME' => '/home/pedro/facul/website-VeiGest/veigest/backend/web/index.php'
    'REMOTE_PORT' => '58464'
    'REDIRECT_URL' => '/img/user-placeholder.png'
    'GATEWAY_INTERFACE' => 'CGI/1.1'
    'SERVER_PROTOCOL' => 'HTTP/1.1'
    'REQUEST_METHOD' => 'GET'
    'QUERY_STRING' => ''
    'REQUEST_URI' => '/img/user-placeholder.png'
    'SCRIPT_NAME' => '/index.php'
    'PHP_SELF' => '/index.php'
    'REQUEST_TIME_FLOAT' => 1767646238.7052
    'REQUEST_TIME' => 1767646238
]
2026-01-05 20:50:39 [127.0.0.1][1][rhbd610joejluh0gbsbangm98g][error][yii\web\HttpException:404] yii\base\InvalidRouteException: Unable to resolve the request "img/user-placeholder.png". in /home/pedro/facul/website-VeiGest/veigest/vendor/yiisoft/yii2/base/Module.php:564
Stack trace:
#0 /home/pedro/facul/website-VeiGest/veigest/vendor/yiisoft/yii2/web/Application.php(103): yii\base\Module->runAction()
#1 /home/pedro/facul/website-VeiGest/veigest/vendor/yiisoft/yii2/base/Application.php(387): yii\web\Application->handleRequest()
#2 /home/pedro/facul/website-VeiGest/veigest/backend/web/index.php(18): yii\base\Application->run()
#3 {main}

Next yii\web\NotFoundHttpException: Page not found. in /home/pedro/facul/website-VeiGest/veigest/vendor/yiisoft/yii2/web/Application.php:115
Stack trace:
#0 /home/pedro/facul/website-VeiGest/veigest/vendor/yiisoft/yii2/base/Application.php(387): yii\web\Application->handleRequest()
#1 /home/pedro/facul/website-VeiGest/veigest/backend/web/index.php(18): yii\base\Application->run()
#2 {main}
2026-01-05 20:50:39 [127.0.0.1][1][rhbd610joejluh0gbsbangm98g][info][application] $_GET = []

$_POST = []

$_FILES = []

$_COOKIE = [
    '_csrf-backend' => '30205aa6519f3b6b7d86bcd1156b12751eb54ea56b09340cae1eb91dc06c6bd9a:2:{i:0;s:13:\"_csrf-backend\";i:1;s:32:\"NcgruIxUW-azQjsYVEeXi2k0TdhT3AiM\";}'
    'VeiGestSession' => 'mjv9t76r62ptgpabtj3jn8jgil'
    '_identity' => 'a1df9c030acb783c0ce8abdcab79517715c7b2e7ba244215a99942dc5293e062a:2:{i:0;s:9:\"_identity\";i:1;s:46:\"[1,\"0678af5b8ba3c03fd251bb27e44b7760\",2592000]\";}'
]

$_SESSION = [
    '__flash' => []
    '__id' => 1
    '__authKey' => '0678af5b8ba3c03fd251bb27e44b7760'
]

$_SERVER = [
    'REDIRECT_STATUS' => '200'
    'HTTP_HOST' => 'veigestback.dryadlang.org'
    'HTTP_USER_AGENT' => 'Mozilla/5.0 (Windows NT 10.0; Win64; x64; rv:146.0) Gecko/20100101 Firefox/146.0'
    'HTTP_ACCEPT' => 'image/avif,image/webp,image/png,image/svg+xml,image/*;q=0.8,*/*;q=0.5'
    'HTTP_ACCEPT_ENCODING' => 'gzip, br'
    'HTTP_ACCEPT_LANGUAGE' => 'pt-PT,pt;q=0.8,en-US;q=0.5,en;q=0.3'
    'HTTP_CDN_LOOP' => 'cloudflare; loops=1'
    'HTTP_CF_CONNECTING_IP' => '2001:818:e848:8200:24fc:64a9:6d8c:5ccb'
    'HTTP_CF_IPCOUNTRY' => 'PT'
    'HTTP_CF_RAY' => '9b95d964c856979a-LIS'
    'HTTP_CF_VISITOR' => '{\"scheme\":\"https\"}'
    'HTTP_CF_WARP_TAG_ID' => 'f5bcc1c9-1522-405b-9562-82cfc34acae8'
    'HTTP_CONNECTION' => 'keep-alive'
    'HTTP_COOKIE' => '_csrf-backend=30205aa6519f3b6b7d86bcd1156b12751eb54ea56b09340cae1eb91dc06c6bd9a%3A2%3A%7Bi%3A0%3Bs%3A13%3A%22_csrf-backend%22%3Bi%3A1%3Bs%3A32%3A%22NcgruIxUW-azQjsYVEeXi2k0TdhT3AiM%22%3B%7D; VeiGestSession=mjv9t76r62ptgpabtj3jn8jgil; _identity=a1df9c030acb783c0ce8abdcab79517715c7b2e7ba244215a99942dc5293e062a%3A2%3A%7Bi%3A0%3Bs%3A9%3A%22_identity%22%3Bi%3A1%3Bs%3A46%3A%22%5B1%2C%220678af5b8ba3c03fd251bb27e44b7760%22%2C2592000%5D%22%3B%7D; _identity=a1df9c030acb783c0ce8abdcab79517715c7b2e7ba244215a99942dc5293e062a%3A2%3A%7Bi%3A0%3Bs%3A9%3A%22_identity%22%3Bi%3A1%3Bs%3A46%3A%22%5B1%2C%220678af5b8ba3c03fd251bb27e44b7760%22%2C2592000%5D%22%3B%7D; VeiGestSession=d3hekpcradbm7dspj3th4f342h'
    'HTTP_PRIORITY' => 'u=5, i'
    'HTTP_REFERER' => 'https://veigestback.dryadlang.org/user/index'
    'HTTP_SEC_FETCH_DEST' => 'image'
    'HTTP_SEC_FETCH_MODE' => 'no-cors'
    'HTTP_SEC_FETCH_SITE' => 'same-origin'
    'HTTP_SEC_GPC' => '1'
    'HTTP_X_FORWARDED_FOR' => '2001:818:e848:8200:24fc:64a9:6d8c:5ccb'
    'HTTP_X_FORWARDED_PROTO' => 'https'
    'PATH' => '/usr/local/sbin:/usr/local/bin:/usr/sbin:/usr/bin:/snap/bin'
    'SERVER_SIGNATURE' => '<address>Apache/2.4.58 (Ubuntu) Server at veigestback.dryadlang.org Port 8002</address>
'
    'SERVER_SOFTWARE' => 'Apache/2.4.58 (Ubuntu)'
    'SERVER_NAME' => 'veigestback.dryadlang.org'
    'SERVER_ADDR' => '127.0.0.1'
    'SERVER_PORT' => '8002'
    'REMOTE_ADDR' => '127.0.0.1'
    'DOCUMENT_ROOT' => '/home/pedro/facul/website-VeiGest/veigest/backend/web'
    'REQUEST_SCHEME' => 'http'
    'CONTEXT_PREFIX' => ''
    'CONTEXT_DOCUMENT_ROOT' => '/home/pedro/facul/website-VeiGest/veigest/backend/web'
    'SERVER_ADMIN' => '[no address given]'
    'SCRIPT_FILENAME' => '/home/pedro/facul/website-VeiGest/veigest/backend/web/index.php'
    'REMOTE_PORT' => '58464'
    'REDIRECT_URL' => '/img/user-placeholder.png'
    'GATEWAY_INTERFACE' => 'CGI/1.1'
    'SERVER_PROTOCOL' => 'HTTP/1.1'
    'REQUEST_METHOD' => 'GET'
    'QUERY_STRING' => ''
    'REQUEST_URI' => '/img/user-placeholder.png'
    'SCRIPT_NAME' => '/index.php'
    'PHP_SELF' => '/index.php'
    'REQUEST_TIME_FLOAT' => 1767646239.4932
    'REQUEST_TIME' => 1767646239
]
2026-01-05 20:58:23 [127.0.0.1][1][uca92u312gv2r57452c8dao8ke][error][yii\web\HttpException:404] yii\base\InvalidRouteException: Unable to resolve the request "img/user-placeholder.png". in /home/pedro/facul/website-VeiGest/veigest/vendor/yiisoft/yii2/base/Module.php:564
Stack trace:
#0 /home/pedro/facul/website-VeiGest/veigest/vendor/yiisoft/yii2/web/Application.php(103): yii\base\Module->runAction()
#1 /home/pedro/facul/website-VeiGest/veigest/vendor/yiisoft/yii2/base/Application.php(387): yii\web\Application->handleRequest()
#2 /home/pedro/facul/website-VeiGest/veigest/backend/web/index.php(18): yii\base\Application->run()
#3 {main}

Next yii\web\NotFoundHttpException: Page not found. in /home/pedro/facul/website-VeiGest/veigest/vendor/yiisoft/yii2/web/Application.php:115
Stack trace:
#0 /home/pedro/facul/website-VeiGest/veigest/vendor/yiisoft/yii2/base/Application.php(387): yii\web\Application->handleRequest()
#1 /home/pedro/facul/website-VeiGest/veigest/backend/web/index.php(18): yii\base\Application->run()
#2 {main}
2026-01-05 20:58:23 [127.0.0.1][1][uca92u312gv2r57452c8dao8ke][info][application] $_GET = []

$_POST = []

$_FILES = []

$_COOKIE = [
    '_csrf-backend' => '30205aa6519f3b6b7d86bcd1156b12751eb54ea56b09340cae1eb91dc06c6bd9a:2:{i:0;s:13:\"_csrf-backend\";i:1;s:32:\"NcgruIxUW-azQjsYVEeXi2k0TdhT3AiM\";}'
    'VeiGestSession' => 'mjv9t76r62ptgpabtj3jn8jgil'
    '_identity' => 'a1df9c030acb783c0ce8abdcab79517715c7b2e7ba244215a99942dc5293e062a:2:{i:0;s:9:\"_identity\";i:1;s:46:\"[1,\"0678af5b8ba3c03fd251bb27e44b7760\",2592000]\";}'
]

$_SESSION = [
    '__flash' => []
    '__id' => 1
    '__authKey' => '0678af5b8ba3c03fd251bb27e44b7760'
]

$_SERVER = [
    'REDIRECT_STATUS' => '200'
    'HTTP_HOST' => 'veigestback.dryadlang.org'
    'HTTP_USER_AGENT' => 'Mozilla/5.0 (Windows NT 10.0; Win64; x64; rv:146.0) Gecko/20100101 Firefox/146.0'
    'HTTP_ACCEPT' => 'image/avif,image/webp,image/png,image/svg+xml,image/*;q=0.8,*/*;q=0.5'
    'HTTP_ACCEPT_ENCODING' => 'gzip, br'
    'HTTP_ACCEPT_LANGUAGE' => 'pt-PT,pt;q=0.8,en-US;q=0.5,en;q=0.3'
    'HTTP_CDN_LOOP' => 'cloudflare; loops=1'
    'HTTP_CF_CONNECTING_IP' => '2001:818:e848:8200:24fc:64a9:6d8c:5ccb'
    'HTTP_CF_IPCOUNTRY' => 'PT'
    'HTTP_CF_RAY' => '9b95e4b6d908e3cd-LIS'
    'HTTP_CF_VISITOR' => '{\"scheme\":\"https\"}'
    'HTTP_CF_WARP_TAG_ID' => 'f5bcc1c9-1522-405b-9562-82cfc34acae8'
    'HTTP_CONNECTION' => 'keep-alive'
    'HTTP_COOKIE' => '_csrf-backend=30205aa6519f3b6b7d86bcd1156b12751eb54ea56b09340cae1eb91dc06c6bd9a%3A2%3A%7Bi%3A0%3Bs%3A13%3A%22_csrf-backend%22%3Bi%3A1%3Bs%3A32%3A%22NcgruIxUW-azQjsYVEeXi2k0TdhT3AiM%22%3B%7D; VeiGestSession=mjv9t76r62ptgpabtj3jn8jgil; _identity=a1df9c030acb783c0ce8abdcab79517715c7b2e7ba244215a99942dc5293e062a%3A2%3A%7Bi%3A0%3Bs%3A9%3A%22_identity%22%3Bi%3A1%3Bs%3A46%3A%22%5B1%2C%220678af5b8ba3c03fd251bb27e44b7760%22%2C2592000%5D%22%3B%7D; VeiGestSession=gafb0bgrgnae4makvl06djhoda; _identity=a1df9c030acb783c0ce8abdcab79517715c7b2e7ba244215a99942dc5293e062a%3A2%3A%7Bi%3A0%3Bs%3A9%3A%22_identity%22%3Bi%3A1%3Bs%3A46%3A%22%5B1%2C%220678af5b8ba3c03fd251bb27e44b7760%22%2C2592000%5D%22%3B%7D'
    'HTTP_PRIORITY' => 'u=5, i'
    'HTTP_REFERER' => 'https://veigestback.dryadlang.org/'
    'HTTP_SEC_FETCH_DEST' => 'image'
    'HTTP_SEC_FETCH_MODE' => 'no-cors'
    'HTTP_SEC_FETCH_SITE' => 'same-origin'
    'HTTP_SEC_GPC' => '1'
    'HTTP_X_FORWARDED_FOR' => '2001:818:e848:8200:24fc:64a9:6d8c:5ccb'
    'HTTP_X_FORWARDED_PROTO' => 'https'
    'PATH' => '/usr/local/sbin:/usr/local/bin:/usr/sbin:/usr/bin:/snap/bin'
    'SERVER_SIGNATURE' => '<address>Apache/2.4.58 (Ubuntu) Server at veigestback.dryadlang.org Port 8002</address>
'
    'SERVER_SOFTWARE' => 'Apache/2.4.58 (Ubuntu)'
    'SERVER_NAME' => 'veigestback.dryadlang.org'
    'SERVER_ADDR' => '127.0.0.1'
    'SERVER_PORT' => '8002'
    'REMOTE_ADDR' => '127.0.0.1'
    'DOCUMENT_ROOT' => '/home/pedro/facul/website-VeiGest/veigest/backend/web'
    'REQUEST_SCHEME' => 'http'
    'CONTEXT_PREFIX' => ''
    'CONTEXT_DOCUMENT_ROOT' => '/home/pedro/facul/website-VeiGest/veigest/backend/web'
    'SERVER_ADMIN' => '[no address given]'
    'SCRIPT_FILENAME' => '/home/pedro/facul/website-VeiGest/veigest/backend/web/index.php'
    'REMOTE_PORT' => '54046'
    'REDIRECT_URL' => '/img/user-placeholder.png'
    'GATEWAY_INTERFACE' => 'CGI/1.1'
    'SERVER_PROTOCOL' => 'HTTP/1.1'
    'REQUEST_METHOD' => 'GET'
    'QUERY_STRING' => ''
    'REQUEST_URI' => '/img/user-placeholder.png'
    'SCRIPT_NAME' => '/index.php'
    'PHP_SELF' => '/index.php'
    'REQUEST_TIME_FLOAT' => 1767646703.1857
    'REQUEST_TIME' => 1767646703
]
2026-01-05 21:56:16 [127.0.0.1][-][mjv9t76r62ptgpabtj3jn8jgil][error][yii\web\HttpException:400] yii\web\BadRequestHttpException: Unable to verify your data submission. in /home/pedro/facul/website-VeiGest/veigest/vendor/yiisoft/yii2/web/Controller.php:320
Stack trace:
#0 /home/pedro/facul/website-VeiGest/veigest/vendor/yiisoft/yii2/base/Controller.php(182): yii\web\Controller->beforeAction()
#1 /home/pedro/facul/website-VeiGest/veigest/vendor/yiisoft/yii2/base/Module.php(555): yii\base\Controller->runAction()
#2 /home/pedro/facul/website-VeiGest/veigest/vendor/yiisoft/yii2/web/Application.php(103): yii\base\Module->runAction()
#3 /home/pedro/facul/website-VeiGest/veigest/vendor/yiisoft/yii2/base/Application.php(387): yii\web\Application->handleRequest()
#4 /home/pedro/facul/website-VeiGest/veigest/backend/web/index.php(18): yii\base\Application->run()
#5 {main}
2026-01-05 21:56:16 [127.0.0.1][-][mjv9t76r62ptgpabtj3jn8jgil][info][application] $_GET = []

$_POST = [
    '_csrf' => 'T7c7dKnRW6cFd-u01T7O2fEVBjlkIT4tiQOEc9fVzK424kIAnucw_Wwl08ysX5qOh0NjQV0UTnLbLu0i4Le98Q=='
    'LoginForm' => [
        'username' => 'admin'
        'password' => 'admin'
        'rememberMe' => '1'
    ]
    'login-button' => ''
]

$_FILES = []

$_COOKIE = [
    '_csrf-backend' => '30205aa6519f3b6b7d86bcd1156b12751eb54ea56b09340cae1eb91dc06c6bd9a:2:{i:0;s:13:\"_csrf-backend\";i:1;s:32:\"NcgruIxUW-azQjsYVEeXi2k0TdhT3AiM\";}'
    'VeiGestSession' => 'mjv9t76r62ptgpabtj3jn8jgil'
    '_identity' => 'a1df9c030acb783c0ce8abdcab79517715c7b2e7ba244215a99942dc5293e062a:2:{i:0;s:9:\"_identity\";i:1;s:46:\"[1,\"0678af5b8ba3c03fd251bb27e44b7760\",2592000]\";}'
]

$_SESSION = [
    '__flash' => []
]

$_SERVER = [
    'REDIRECT_STATUS' => '200'
    'HTTP_HOST' => 'veigestback.dryadlang.org'
    'HTTP_USER_AGENT' => 'Mozilla/5.0 (Windows NT 10.0; Win64; x64; rv:146.0) Gecko/20100101 Firefox/146.0'
    'CONTENT_LENGTH' => '228'
    'HTTP_ACCEPT' => 'text/html,application/xhtml+xml,application/xml;q=0.9,*/*;q=0.8'
    'HTTP_ACCEPT_ENCODING' => 'gzip'
    'HTTP_ACCEPT_LANGUAGE' => 'pt-PT,pt;q=0.8,en-US;q=0.5,en;q=0.3'
    'HTTP_CDN_LOOP' => 'cloudflare; loops=1'
    'HTTP_CF_CONNECTING_IP' => '2001:818:e848:8200:24fc:64a9:6d8c:5ccb'
    'HTTP_CF_IPCOUNTRY' => 'PT'
    'HTTP_CF_RAY' => '9b963981af6d4610-LIS'
    'HTTP_CF_VISITOR' => '{\"scheme\":\"http\"}'
    'HTTP_CF_WARP_TAG_ID' => 'f5bcc1c9-1522-405b-9562-82cfc34acae8'
    'HTTP_CONNECTION' => 'keep-alive'
    'CONTENT_TYPE' => 'application/x-www-form-urlencoded'
    'HTTP_COOKIE' => '_csrf-backend=30205aa6519f3b6b7d86bcd1156b12751eb54ea56b09340cae1eb91dc06c6bd9a%3A2%3A%7Bi%3A0%3Bs%3A13%3A%22_csrf-backend%22%3Bi%3A1%3Bs%3A32%3A%22NcgruIxUW-azQjsYVEeXi2k0TdhT3AiM%22%3B%7D; VeiGestSession=mjv9t76r62ptgpabtj3jn8jgil; _identity=a1df9c030acb783c0ce8abdcab79517715c7b2e7ba244215a99942dc5293e062a%3A2%3A%7Bi%3A0%3Bs%3A9%3A%22_identity%22%3Bi%3A1%3Bs%3A46%3A%22%5B1%2C%220678af5b8ba3c03fd251bb27e44b7760%22%2C2592000%5D%22%3B%7D'
    'HTTP_ORIGIN' => 'http://veigestback.dryadlang.org'
    'HTTP_PRIORITY' => 'u=0, i'
    'HTTP_REFERER' => 'http://veigestback.dryadlang.org/site/login'
    'HTTP_SEC_GPC' => '1'
    'HTTP_UPGRADE_INSECURE_REQUESTS' => '1'
    'HTTP_X_FORWARDED_FOR' => '2001:818:e848:8200:24fc:64a9:6d8c:5ccb'
    'HTTP_X_FORWARDED_PROTO' => 'http'
    'PATH' => '/usr/local/sbin:/usr/local/bin:/usr/sbin:/usr/bin:/snap/bin'
    'SERVER_SIGNATURE' => '<address>Apache/2.4.58 (Ubuntu) Server at veigestback.dryadlang.org Port 8002</address>
'
    'SERVER_SOFTWARE' => 'Apache/2.4.58 (Ubuntu)'
    'SERVER_NAME' => 'veigestback.dryadlang.org'
    'SERVER_ADDR' => '127.0.0.1'
    'SERVER_PORT' => '8002'
    'REMOTE_ADDR' => '127.0.0.1'
    'DOCUMENT_ROOT' => '/home/pedro/facul/website-VeiGest/veigest/backend/web'
    'REQUEST_SCHEME' => 'http'
    'CONTEXT_PREFIX' => ''
    'CONTEXT_DOCUMENT_ROOT' => '/home/pedro/facul/website-VeiGest/veigest/backend/web'
    'SERVER_ADMIN' => '[no address given]'
    'SCRIPT_FILENAME' => '/home/pedro/facul/website-VeiGest/veigest/backend/web/index.php'
    'REMOTE_PORT' => '51612'
    'REDIRECT_URL' => '/site/login'
    'GATEWAY_INTERFACE' => 'CGI/1.1'
    'SERVER_PROTOCOL' => 'HTTP/1.1'
    'REQUEST_METHOD' => 'POST'
    'QUERY_STRING' => ''
    'REQUEST_URI' => '/site/login'
    'SCRIPT_NAME' => '/index.php'
    'PHP_SELF' => '/index.php'
    'REQUEST_TIME_FLOAT' => 1767650176.2737
    'REQUEST_TIME' => 1767650176
]
2026-01-05 21:58:56 [127.0.0.1][-][mjv9t76r62ptgpabtj3jn8jgil][error][yii\web\HttpException:400] yii\web\BadRequestHttpException: Unable to verify your data submission. in /home/pedro/facul/website-VeiGest/veigest/vendor/yiisoft/yii2/web/Controller.php:320
Stack trace:
#0 /home/pedro/facul/website-VeiGest/veigest/vendor/yiisoft/yii2/base/Controller.php(182): yii\web\Controller->beforeAction()
#1 /home/pedro/facul/website-VeiGest/veigest/vendor/yiisoft/yii2/base/Module.php(555): yii\base\Controller->runAction()
#2 /home/pedro/facul/website-VeiGest/veigest/vendor/yiisoft/yii2/web/Application.php(103): yii\base\Module->runAction()
#3 /home/pedro/facul/website-VeiGest/veigest/vendor/yiisoft/yii2/base/Application.php(387): yii\web\Application->handleRequest()
#4 /home/pedro/facul/website-VeiGest/veigest/backend/web/index.php(18): yii\base\Application->run()
#5 {main}
2026-01-05 21:58:56 [127.0.0.1][-][mjv9t76r62ptgpabtj3jn8jgil][info][application] $_GET = []

$_POST = [
    '_csrf' => 'KnzhUK6fh-CuzDNFcb4ur2aHNyru4dI87rIlhWKNZOoYHa8yydbokN-AazYJiET8C_VNGqSIn3vbilbGBNcluQ=='
    'LoginForm' => [
        'username' => 'admin'
        'password' => 'admin'
        'rememberMe' => '1'
    ]
    'login-button' => ''
]

$_FILES = []

$_COOKIE = [
    '_csrf-backend' => '30205aa6519f3b6b7d86bcd1156b12751eb54ea56b09340cae1eb91dc06c6bd9a:2:{i:0;s:13:\"_csrf-backend\";i:1;s:32:\"NcgruIxUW-azQjsYVEeXi2k0TdhT3AiM\";}'
    'VeiGestSession' => 'mjv9t76r62ptgpabtj3jn8jgil'
    '_identity' => 'a1df9c030acb783c0ce8abdcab79517715c7b2e7ba244215a99942dc5293e062a:2:{i:0;s:9:\"_identity\";i:1;s:46:\"[1,\"0678af5b8ba3c03fd251bb27e44b7760\",2592000]\";}'
]

$_SESSION = [
    '__flash' => []
]

$_SERVER = [
    'REDIRECT_STATUS' => '200'
    'HTTP_HOST' => 'veigestback.dryadlang.org'
    'HTTP_USER_AGENT' => 'Mozilla/5.0 (Windows NT 10.0; Win64; x64; rv:146.0) Gecko/20100101 Firefox/146.0'
    'CONTENT_LENGTH' => '228'
    'HTTP_ACCEPT' => 'text/html,application/xhtml+xml,application/xml;q=0.9,*/*;q=0.8'
    'HTTP_ACCEPT_ENCODING' => 'gzip'
    'HTTP_ACCEPT_LANGUAGE' => 'pt-PT,pt;q=0.8,en-US;q=0.5,en;q=0.3'
    'HTTP_CDN_LOOP' => 'cloudflare; loops=1'
    'HTTP_CF_CONNECTING_IP' => '2001:818:e848:8200:24fc:64a9:6d8c:5ccb'
    'HTTP_CF_IPCOUNTRY' => 'PT'
    'HTTP_CF_RAY' => '9b963d698e2a8df7-LIS'
    'HTTP_CF_VISITOR' => '{\"scheme\":\"http\"}'
    'HTTP_CF_WARP_TAG_ID' => 'f5bcc1c9-1522-405b-9562-82cfc34acae8'
    'HTTP_CONNECTION' => 'keep-alive'
    'CONTENT_TYPE' => 'application/x-www-form-urlencoded'
    'HTTP_COOKIE' => '_csrf-backend=30205aa6519f3b6b7d86bcd1156b12751eb54ea56b09340cae1eb91dc06c6bd9a%3A2%3A%7Bi%3A0%3Bs%3A13%3A%22_csrf-backend%22%3Bi%3A1%3Bs%3A32%3A%22NcgruIxUW-azQjsYVEeXi2k0TdhT3AiM%22%3B%7D; VeiGestSession=mjv9t76r62ptgpabtj3jn8jgil; _identity=a1df9c030acb783c0ce8abdcab79517715c7b2e7ba244215a99942dc5293e062a%3A2%3A%7Bi%3A0%3Bs%3A9%3A%22_identity%22%3Bi%3A1%3Bs%3A46%3A%22%5B1%2C%220678af5b8ba3c03fd251bb27e44b7760%22%2C2592000%5D%22%3B%7D'
    'HTTP_ORIGIN' => 'http://veigestback.dryadlang.org'
    'HTTP_PRIORITY' => 'u=0, i'
    'HTTP_REFERER' => 'http://veigestback.dryadlang.org/site/login'
    'HTTP_SEC_GPC' => '1'
    'HTTP_UPGRADE_INSECURE_REQUESTS' => '1'
    'HTTP_X_FORWARDED_FOR' => '2001:818:e848:8200:24fc:64a9:6d8c:5ccb'
    'HTTP_X_FORWARDED_PROTO' => 'http'
    'PATH' => '/usr/local/sbin:/usr/local/bin:/usr/sbin:/usr/bin:/snap/bin'
    'SERVER_SIGNATURE' => '<address>Apache/2.4.58 (Ubuntu) Server at veigestback.dryadlang.org Port 8002</address>
'
    'SERVER_SOFTWARE' => 'Apache/2.4.58 (Ubuntu)'
    'SERVER_NAME' => 'veigestback.dryadlang.org'
    'SERVER_ADDR' => '127.0.0.1'
    'SERVER_PORT' => '8002'
    'REMOTE_ADDR' => '127.0.0.1'
    'DOCUMENT_ROOT' => '/home/pedro/facul/website-VeiGest/veigest/backend/web'
    'REQUEST_SCHEME' => 'http'
    'CONTEXT_PREFIX' => ''
    'CONTEXT_DOCUMENT_ROOT' => '/home/pedro/facul/website-VeiGest/veigest/backend/web'
    'SERVER_ADMIN' => '[no address given]'
    'SCRIPT_FILENAME' => '/home/pedro/facul/website-VeiGest/veigest/backend/web/index.php'
    'REMOTE_PORT' => '59558'
    'REDIRECT_URL' => '/site/login'
    'GATEWAY_INTERFACE' => 'CGI/1.1'
    'SERVER_PROTOCOL' => 'HTTP/1.1'
    'REQUEST_METHOD' => 'POST'
    'QUERY_STRING' => ''
    'REQUEST_URI' => '/site/login'
    'SCRIPT_NAME' => '/index.php'
    'PHP_SELF' => '/index.php'
    'REQUEST_TIME_FLOAT' => 1767650336.2595
    'REQUEST_TIME' => 1767650336
]
2026-01-05 22:02:41 [127.0.0.1][1][2lr084mrvnfhjgoobmd5jqb3qm][error][yii\web\HttpException:404] yii\base\InvalidRouteException: Unable to resolve the request "img/user-placeholder.png". in /home/pedro/facul/website-VeiGest/veigest/vendor/yiisoft/yii2/base/Module.php:564
Stack trace:
#0 /home/pedro/facul/website-VeiGest/veigest/vendor/yiisoft/yii2/web/Application.php(103): yii\base\Module->runAction()
#1 /home/pedro/facul/website-VeiGest/veigest/vendor/yiisoft/yii2/base/Application.php(387): yii\web\Application->handleRequest()
#2 /home/pedro/facul/website-VeiGest/veigest/backend/web/index.php(18): yii\base\Application->run()
#3 {main}

Next yii\web\NotFoundHttpException: Page not found. in /home/pedro/facul/website-VeiGest/veigest/vendor/yiisoft/yii2/web/Application.php:115
Stack trace:
#0 /home/pedro/facul/website-VeiGest/veigest/vendor/yiisoft/yii2/base/Application.php(387): yii\web\Application->handleRequest()
#1 /home/pedro/facul/website-VeiGest/veigest/backend/web/index.php(18): yii\base\Application->run()
#2 {main}
2026-01-05 22:02:41 [127.0.0.1][1][2lr084mrvnfhjgoobmd5jqb3qm][info][application] $_GET = []

$_POST = []

$_FILES = []

$_COOKIE = [
    '_csrf-backend' => '30205aa6519f3b6b7d86bcd1156b12751eb54ea56b09340cae1eb91dc06c6bd9a:2:{i:0;s:13:\"_csrf-backend\";i:1;s:32:\"NcgruIxUW-azQjsYVEeXi2k0TdhT3AiM\";}'
    'VeiGestSession' => '2lr084mrvnfhjgoobmd5jqb3qm'
    '_identity' => 'a1df9c030acb783c0ce8abdcab79517715c7b2e7ba244215a99942dc5293e062a:2:{i:0;s:9:\"_identity\";i:1;s:46:\"[1,\"0678af5b8ba3c03fd251bb27e44b7760\",2592000]\";}'
    '_csrf' => 'ff8984c613f4bec9743df15bbc085daf65e364ef036a56501a71cd00ab4573c9a:2:{i:0;s:5:\"_csrf\";i:1;s:32:\"VwnvmEmSAu4GWub0MrRm6ckYajOfdQMh\";}'
    '_identity-frontend' => '03a09487b642031b89b0c204e5d823027a558531078589ae6fd9790350f173cba:2:{i:0;s:18:\"_identity-frontend\";i:1;s:46:\"[1,\"0678af5b8ba3c03fd251bb27e44b7760\",2592000]\";}'
]

$_SESSION = [
    '__flash' => []
    '__id' => 1
    '__authKey' => '0678af5b8ba3c03fd251bb27e44b7760'
]

$_SERVER = [
    'REDIRECT_STATUS' => '200'
    'HTTP_HOST' => 'veigestback.dryadlang.org'
    'HTTP_USER_AGENT' => 'Mozilla/5.0 (Windows NT 10.0; Win64; x64; rv:146.0) Gecko/20100101 Firefox/146.0'
    'HTTP_ACCEPT' => 'image/avif,image/webp,image/png,image/svg+xml,image/*;q=0.8,*/*;q=0.5'
    'HTTP_ACCEPT_ENCODING' => 'gzip'
    'HTTP_ACCEPT_LANGUAGE' => 'pt-PT,pt;q=0.8,en-US;q=0.5,en;q=0.3'
    'HTTP_CDN_LOOP' => 'cloudflare; loops=1'
    'HTTP_CF_CONNECTING_IP' => '2001:818:e848:8200:24fc:64a9:6d8c:5ccb'
    'HTTP_CF_IPCOUNTRY' => 'PT'
    'HTTP_CF_RAY' => '9b9642e67858df91-LIS'
    'HTTP_CF_VISITOR' => '{\"scheme\":\"http\"}'
    'HTTP_CF_WARP_TAG_ID' => 'f5bcc1c9-1522-405b-9562-82cfc34acae8'
    'HTTP_CONNECTION' => 'keep-alive'
    'HTTP_COOKIE' => '_csrf-backend=30205aa6519f3b6b7d86bcd1156b12751eb54ea56b09340cae1eb91dc06c6bd9a%3A2%3A%7Bi%3A0%3Bs%3A13%3A%22_csrf-backend%22%3Bi%3A1%3Bs%3A32%3A%22NcgruIxUW-azQjsYVEeXi2k0TdhT3AiM%22%3B%7D; VeiGestSession=2lr084mrvnfhjgoobmd5jqb3qm; _identity=a1df9c030acb783c0ce8abdcab79517715c7b2e7ba244215a99942dc5293e062a%3A2%3A%7Bi%3A0%3Bs%3A9%3A%22_identity%22%3Bi%3A1%3Bs%3A46%3A%22%5B1%2C%220678af5b8ba3c03fd251bb27e44b7760%22%2C2592000%5D%22%3B%7D; _csrf=ff8984c613f4bec9743df15bbc085daf65e364ef036a56501a71cd00ab4573c9a%3A2%3A%7Bi%3A0%3Bs%3A5%3A%22_csrf%22%3Bi%3A1%3Bs%3A32%3A%22VwnvmEmSAu4GWub0MrRm6ckYajOfdQMh%22%3B%7D; _identity-frontend=03a09487b642031b89b0c204e5d823027a558531078589ae6fd9790350f173cba%3A2%3A%7Bi%3A0%3Bs%3A18%3A%22_identity-frontend%22%3Bi%3A1%3Bs%3A46%3A%22%5B1%2C%220678af5b8ba3c03fd251bb27e44b7760%22%2C2592000%5D%22%3B%7D'
    'HTTP_PRIORITY' => 'u=5, i'
    'HTTP_REFERER' => 'http://veigestback.dryadlang.org/'
    'HTTP_SEC_GPC' => '1'
    'HTTP_X_FORWARDED_FOR' => '2001:818:e848:8200:24fc:64a9:6d8c:5ccb'
    'HTTP_X_FORWARDED_PROTO' => 'http'
    'PATH' => '/usr/local/sbin:/usr/local/bin:/usr/sbin:/usr/bin:/snap/bin'
    'SERVER_SIGNATURE' => '<address>Apache/2.4.58 (Ubuntu) Server at veigestback.dryadlang.org Port 8002</address>
'
    'SERVER_SOFTWARE' => 'Apache/2.4.58 (Ubuntu)'
    'SERVER_NAME' => 'veigestback.dryadlang.org'
    'SERVER_ADDR' => '127.0.0.1'
    'SERVER_PORT' => '8002'
    'REMOTE_ADDR' => '127.0.0.1'
    'DOCUMENT_ROOT' => '/home/pedro/facul/website-VeiGest/veigest/backend/web'
    'REQUEST_SCHEME' => 'http'
    'CONTEXT_PREFIX' => ''
    'CONTEXT_DOCUMENT_ROOT' => '/home/pedro/facul/website-VeiGest/veigest/backend/web'
    'SERVER_ADMIN' => '[no address given]'
    'SCRIPT_FILENAME' => '/home/pedro/facul/website-VeiGest/veigest/backend/web/index.php'
    'REMOTE_PORT' => '59228'
    'REDIRECT_URL' => '/img/user-placeholder.png'
    'GATEWAY_INTERFACE' => 'CGI/1.1'
    'SERVER_PROTOCOL' => 'HTTP/1.1'
    'REQUEST_METHOD' => 'GET'
    'QUERY_STRING' => ''
    'REQUEST_URI' => '/img/user-placeholder.png'
    'SCRIPT_NAME' => '/index.php'
    'PHP_SELF' => '/index.php'
    'REQUEST_TIME_FLOAT' => 1767650561.0477
    'REQUEST_TIME' => 1767650561
]
2026-01-05 22:02:42 [127.0.0.1][1][2lr084mrvnfhjgoobmd5jqb3qm][error][yii\web\HttpException:404] yii\base\InvalidRouteException: Unable to resolve the request "img/user-placeholder.png". in /home/pedro/facul/website-VeiGest/veigest/vendor/yiisoft/yii2/base/Module.php:564
Stack trace:
#0 /home/pedro/facul/website-VeiGest/veigest/vendor/yiisoft/yii2/web/Application.php(103): yii\base\Module->runAction()
#1 /home/pedro/facul/website-VeiGest/veigest/vendor/yiisoft/yii2/base/Application.php(387): yii\web\Application->handleRequest()
#2 /home/pedro/facul/website-VeiGest/veigest/backend/web/index.php(18): yii\base\Application->run()
#3 {main}

Next yii\web\NotFoundHttpException: Page not found. in /home/pedro/facul/website-VeiGest/veigest/vendor/yiisoft/yii2/web/Application.php:115
Stack trace:
#0 /home/pedro/facul/website-VeiGest/veigest/vendor/yiisoft/yii2/base/Application.php(387): yii\web\Application->handleRequest()
#1 /home/pedro/facul/website-VeiGest/veigest/backend/web/index.php(18): yii\base\Application->run()
#2 {main}
2026-01-05 22:02:42 [127.0.0.1][1][2lr084mrvnfhjgoobmd5jqb3qm][info][application] $_GET = []

$_POST = []

$_FILES = []

$_COOKIE = [
    '_csrf-backend' => '30205aa6519f3b6b7d86bcd1156b12751eb54ea56b09340cae1eb91dc06c6bd9a:2:{i:0;s:13:\"_csrf-backend\";i:1;s:32:\"NcgruIxUW-azQjsYVEeXi2k0TdhT3AiM\";}'
    'VeiGestSession' => '2lr084mrvnfhjgoobmd5jqb3qm'
    '_identity' => 'a1df9c030acb783c0ce8abdcab79517715c7b2e7ba244215a99942dc5293e062a:2:{i:0;s:9:\"_identity\";i:1;s:46:\"[1,\"0678af5b8ba3c03fd251bb27e44b7760\",2592000]\";}'
    '_csrf' => 'ff8984c613f4bec9743df15bbc085daf65e364ef036a56501a71cd00ab4573c9a:2:{i:0;s:5:\"_csrf\";i:1;s:32:\"VwnvmEmSAu4GWub0MrRm6ckYajOfdQMh\";}'
    '_identity-frontend' => '03a09487b642031b89b0c204e5d823027a558531078589ae6fd9790350f173cba:2:{i:0;s:18:\"_identity-frontend\";i:1;s:46:\"[1,\"0678af5b8ba3c03fd251bb27e44b7760\",2592000]\";}'
]

$_SESSION = [
    '__flash' => []
    '__id' => 1
    '__authKey' => '0678af5b8ba3c03fd251bb27e44b7760'
]

$_SERVER = [
    'REDIRECT_STATUS' => '200'
    'HTTP_HOST' => 'veigestback.dryadlang.org'
    'HTTP_USER_AGENT' => 'Mozilla/5.0 (Windows NT 10.0; Win64; x64; rv:146.0) Gecko/20100101 Firefox/146.0'
    'HTTP_ACCEPT' => 'image/avif,image/webp,image/png,image/svg+xml,image/*;q=0.8,*/*;q=0.5'
    'HTTP_ACCEPT_ENCODING' => 'gzip'
    'HTTP_ACCEPT_LANGUAGE' => 'pt-PT,pt;q=0.8,en-US;q=0.5,en;q=0.3'
    'HTTP_CDN_LOOP' => 'cloudflare; loops=1'
    'HTTP_CF_CONNECTING_IP' => '2001:818:e848:8200:24fc:64a9:6d8c:5ccb'
    'HTTP_CF_IPCOUNTRY' => 'PT'
    'HTTP_CF_RAY' => '9b9642f1099c31f1-LIS'
    'HTTP_CF_VISITOR' => '{\"scheme\":\"http\"}'
    'HTTP_CF_WARP_TAG_ID' => 'f5bcc1c9-1522-405b-9562-82cfc34acae8'
    'HTTP_CONNECTION' => 'keep-alive'
    'HTTP_COOKIE' => '_csrf-backend=30205aa6519f3b6b7d86bcd1156b12751eb54ea56b09340cae1eb91dc06c6bd9a%3A2%3A%7Bi%3A0%3Bs%3A13%3A%22_csrf-backend%22%3Bi%3A1%3Bs%3A32%3A%22NcgruIxUW-azQjsYVEeXi2k0TdhT3AiM%22%3B%7D; VeiGestSession=2lr084mrvnfhjgoobmd5jqb3qm; _identity=a1df9c030acb783c0ce8abdcab79517715c7b2e7ba244215a99942dc5293e062a%3A2%3A%7Bi%3A0%3Bs%3A9%3A%22_identity%22%3Bi%3A1%3Bs%3A46%3A%22%5B1%2C%220678af5b8ba3c03fd251bb27e44b7760%22%2C2592000%5D%22%3B%7D; _csrf=ff8984c613f4bec9743df15bbc085daf65e364ef036a56501a71cd00ab4573c9a%3A2%3A%7Bi%3A0%3Bs%3A5%3A%22_csrf%22%3Bi%3A1%3Bs%3A32%3A%22VwnvmEmSAu4GWub0MrRm6ckYajOfdQMh%22%3B%7D; _identity-frontend=03a09487b642031b89b0c204e5d823027a558531078589ae6fd9790350f173cba%3A2%3A%7Bi%3A0%3Bs%3A18%3A%22_identity-frontend%22%3Bi%3A1%3Bs%3A46%3A%22%5B1%2C%220678af5b8ba3c03fd251bb27e44b7760%22%2C2592000%5D%22%3B%7D'
    'HTTP_PRIORITY' => 'u=5, i'
    'HTTP_REFERER' => 'http://veigestback.dryadlang.org/'
    'HTTP_SEC_GPC' => '1'
    'HTTP_X_FORWARDED_FOR' => '2001:818:e848:8200:24fc:64a9:6d8c:5ccb'
    'HTTP_X_FORWARDED_PROTO' => 'http'
    'PATH' => '/usr/local/sbin:/usr/local/bin:/usr/sbin:/usr/bin:/snap/bin'
    'SERVER_SIGNATURE' => '<address>Apache/2.4.58 (Ubuntu) Server at veigestback.dryadlang.org Port 8002</address>
'
    'SERVER_SOFTWARE' => 'Apache/2.4.58 (Ubuntu)'
    'SERVER_NAME' => 'veigestback.dryadlang.org'
    'SERVER_ADDR' => '127.0.0.1'
    'SERVER_PORT' => '8002'
    'REMOTE_ADDR' => '127.0.0.1'
    'DOCUMENT_ROOT' => '/home/pedro/facul/website-VeiGest/veigest/backend/web'
    'REQUEST_SCHEME' => 'http'
    'CONTEXT_PREFIX' => ''
    'CONTEXT_DOCUMENT_ROOT' => '/home/pedro/facul/website-VeiGest/veigest/backend/web'
    'SERVER_ADMIN' => '[no address given]'
    'SCRIPT_FILENAME' => '/home/pedro/facul/website-VeiGest/veigest/backend/web/index.php'
    'REMOTE_PORT' => '33520'
    'REDIRECT_URL' => '/img/user-placeholder.png'
    'GATEWAY_INTERFACE' => 'CGI/1.1'
    'SERVER_PROTOCOL' => 'HTTP/1.1'
    'REQUEST_METHOD' => 'GET'
    'QUERY_STRING' => ''
    'REQUEST_URI' => '/img/user-placeholder.png'
    'SCRIPT_NAME' => '/index.php'
    'PHP_SELF' => '/index.php'
    'REQUEST_TIME_FLOAT' => 1767650562.7356
    'REQUEST_TIME' => 1767650562
]
2026-01-05 22:06:05 [127.0.0.1][1][2lr084mrvnfhjgoobmd5jqb3qm][error][yii\web\HttpException:404] yii\base\InvalidRouteException: Unable to resolve the request "img/user-placeholder.png". in /home/pedro/facul/website-VeiGest/veigest/vendor/yiisoft/yii2/base/Module.php:564
Stack trace:
#0 /home/pedro/facul/website-VeiGest/veigest/vendor/yiisoft/yii2/web/Application.php(103): yii\base\Module->runAction()
#1 /home/pedro/facul/website-VeiGest/veigest/vendor/yiisoft/yii2/base/Application.php(387): yii\web\Application->handleRequest()
#2 /home/pedro/facul/website-VeiGest/veigest/backend/web/index.php(18): yii\base\Application->run()
#3 {main}

Next yii\web\NotFoundHttpException: Page not found. in /home/pedro/facul/website-VeiGest/veigest/vendor/yiisoft/yii2/web/Application.php:115
Stack trace:
#0 /home/pedro/facul/website-VeiGest/veigest/vendor/yiisoft/yii2/base/Application.php(387): yii\web\Application->handleRequest()
#1 /home/pedro/facul/website-VeiGest/veigest/backend/web/index.php(18): yii\base\Application->run()
#2 {main}
2026-01-05 22:06:05 [127.0.0.1][1][2lr084mrvnfhjgoobmd5jqb3qm][info][application] $_GET = []

$_POST = []

$_FILES = []

$_COOKIE = [
    '_csrf-backend' => '30205aa6519f3b6b7d86bcd1156b12751eb54ea56b09340cae1eb91dc06c6bd9a:2:{i:0;s:13:\"_csrf-backend\";i:1;s:32:\"NcgruIxUW-azQjsYVEeXi2k0TdhT3AiM\";}'
    'VeiGestSession' => '2lr084mrvnfhjgoobmd5jqb3qm'
    '_identity' => 'a1df9c030acb783c0ce8abdcab79517715c7b2e7ba244215a99942dc5293e062a:2:{i:0;s:9:\"_identity\";i:1;s:46:\"[1,\"0678af5b8ba3c03fd251bb27e44b7760\",2592000]\";}'
    '_csrf' => 'ff8984c613f4bec9743df15bbc085daf65e364ef036a56501a71cd00ab4573c9a:2:{i:0;s:5:\"_csrf\";i:1;s:32:\"VwnvmEmSAu4GWub0MrRm6ckYajOfdQMh\";}'
    '_identity-frontend' => '03a09487b642031b89b0c204e5d823027a558531078589ae6fd9790350f173cba:2:{i:0;s:18:\"_identity-frontend\";i:1;s:46:\"[1,\"0678af5b8ba3c03fd251bb27e44b7760\",2592000]\";}'
]

$_SESSION = [
    '__flash' => []
    '__id' => 1
    '__authKey' => '0678af5b8ba3c03fd251bb27e44b7760'
]

$_SERVER = [
    'REDIRECT_STATUS' => '200'
    'HTTP_HOST' => 'veigestback.dryadlang.org'
    'HTTP_USER_AGENT' => 'Mozilla/5.0 (Windows NT 10.0; Win64; x64; rv:146.0) Gecko/20100101 Firefox/146.0'
    'HTTP_ACCEPT' => 'image/avif,image/webp,image/png,image/svg+xml,image/*;q=0.8,*/*;q=0.5'
    'HTTP_ACCEPT_ENCODING' => 'gzip, br'
    'HTTP_ACCEPT_LANGUAGE' => 'pt-PT,pt;q=0.8,en-US;q=0.5,en;q=0.3'
    'HTTP_CDN_LOOP' => 'cloudflare; loops=1'
    'HTTP_CF_CONNECTING_IP' => '2001:818:e848:8200:24fc:64a9:6d8c:5ccb'
    'HTTP_CF_IPCOUNTRY' => 'PT'
    'HTTP_CF_RAY' => '9b9647e3f8fa2f4e-LIS'
    'HTTP_CF_VISITOR' => '{\"scheme\":\"https\"}'
    'HTTP_CF_WARP_TAG_ID' => 'f5bcc1c9-1522-405b-9562-82cfc34acae8'
    'HTTP_CONNECTION' => 'keep-alive'
    'HTTP_COOKIE' => '_csrf-backend=30205aa6519f3b6b7d86bcd1156b12751eb54ea56b09340cae1eb91dc06c6bd9a%3A2%3A%7Bi%3A0%3Bs%3A13%3A%22_csrf-backend%22%3Bi%3A1%3Bs%3A32%3A%22NcgruIxUW-azQjsYVEeXi2k0TdhT3AiM%22%3B%7D; VeiGestSession=2lr084mrvnfhjgoobmd5jqb3qm; _identity=a1df9c030acb783c0ce8abdcab79517715c7b2e7ba244215a99942dc5293e062a%3A2%3A%7Bi%3A0%3Bs%3A9%3A%22_identity%22%3Bi%3A1%3Bs%3A46%3A%22%5B1%2C%220678af5b8ba3c03fd251bb27e44b7760%22%2C2592000%5D%22%3B%7D; _csrf=ff8984c613f4bec9743df15bbc085daf65e364ef036a56501a71cd00ab4573c9a%3A2%3A%7Bi%3A0%3Bs%3A5%3A%22_csrf%22%3Bi%3A1%3Bs%3A32%3A%22VwnvmEmSAu4GWub0MrRm6ckYajOfdQMh%22%3B%7D; _identity-frontend=03a09487b642031b89b0c204e5d823027a558531078589ae6fd9790350f173cba%3A2%3A%7Bi%3A0%3Bs%3A18%3A%22_identity-frontend%22%3Bi%3A1%3Bs%3A46%3A%22%5B1%2C%220678af5b8ba3c03fd251bb27e44b7760%22%2C2592000%5D%22%3B%7D'
    'HTTP_PRIORITY' => 'u=5, i'
    'HTTP_REFERER' => 'https://veigestback.dryadlang.org/'
    'HTTP_SEC_FETCH_DEST' => 'image'
    'HTTP_SEC_FETCH_MODE' => 'no-cors'
    'HTTP_SEC_FETCH_SITE' => 'same-origin'
    'HTTP_SEC_GPC' => '1'
    'HTTP_X_FORWARDED_FOR' => '2001:818:e848:8200:24fc:64a9:6d8c:5ccb'
    'HTTP_X_FORWARDED_PROTO' => 'https'
    'PATH' => '/usr/local/sbin:/usr/local/bin:/usr/sbin:/usr/bin:/snap/bin'
    'SERVER_SIGNATURE' => '<address>Apache/2.4.58 (Ubuntu) Server at veigestback.dryadlang.org Port 8002</address>
'
    'SERVER_SOFTWARE' => 'Apache/2.4.58 (Ubuntu)'
    'SERVER_NAME' => 'veigestback.dryadlang.org'
    'SERVER_ADDR' => '127.0.0.1'
    'SERVER_PORT' => '8002'
    'REMOTE_ADDR' => '127.0.0.1'
    'DOCUMENT_ROOT' => '/home/pedro/facul/website-VeiGest/veigest/backend/web'
    'REQUEST_SCHEME' => 'http'
    'CONTEXT_PREFIX' => ''
    'CONTEXT_DOCUMENT_ROOT' => '/home/pedro/facul/website-VeiGest/veigest/backend/web'
    'SERVER_ADMIN' => '[no address given]'
    'SCRIPT_FILENAME' => '/home/pedro/facul/website-VeiGest/veigest/backend/web/index.php'
    'REMOTE_PORT' => '40462'
    'REDIRECT_URL' => '/img/user-placeholder.png'
    'GATEWAY_INTERFACE' => 'CGI/1.1'
    'SERVER_PROTOCOL' => 'HTTP/1.1'
    'REQUEST_METHOD' => 'GET'
    'QUERY_STRING' => ''
    'REQUEST_URI' => '/img/user-placeholder.png'
    'SCRIPT_NAME' => '/index.php'
    'PHP_SELF' => '/index.php'
    'REQUEST_TIME_FLOAT' => 1767650765.4467
    'REQUEST_TIME' => 1767650765
]
2026-01-05 22:16:50 [127.0.0.1][1][krpp292hmnc4g2vb4aprcn34et][error][yii\web\HttpException:404] yii\base\InvalidRouteException: Unable to resolve the request "img/user-placeholder.png". in /home/pedro/facul/website-VeiGest/veigest/vendor/yiisoft/yii2/base/Module.php:564
Stack trace:
#0 /home/pedro/facul/website-VeiGest/veigest/vendor/yiisoft/yii2/web/Application.php(103): yii\base\Module->runAction()
#1 /home/pedro/facul/website-VeiGest/veigest/vendor/yiisoft/yii2/base/Application.php(387): yii\web\Application->handleRequest()
#2 /home/pedro/facul/website-VeiGest/veigest/backend/web/index.php(18): yii\base\Application->run()
#3 {main}

Next yii\web\NotFoundHttpException: Page not found. in /home/pedro/facul/website-VeiGest/veigest/vendor/yiisoft/yii2/web/Application.php:115
Stack trace:
#0 /home/pedro/facul/website-VeiGest/veigest/vendor/yiisoft/yii2/base/Application.php(387): yii\web\Application->handleRequest()
#1 /home/pedro/facul/website-VeiGest/veigest/backend/web/index.php(18): yii\base\Application->run()
#2 {main}
2026-01-05 22:16:50 [127.0.0.1][1][krpp292hmnc4g2vb4aprcn34et][info][application] $_GET = []

$_POST = []

$_FILES = []

$_COOKIE = [
    '_csrf-backend' => '30205aa6519f3b6b7d86bcd1156b12751eb54ea56b09340cae1eb91dc06c6bd9a:2:{i:0;s:13:\"_csrf-backend\";i:1;s:32:\"NcgruIxUW-azQjsYVEeXi2k0TdhT3AiM\";}'
    'VeiGestSession' => '2lr084mrvnfhjgoobmd5jqb3qm'
    '_identity' => 'a1df9c030acb783c0ce8abdcab79517715c7b2e7ba244215a99942dc5293e062a:2:{i:0;s:9:\"_identity\";i:1;s:46:\"[1,\"0678af5b8ba3c03fd251bb27e44b7760\",2592000]\";}'
    '_csrf' => 'ff8984c613f4bec9743df15bbc085daf65e364ef036a56501a71cd00ab4573c9a:2:{i:0;s:5:\"_csrf\";i:1;s:32:\"VwnvmEmSAu4GWub0MrRm6ckYajOfdQMh\";}'
    '_identity-frontend' => '03a09487b642031b89b0c204e5d823027a558531078589ae6fd9790350f173cba:2:{i:0;s:18:\"_identity-frontend\";i:1;s:46:\"[1,\"0678af5b8ba3c03fd251bb27e44b7760\",2592000]\";}'
]

$_SESSION = [
    '__flash' => []
    '__id' => 1
    '__authKey' => '0678af5b8ba3c03fd251bb27e44b7760'
]

$_SERVER = [
    'REDIRECT_STATUS' => '200'
    'HTTP_HOST' => 'veigestback.dryadlang.org'
    'HTTP_USER_AGENT' => 'Mozilla/5.0 (Windows NT 10.0; Win64; x64; rv:146.0) Gecko/20100101 Firefox/146.0'
    'HTTP_ACCEPT' => 'image/avif,image/webp,image/png,image/svg+xml,image/*;q=0.8,*/*;q=0.5'
    'HTTP_ACCEPT_ENCODING' => 'gzip, br'
    'HTTP_ACCEPT_LANGUAGE' => 'pt-PT,pt;q=0.8,en-US;q=0.5,en;q=0.3'
    'HTTP_CDN_LOOP' => 'cloudflare; loops=1'
    'HTTP_CF_CONNECTING_IP' => '2001:818:e848:8200:24fc:64a9:6d8c:5ccb'
    'HTTP_CF_IPCOUNTRY' => 'PT'
    'HTTP_CF_RAY' => '9b9657a26d3f055d-LIS'
    'HTTP_CF_VISITOR' => '{\"scheme\":\"https\"}'
    'HTTP_CF_WARP_TAG_ID' => 'f5bcc1c9-1522-405b-9562-82cfc34acae8'
    'HTTP_CONNECTION' => 'keep-alive'
    'HTTP_COOKIE' => '_csrf-backend=30205aa6519f3b6b7d86bcd1156b12751eb54ea56b09340cae1eb91dc06c6bd9a%3A2%3A%7Bi%3A0%3Bs%3A13%3A%22_csrf-backend%22%3Bi%3A1%3Bs%3A32%3A%22NcgruIxUW-azQjsYVEeXi2k0TdhT3AiM%22%3B%7D; VeiGestSession=2lr084mrvnfhjgoobmd5jqb3qm; _identity=a1df9c030acb783c0ce8abdcab79517715c7b2e7ba244215a99942dc5293e062a%3A2%3A%7Bi%3A0%3Bs%3A9%3A%22_identity%22%3Bi%3A1%3Bs%3A46%3A%22%5B1%2C%220678af5b8ba3c03fd251bb27e44b7760%22%2C2592000%5D%22%3B%7D; _csrf=ff8984c613f4bec9743df15bbc085daf65e364ef036a56501a71cd00ab4573c9a%3A2%3A%7Bi%3A0%3Bs%3A5%3A%22_csrf%22%3Bi%3A1%3Bs%3A32%3A%22VwnvmEmSAu4GWub0MrRm6ckYajOfdQMh%22%3B%7D; _identity-frontend=03a09487b642031b89b0c204e5d823027a558531078589ae6fd9790350f173cba%3A2%3A%7Bi%3A0%3Bs%3A18%3A%22_identity-frontend%22%3Bi%3A1%3Bs%3A46%3A%22%5B1%2C%220678af5b8ba3c03fd251bb27e44b7760%22%2C2592000%5D%22%3B%7D; VeiGestSession=c9l2c6jq70jsjgi7sc82ta1hnf; _identity-frontend=03a09487b642031b89b0c204e5d823027a558531078589ae6fd9790350f173cba%3A2%3A%7Bi%3A0%3Bs%3A18%3A%22_identity-frontend%22%3Bi%3A1%3Bs%3A46%3A%22%5B1%2C%220678af5b8ba3c03fd251bb27e44b7760%22%2C2592000%5D%22%3B%7D'
    'HTTP_PRIORITY' => 'u=5, i'
    'HTTP_REFERER' => 'https://veigestback.dryadlang.org/'
    'HTTP_SEC_FETCH_DEST' => 'image'
    'HTTP_SEC_FETCH_MODE' => 'no-cors'
    'HTTP_SEC_FETCH_SITE' => 'same-origin'
    'HTTP_SEC_GPC' => '1'
    'HTTP_X_FORWARDED_FOR' => '2001:818:e848:8200:24fc:64a9:6d8c:5ccb'
    'HTTP_X_FORWARDED_PROTO' => 'https'
    'PATH' => '/usr/local/sbin:/usr/local/bin:/usr/sbin:/usr/bin:/snap/bin'
    'SERVER_SIGNATURE' => '<address>Apache/2.4.58 (Ubuntu) Server at veigestback.dryadlang.org Port 8002</address>
'
    'SERVER_SOFTWARE' => 'Apache/2.4.58 (Ubuntu)'
    'SERVER_NAME' => 'veigestback.dryadlang.org'
    'SERVER_ADDR' => '127.0.0.1'
    'SERVER_PORT' => '8002'
    'REMOTE_ADDR' => '127.0.0.1'
    'DOCUMENT_ROOT' => '/home/pedro/facul/website-VeiGest/veigest/backend/web'
    'REQUEST_SCHEME' => 'http'
    'CONTEXT_PREFIX' => ''
    'CONTEXT_DOCUMENT_ROOT' => '/home/pedro/facul/website-VeiGest/veigest/backend/web'
    'SERVER_ADMIN' => '[no address given]'
    'SCRIPT_FILENAME' => '/home/pedro/facul/website-VeiGest/veigest/backend/web/index.php'
    'REMOTE_PORT' => '56718'
    'REDIRECT_URL' => '/img/user-placeholder.png'
    'GATEWAY_INTERFACE' => 'CGI/1.1'
    'SERVER_PROTOCOL' => 'HTTP/1.1'
    'REQUEST_METHOD' => 'GET'
    'QUERY_STRING' => ''
    'REQUEST_URI' => '/img/user-placeholder.png'
    'SCRIPT_NAME' => '/index.php'
    'PHP_SELF' => '/index.php'
    'REQUEST_TIME_FLOAT' => 1767651410.3189
    'REQUEST_TIME' => 1767651410
]
2026-01-05 22:28:24 [127.0.0.1][1][n76l5p2p61nmg8i50c8u52aid3][error][yii\web\HttpException:404] yii\base\InvalidRouteException: Unable to resolve the request "img/user-placeholder.png". in /home/pedro/facul/website-VeiGest/veigest/vendor/yiisoft/yii2/base/Module.php:564
Stack trace:
#0 /home/pedro/facul/website-VeiGest/veigest/vendor/yiisoft/yii2/web/Application.php(103): yii\base\Module->runAction()
#1 /home/pedro/facul/website-VeiGest/veigest/vendor/yiisoft/yii2/base/Application.php(387): yii\web\Application->handleRequest()
#2 /home/pedro/facul/website-VeiGest/veigest/backend/web/index.php(18): yii\base\Application->run()
#3 {main}

Next yii\web\NotFoundHttpException: Page not found. in /home/pedro/facul/website-VeiGest/veigest/vendor/yiisoft/yii2/web/Application.php:115
Stack trace:
#0 /home/pedro/facul/website-VeiGest/veigest/vendor/yiisoft/yii2/base/Application.php(387): yii\web\Application->handleRequest()
#1 /home/pedro/facul/website-VeiGest/veigest/backend/web/index.php(18): yii\base\Application->run()
#2 {main}
2026-01-05 22:28:24 [127.0.0.1][1][n76l5p2p61nmg8i50c8u52aid3][info][application] $_GET = []

$_POST = []

$_FILES = []

$_COOKIE = [
    '_csrf-backend' => '30205aa6519f3b6b7d86bcd1156b12751eb54ea56b09340cae1eb91dc06c6bd9a:2:{i:0;s:13:\"_csrf-backend\";i:1;s:32:\"NcgruIxUW-azQjsYVEeXi2k0TdhT3AiM\";}'
    'VeiGestSession' => '2lr084mrvnfhjgoobmd5jqb3qm'
    '_identity' => 'a1df9c030acb783c0ce8abdcab79517715c7b2e7ba244215a99942dc5293e062a:2:{i:0;s:9:\"_identity\";i:1;s:46:\"[1,\"0678af5b8ba3c03fd251bb27e44b7760\",2592000]\";}'
    '_csrf' => 'ff8984c613f4bec9743df15bbc085daf65e364ef036a56501a71cd00ab4573c9a:2:{i:0;s:5:\"_csrf\";i:1;s:32:\"VwnvmEmSAu4GWub0MrRm6ckYajOfdQMh\";}'
    '_identity-frontend' => '03a09487b642031b89b0c204e5d823027a558531078589ae6fd9790350f173cba:2:{i:0;s:18:\"_identity-frontend\";i:1;s:46:\"[1,\"0678af5b8ba3c03fd251bb27e44b7760\",2592000]\";}'
]

$_SESSION = [
    '__flash' => []
    '__id' => 1
    '__authKey' => '0678af5b8ba3c03fd251bb27e44b7760'
]

$_SERVER = [
    'REDIRECT_STATUS' => '200'
    'HTTP_HOST' => 'veigestback.dryadlang.org'
    'HTTP_USER_AGENT' => 'Mozilla/5.0 (Windows NT 10.0; Win64; x64; rv:146.0) Gecko/20100101 Firefox/146.0'
    'HTTP_ACCEPT' => 'image/avif,image/webp,image/png,image/svg+xml,image/*;q=0.8,*/*;q=0.5'
    'HTTP_ACCEPT_ENCODING' => 'gzip'
    'HTTP_ACCEPT_LANGUAGE' => 'pt-PT,pt;q=0.8,en-US;q=0.5,en;q=0.3'
    'HTTP_CDN_LOOP' => 'cloudflare; loops=1'
    'HTTP_CF_CONNECTING_IP' => '2001:818:e848:8200:24fc:64a9:6d8c:5ccb'
    'HTTP_CF_IPCOUNTRY' => 'PT'
    'HTTP_CF_RAY' => '9b9668976f08547f-LIS'
    'HTTP_CF_VISITOR' => '{\"scheme\":\"http\"}'
    'HTTP_CF_WARP_TAG_ID' => 'f5bcc1c9-1522-405b-9562-82cfc34acae8'
    'HTTP_CONNECTION' => 'keep-alive'
    'HTTP_COOKIE' => '_csrf-backend=30205aa6519f3b6b7d86bcd1156b12751eb54ea56b09340cae1eb91dc06c6bd9a%3A2%3A%7Bi%3A0%3Bs%3A13%3A%22_csrf-backend%22%3Bi%3A1%3Bs%3A32%3A%22NcgruIxUW-azQjsYVEeXi2k0TdhT3AiM%22%3B%7D; VeiGestSession=2lr084mrvnfhjgoobmd5jqb3qm; _identity=a1df9c030acb783c0ce8abdcab79517715c7b2e7ba244215a99942dc5293e062a%3A2%3A%7Bi%3A0%3Bs%3A9%3A%22_identity%22%3Bi%3A1%3Bs%3A46%3A%22%5B1%2C%220678af5b8ba3c03fd251bb27e44b7760%22%2C2592000%5D%22%3B%7D; _csrf=ff8984c613f4bec9743df15bbc085daf65e364ef036a56501a71cd00ab4573c9a%3A2%3A%7Bi%3A0%3Bs%3A5%3A%22_csrf%22%3Bi%3A1%3Bs%3A32%3A%22VwnvmEmSAu4GWub0MrRm6ckYajOfdQMh%22%3B%7D; _identity-frontend=03a09487b642031b89b0c204e5d823027a558531078589ae6fd9790350f173cba%3A2%3A%7Bi%3A0%3Bs%3A18%3A%22_identity-frontend%22%3Bi%3A1%3Bs%3A46%3A%22%5B1%2C%220678af5b8ba3c03fd251bb27e44b7760%22%2C2592000%5D%22%3B%7D; _csrf=c33a5931f53672ff8f2f4f13d40a148f387feb8a502866ade400d944193850afa%3A2%3A%7Bi%3A0%3Bs%3A5%3A%22_csrf%22%3Bi%3A1%3Bs%3A32%3A%22lpFsAVQqR2SO4Sq8t8s-9xpbWjSrsrSI%22%3B%7D; VeiGestSession=1s5elsf1s8m2cjeseoerf5i5lp; _identity-frontend=03a09487b642031b89b0c204e5d823027a558531078589ae6fd9790350f173cba%3A2%3A%7Bi%3A0%3Bs%3A18%3A%22_identity-frontend%22%3Bi%3A1%3Bs%3A46%3A%22%5B1%2C%220678af5b8ba3c03fd251bb27e44b7760%22%2C2592000%5D%22%3B%7D'
    'HTTP_PRIORITY' => 'u=5, i'
    'HTTP_REFERER' => 'http://veigestback.dryadlang.org/'
    'HTTP_SEC_GPC' => '1'
    'HTTP_X_FORWARDED_FOR' => '2001:818:e848:8200:24fc:64a9:6d8c:5ccb'
    'HTTP_X_FORWARDED_PROTO' => 'http'
    'PATH' => '/usr/local/sbin:/usr/local/bin:/usr/sbin:/usr/bin:/snap/bin'
    'SERVER_SIGNATURE' => '<address>Apache/2.4.58 (Ubuntu) Server at veigestback.dryadlang.org Port 8002</address>
'
    'SERVER_SOFTWARE' => 'Apache/2.4.58 (Ubuntu)'
    'SERVER_NAME' => 'veigestback.dryadlang.org'
    'SERVER_ADDR' => '127.0.0.1'
    'SERVER_PORT' => '8002'
    'REMOTE_ADDR' => '127.0.0.1'
    'DOCUMENT_ROOT' => '/home/pedro/facul/website-VeiGest/veigest/backend/web'
    'REQUEST_SCHEME' => 'http'
    'CONTEXT_PREFIX' => ''
    'CONTEXT_DOCUMENT_ROOT' => '/home/pedro/facul/website-VeiGest/veigest/backend/web'
    'SERVER_ADMIN' => '[no address given]'
    'SCRIPT_FILENAME' => '/home/pedro/facul/website-VeiGest/veigest/backend/web/index.php'
    'REMOTE_PORT' => '55800'
    'REDIRECT_URL' => '/img/user-placeholder.png'
    'GATEWAY_INTERFACE' => 'CGI/1.1'
    'SERVER_PROTOCOL' => 'HTTP/1.1'
    'REQUEST_METHOD' => 'GET'
    'QUERY_STRING' => ''
    'REQUEST_URI' => '/img/user-placeholder.png'
    'SCRIPT_NAME' => '/index.php'
    'PHP_SELF' => '/index.php'
    'REQUEST_TIME_FLOAT' => 1767652104.8763
    'REQUEST_TIME' => 1767652104
]
2026-01-05 22:38:03 [127.0.0.1][1][ug14m3965u2chh134p21uoofvp][error][yii\web\HttpException:404] yii\base\InvalidRouteException: Unable to resolve the request "img/user-placeholder.png". in /home/pedro/facul/website-VeiGest/veigest/vendor/yiisoft/yii2/base/Module.php:564
Stack trace:
#0 /home/pedro/facul/website-VeiGest/veigest/vendor/yiisoft/yii2/web/Application.php(103): yii\base\Module->runAction()
#1 /home/pedro/facul/website-VeiGest/veigest/vendor/yiisoft/yii2/base/Application.php(387): yii\web\Application->handleRequest()
#2 /home/pedro/facul/website-VeiGest/veigest/backend/web/index.php(18): yii\base\Application->run()
#3 {main}

Next yii\web\NotFoundHttpException: Page not found. in /home/pedro/facul/website-VeiGest/veigest/vendor/yiisoft/yii2/web/Application.php:115
Stack trace:
#0 /home/pedro/facul/website-VeiGest/veigest/vendor/yiisoft/yii2/base/Application.php(387): yii\web\Application->handleRequest()
#1 /home/pedro/facul/website-VeiGest/veigest/backend/web/index.php(18): yii\base\Application->run()
#2 {main}
2026-01-05 22:38:03 [127.0.0.1][1][ug14m3965u2chh134p21uoofvp][info][application] $_GET = []

$_POST = []

$_FILES = []

$_COOKIE = [
    '_csrf-backend' => '30205aa6519f3b6b7d86bcd1156b12751eb54ea56b09340cae1eb91dc06c6bd9a:2:{i:0;s:13:\"_csrf-backend\";i:1;s:32:\"NcgruIxUW-azQjsYVEeXi2k0TdhT3AiM\";}'
    'VeiGestSession' => '2lr084mrvnfhjgoobmd5jqb3qm'
    '_identity' => 'a1df9c030acb783c0ce8abdcab79517715c7b2e7ba244215a99942dc5293e062a:2:{i:0;s:9:\"_identity\";i:1;s:46:\"[1,\"0678af5b8ba3c03fd251bb27e44b7760\",2592000]\";}'
    '_csrf' => 'ff8984c613f4bec9743df15bbc085daf65e364ef036a56501a71cd00ab4573c9a:2:{i:0;s:5:\"_csrf\";i:1;s:32:\"VwnvmEmSAu4GWub0MrRm6ckYajOfdQMh\";}'
    '_identity-frontend' => '03a09487b642031b89b0c204e5d823027a558531078589ae6fd9790350f173cba:2:{i:0;s:18:\"_identity-frontend\";i:1;s:46:\"[1,\"0678af5b8ba3c03fd251bb27e44b7760\",2592000]\";}'
]

$_SESSION = [
    '__flash' => []
    '__id' => 1
    '__authKey' => '0678af5b8ba3c03fd251bb27e44b7760'
]

$_SERVER = [
    'REDIRECT_STATUS' => '200'
    'HTTP_HOST' => 'veigestback.dryadlang.org'
    'HTTP_USER_AGENT' => 'Mozilla/5.0 (Windows NT 10.0; Win64; x64; rv:146.0) Gecko/20100101 Firefox/146.0'
    'HTTP_ACCEPT' => 'image/avif,image/webp,image/png,image/svg+xml,image/*;q=0.8,*/*;q=0.5'
    'HTTP_ACCEPT_ENCODING' => 'gzip'
    'HTTP_ACCEPT_LANGUAGE' => 'pt-PT,pt;q=0.8,en-US;q=0.5,en;q=0.3'
    'HTTP_CDN_LOOP' => 'cloudflare; loops=1'
    'HTTP_CF_CONNECTING_IP' => '2001:818:e848:8200:24fc:64a9:6d8c:5ccb'
    'HTTP_CF_IPCOUNTRY' => 'PT'
    'HTTP_CF_RAY' => '9b9676ba79188df7-LIS'
    'HTTP_CF_VISITOR' => '{\"scheme\":\"http\"}'
    'HTTP_CF_WARP_TAG_ID' => 'f5bcc1c9-1522-405b-9562-82cfc34acae8'
    'HTTP_CONNECTION' => 'keep-alive'
    'HTTP_COOKIE' => '_csrf-backend=30205aa6519f3b6b7d86bcd1156b12751eb54ea56b09340cae1eb91dc06c6bd9a%3A2%3A%7Bi%3A0%3Bs%3A13%3A%22_csrf-backend%22%3Bi%3A1%3Bs%3A32%3A%22NcgruIxUW-azQjsYVEeXi2k0TdhT3AiM%22%3B%7D; VeiGestSession=2lr084mrvnfhjgoobmd5jqb3qm; _identity=a1df9c030acb783c0ce8abdcab79517715c7b2e7ba244215a99942dc5293e062a%3A2%3A%7Bi%3A0%3Bs%3A9%3A%22_identity%22%3Bi%3A1%3Bs%3A46%3A%22%5B1%2C%220678af5b8ba3c03fd251bb27e44b7760%22%2C2592000%5D%22%3B%7D; _csrf=ff8984c613f4bec9743df15bbc085daf65e364ef036a56501a71cd00ab4573c9a%3A2%3A%7Bi%3A0%3Bs%3A5%3A%22_csrf%22%3Bi%3A1%3Bs%3A32%3A%22VwnvmEmSAu4GWub0MrRm6ckYajOfdQMh%22%3B%7D; _csrf=e3c34eac258f01f37f7787ff611554ba757483efecec95728d193174963e77dca%3A2%3A%7Bi%3A0%3Bs%3A5%3A%22_csrf%22%3Bi%3A1%3Bs%3A32%3A%22nzEb1X1lM_7qempFo_sUWO4S3mzi_TgB%22%3B%7D; VeiGestSession=k4qd7aktvn5j7gi31jeuq1phf3; _identity-frontend=03a09487b642031b89b0c204e5d823027a558531078589ae6fd9790350f173cba%3A2%3A%7Bi%3A0%3Bs%3A18%3A%22_identity-frontend%22%3Bi%3A1%3Bs%3A46%3A%22%5B1%2C%220678af5b8ba3c03fd251bb27e44b7760%22%2C2592000%5D%22%3B%7D'
    'HTTP_PRIORITY' => 'u=5, i'
    'HTTP_REFERER' => 'http://veigestback.dryadlang.org/'
    'HTTP_SEC_GPC' => '1'
    'HTTP_X_FORWARDED_FOR' => '2001:818:e848:8200:24fc:64a9:6d8c:5ccb'
    'HTTP_X_FORWARDED_PROTO' => 'http'
    'PATH' => '/usr/local/sbin:/usr/local/bin:/usr/sbin:/usr/bin:/snap/bin'
    'SERVER_SIGNATURE' => '<address>Apache/2.4.58 (Ubuntu) Server at veigestback.dryadlang.org Port 8002</address>
'
    'SERVER_SOFTWARE' => 'Apache/2.4.58 (Ubuntu)'
    'SERVER_NAME' => 'veigestback.dryadlang.org'
    'SERVER_ADDR' => '127.0.0.1'
    'SERVER_PORT' => '8002'
    'REMOTE_ADDR' => '127.0.0.1'
    'DOCUMENT_ROOT' => '/home/pedro/facul/website-VeiGest/veigest/backend/web'
    'REQUEST_SCHEME' => 'http'
    'CONTEXT_PREFIX' => ''
    'CONTEXT_DOCUMENT_ROOT' => '/home/pedro/facul/website-VeiGest/veigest/backend/web'
    'SERVER_ADMIN' => '[no address given]'
    'SCRIPT_FILENAME' => '/home/pedro/facul/website-VeiGest/veigest/backend/web/index.php'
    'REMOTE_PORT' => '42802'
    'REDIRECT_URL' => '/img/user-placeholder.png'
    'GATEWAY_INTERFACE' => 'CGI/1.1'
    'SERVER_PROTOCOL' => 'HTTP/1.1'
    'REQUEST_METHOD' => 'GET'
    'QUERY_STRING' => ''
    'REQUEST_URI' => '/img/user-placeholder.png'
    'SCRIPT_NAME' => '/index.php'
    'PHP_SELF' => '/index.php'
    'REQUEST_TIME_FLOAT' => 1767652683.9337
    'REQUEST_TIME' => 1767652683
]
2026-01-05 23:55:39 [127.0.0.1][1][3aa3u4iqoh78rs1f2p2nmahbns][error][yii\web\HttpException:404] yii\base\InvalidRouteException: Unable to resolve the request "img/user-placeholder.png". in /home/pedro/facul/website-VeiGest/veigest/vendor/yiisoft/yii2/base/Module.php:564
Stack trace:
#0 /home/pedro/facul/website-VeiGest/veigest/vendor/yiisoft/yii2/web/Application.php(103): yii\base\Module->runAction()
#1 /home/pedro/facul/website-VeiGest/veigest/vendor/yiisoft/yii2/base/Application.php(387): yii\web\Application->handleRequest()
#2 /home/pedro/facul/website-VeiGest/veigest/backend/web/index.php(18): yii\base\Application->run()
#3 {main}

Next yii\web\NotFoundHttpException: Page not found. in /home/pedro/facul/website-VeiGest/veigest/vendor/yiisoft/yii2/web/Application.php:115
Stack trace:
#0 /home/pedro/facul/website-VeiGest/veigest/vendor/yiisoft/yii2/base/Application.php(387): yii\web\Application->handleRequest()
#1 /home/pedro/facul/website-VeiGest/veigest/backend/web/index.php(18): yii\base\Application->run()
#2 {main}
2026-01-05 23:55:39 [127.0.0.1][1][3aa3u4iqoh78rs1f2p2nmahbns][info][application] $_GET = []

$_POST = []

$_FILES = []

$_COOKIE = [
    '_csrf-backend' => '30205aa6519f3b6b7d86bcd1156b12751eb54ea56b09340cae1eb91dc06c6bd9a:2:{i:0;s:13:\"_csrf-backend\";i:1;s:32:\"NcgruIxUW-azQjsYVEeXi2k0TdhT3AiM\";}'
    'VeiGestSession' => '2lr084mrvnfhjgoobmd5jqb3qm'
    '_identity' => 'a1df9c030acb783c0ce8abdcab79517715c7b2e7ba244215a99942dc5293e062a:2:{i:0;s:9:\"_identity\";i:1;s:46:\"[1,\"0678af5b8ba3c03fd251bb27e44b7760\",2592000]\";}'
    '_csrf' => 'ff8984c613f4bec9743df15bbc085daf65e364ef036a56501a71cd00ab4573c9a:2:{i:0;s:5:\"_csrf\";i:1;s:32:\"VwnvmEmSAu4GWub0MrRm6ckYajOfdQMh\";}'
    '_identity-frontend' => '79c88d30a679bdead58529e03a973c53b0affad8b20784a6b656a2743b62a5a1a:2:{i:0;s:18:\"_identity-frontend\";i:1;s:46:\"[1,\"1f594a95eeee52b0693e77048091ad12\",2592000]\";}'
]

$_SESSION = [
    '__flash' => []
    '__id' => 1
    '__authKey' => '1f594a95eeee52b0693e77048091ad12'
]

$_SERVER = [
    'REDIRECT_STATUS' => '200'
    'HTTP_HOST' => 'veigestback.dryadlang.org'
    'HTTP_USER_AGENT' => 'Mozilla/5.0 (Windows NT 10.0; Win64; x64; rv:146.0) Gecko/20100101 Firefox/146.0'
    'HTTP_ACCEPT' => 'image/avif,image/webp,image/png,image/svg+xml,image/*;q=0.8,*/*;q=0.5'
    'HTTP_ACCEPT_ENCODING' => 'gzip'
    'HTTP_ACCEPT_LANGUAGE' => 'pt-PT,pt;q=0.8,en-US;q=0.5,en;q=0.3'
    'HTTP_CDN_LOOP' => 'cloudflare; loops=1'
    'HTTP_CF_CONNECTING_IP' => '2001:818:e848:8200:24fc:64a9:6d8c:5ccb'
    'HTTP_CF_IPCOUNTRY' => 'PT'
    'HTTP_CF_RAY' => '9b96e8620e32e3b4-LIS'
    'HTTP_CF_VISITOR' => '{\"scheme\":\"http\"}'
    'HTTP_CF_WARP_TAG_ID' => 'f5bcc1c9-1522-405b-9562-82cfc34acae8'
    'HTTP_CONNECTION' => 'keep-alive'
    'HTTP_COOKIE' => '_csrf-backend=30205aa6519f3b6b7d86bcd1156b12751eb54ea56b09340cae1eb91dc06c6bd9a%3A2%3A%7Bi%3A0%3Bs%3A13%3A%22_csrf-backend%22%3Bi%3A1%3Bs%3A32%3A%22NcgruIxUW-azQjsYVEeXi2k0TdhT3AiM%22%3B%7D; VeiGestSession=2lr084mrvnfhjgoobmd5jqb3qm; _identity=a1df9c030acb783c0ce8abdcab79517715c7b2e7ba244215a99942dc5293e062a%3A2%3A%7Bi%3A0%3Bs%3A9%3A%22_identity%22%3Bi%3A1%3Bs%3A46%3A%22%5B1%2C%220678af5b8ba3c03fd251bb27e44b7760%22%2C2592000%5D%22%3B%7D; _csrf=ff8984c613f4bec9743df15bbc085daf65e364ef036a56501a71cd00ab4573c9a%3A2%3A%7Bi%3A0%3Bs%3A5%3A%22_csrf%22%3Bi%3A1%3Bs%3A32%3A%22VwnvmEmSAu4GWub0MrRm6ckYajOfdQMh%22%3B%7D; _csrf=32d227eada8f7df6e3575936eccb971e67a9103ed7454ea64bc21549d02d4fa5a%3A2%3A%7Bi%3A0%3Bs%3A5%3A%22_csrf%22%3Bi%3A1%3Bs%3A32%3A%22Auc2CDjKJ3Hgev6Mv7Ss_mqFFd3MJ8Z-%22%3B%7D; VeiGestSession=rh6vc404mc41gqbqjt7pj2brql; _identity-frontend=79c88d30a679bdead58529e03a973c53b0affad8b20784a6b656a2743b62a5a1a%3A2%3A%7Bi%3A0%3Bs%3A18%3A%22_identity-frontend%22%3Bi%3A1%3Bs%3A46%3A%22%5B1%2C%221f594a95eeee52b0693e77048091ad12%22%2C2592000%5D%22%3B%7D'
    'HTTP_PRIORITY' => 'u=5, i'
    'HTTP_REFERER' => 'http://veigestback.dryadlang.org/'
    'HTTP_SEC_GPC' => '1'
    'HTTP_X_FORWARDED_FOR' => '2001:818:e848:8200:24fc:64a9:6d8c:5ccb'
    'HTTP_X_FORWARDED_PROTO' => 'http'
    'PATH' => '/usr/local/sbin:/usr/local/bin:/usr/sbin:/usr/bin:/snap/bin'
    'SERVER_SIGNATURE' => '<address>Apache/2.4.58 (Ubuntu) Server at veigestback.dryadlang.org Port 8002</address>
'
    'SERVER_SOFTWARE' => 'Apache/2.4.58 (Ubuntu)'
    'SERVER_NAME' => 'veigestback.dryadlang.org'
    'SERVER_ADDR' => '127.0.0.1'
    'SERVER_PORT' => '8002'
    'REMOTE_ADDR' => '127.0.0.1'
    'DOCUMENT_ROOT' => '/home/pedro/facul/website-VeiGest/veigest/backend/web'
    'REQUEST_SCHEME' => 'http'
    'CONTEXT_PREFIX' => ''
    'CONTEXT_DOCUMENT_ROOT' => '/home/pedro/facul/website-VeiGest/veigest/backend/web'
    'SERVER_ADMIN' => '[no address given]'
    'SCRIPT_FILENAME' => '/home/pedro/facul/website-VeiGest/veigest/backend/web/index.php'
    'REMOTE_PORT' => '46132'
    'REDIRECT_URL' => '/img/user-placeholder.png'
    'GATEWAY_INTERFACE' => 'CGI/1.1'
    'SERVER_PROTOCOL' => 'HTTP/1.1'
    'REQUEST_METHOD' => 'GET'
    'QUERY_STRING' => ''
    'REQUEST_URI' => '/img/user-placeholder.png'
    'SCRIPT_NAME' => '/index.php'
    'PHP_SELF' => '/index.php'
    'REQUEST_TIME_FLOAT' => 1767657339.2165
    'REQUEST_TIME' => 1767657339
]
2026-01-05 23:55:40 [127.0.0.1][1][4dd9blueqae4pqn1fsc8q9jp72][error][yii\web\HttpException:404] yii\base\InvalidRouteException: Unable to resolve the request "img/user-placeholder.png". in /home/pedro/facul/website-VeiGest/veigest/vendor/yiisoft/yii2/base/Module.php:564
Stack trace:
#0 /home/pedro/facul/website-VeiGest/veigest/vendor/yiisoft/yii2/web/Application.php(103): yii\base\Module->runAction()
#1 /home/pedro/facul/website-VeiGest/veigest/vendor/yiisoft/yii2/base/Application.php(387): yii\web\Application->handleRequest()
#2 /home/pedro/facul/website-VeiGest/veigest/backend/web/index.php(18): yii\base\Application->run()
#3 {main}

Next yii\web\NotFoundHttpException: Page not found. in /home/pedro/facul/website-VeiGest/veigest/vendor/yiisoft/yii2/web/Application.php:115
Stack trace:
#0 /home/pedro/facul/website-VeiGest/veigest/vendor/yiisoft/yii2/base/Application.php(387): yii\web\Application->handleRequest()
#1 /home/pedro/facul/website-VeiGest/veigest/backend/web/index.php(18): yii\base\Application->run()
#2 {main}
2026-01-05 23:55:40 [127.0.0.1][1][4dd9blueqae4pqn1fsc8q9jp72][info][application] $_GET = []

$_POST = []

$_FILES = []

$_COOKIE = [
    '_csrf-backend' => '30205aa6519f3b6b7d86bcd1156b12751eb54ea56b09340cae1eb91dc06c6bd9a:2:{i:0;s:13:\"_csrf-backend\";i:1;s:32:\"NcgruIxUW-azQjsYVEeXi2k0TdhT3AiM\";}'
    'VeiGestSession' => '2lr084mrvnfhjgoobmd5jqb3qm'
    '_identity' => 'a1df9c030acb783c0ce8abdcab79517715c7b2e7ba244215a99942dc5293e062a:2:{i:0;s:9:\"_identity\";i:1;s:46:\"[1,\"0678af5b8ba3c03fd251bb27e44b7760\",2592000]\";}'
    '_csrf' => 'ff8984c613f4bec9743df15bbc085daf65e364ef036a56501a71cd00ab4573c9a:2:{i:0;s:5:\"_csrf\";i:1;s:32:\"VwnvmEmSAu4GWub0MrRm6ckYajOfdQMh\";}'
    '_identity-frontend' => '79c88d30a679bdead58529e03a973c53b0affad8b20784a6b656a2743b62a5a1a:2:{i:0;s:18:\"_identity-frontend\";i:1;s:46:\"[1,\"1f594a95eeee52b0693e77048091ad12\",2592000]\";}'
]

$_SESSION = [
    '__flash' => []
    '__id' => 1
    '__authKey' => '1f594a95eeee52b0693e77048091ad12'
]

$_SERVER = [
    'REDIRECT_STATUS' => '200'
    'HTTP_HOST' => 'veigestback.dryadlang.org'
    'HTTP_USER_AGENT' => 'Mozilla/5.0 (Windows NT 10.0; Win64; x64; rv:146.0) Gecko/20100101 Firefox/146.0'
    'HTTP_ACCEPT' => 'image/avif,image/webp,image/png,image/svg+xml,image/*;q=0.8,*/*;q=0.5'
    'HTTP_ACCEPT_ENCODING' => 'gzip'
    'HTTP_ACCEPT_LANGUAGE' => 'pt-PT,pt;q=0.8,en-US;q=0.5,en;q=0.3'
    'HTTP_CDN_LOOP' => 'cloudflare; loops=1'
    'HTTP_CF_CONNECTING_IP' => '2001:818:e848:8200:24fc:64a9:6d8c:5ccb'
    'HTTP_CF_IPCOUNTRY' => 'PT'
    'HTTP_CF_RAY' => '9b96e86b8cdc48a7-LIS'
    'HTTP_CF_VISITOR' => '{\"scheme\":\"http\"}'
    'HTTP_CF_WARP_TAG_ID' => 'f5bcc1c9-1522-405b-9562-82cfc34acae8'
    'HTTP_CONNECTION' => 'keep-alive'
    'HTTP_COOKIE' => '_csrf-backend=30205aa6519f3b6b7d86bcd1156b12751eb54ea56b09340cae1eb91dc06c6bd9a%3A2%3A%7Bi%3A0%3Bs%3A13%3A%22_csrf-backend%22%3Bi%3A1%3Bs%3A32%3A%22NcgruIxUW-azQjsYVEeXi2k0TdhT3AiM%22%3B%7D; VeiGestSession=2lr084mrvnfhjgoobmd5jqb3qm; _identity=a1df9c030acb783c0ce8abdcab79517715c7b2e7ba244215a99942dc5293e062a%3A2%3A%7Bi%3A0%3Bs%3A9%3A%22_identity%22%3Bi%3A1%3Bs%3A46%3A%22%5B1%2C%220678af5b8ba3c03fd251bb27e44b7760%22%2C2592000%5D%22%3B%7D; _csrf=ff8984c613f4bec9743df15bbc085daf65e364ef036a56501a71cd00ab4573c9a%3A2%3A%7Bi%3A0%3Bs%3A5%3A%22_csrf%22%3Bi%3A1%3Bs%3A32%3A%22VwnvmEmSAu4GWub0MrRm6ckYajOfdQMh%22%3B%7D; _csrf=32d227eada8f7df6e3575936eccb971e67a9103ed7454ea64bc21549d02d4fa5a%3A2%3A%7Bi%3A0%3Bs%3A5%3A%22_csrf%22%3Bi%3A1%3Bs%3A32%3A%22Auc2CDjKJ3Hgev6Mv7Ss_mqFFd3MJ8Z-%22%3B%7D; VeiGestSession=4n4b81urb9cmqangk1km5scbud; _identity-frontend=79c88d30a679bdead58529e03a973c53b0affad8b20784a6b656a2743b62a5a1a%3A2%3A%7Bi%3A0%3Bs%3A18%3A%22_identity-frontend%22%3Bi%3A1%3Bs%3A46%3A%22%5B1%2C%221f594a95eeee52b0693e77048091ad12%22%2C2592000%5D%22%3B%7D'
    'HTTP_PRIORITY' => 'u=4, i'
    'HTTP_REFERER' => 'http://veigestback.dryadlang.org/ticket/index'
    'HTTP_SEC_GPC' => '1'
    'HTTP_X_FORWARDED_FOR' => '2001:818:e848:8200:24fc:64a9:6d8c:5ccb'
    'HTTP_X_FORWARDED_PROTO' => 'http'
    'PATH' => '/usr/local/sbin:/usr/local/bin:/usr/sbin:/usr/bin:/snap/bin'
    'SERVER_SIGNATURE' => '<address>Apache/2.4.58 (Ubuntu) Server at veigestback.dryadlang.org Port 8002</address>
'
    'SERVER_SOFTWARE' => 'Apache/2.4.58 (Ubuntu)'
    'SERVER_NAME' => 'veigestback.dryadlang.org'
    'SERVER_ADDR' => '127.0.0.1'
    'SERVER_PORT' => '8002'
    'REMOTE_ADDR' => '127.0.0.1'
    'DOCUMENT_ROOT' => '/home/pedro/facul/website-VeiGest/veigest/backend/web'
    'REQUEST_SCHEME' => 'http'
    'CONTEXT_PREFIX' => ''
    'CONTEXT_DOCUMENT_ROOT' => '/home/pedro/facul/website-VeiGest/veigest/backend/web'
    'SERVER_ADMIN' => '[no address given]'
    'SCRIPT_FILENAME' => '/home/pedro/facul/website-VeiGest/veigest/backend/web/index.php'
    'REMOTE_PORT' => '46132'
    'REDIRECT_URL' => '/img/user-placeholder.png'
    'GATEWAY_INTERFACE' => 'CGI/1.1'
    'SERVER_PROTOCOL' => 'HTTP/1.1'
    'REQUEST_METHOD' => 'GET'
    'QUERY_STRING' => ''
    'REQUEST_URI' => '/img/user-placeholder.png'
    'SCRIPT_NAME' => '/index.php'
    'PHP_SELF' => '/index.php'
    'REQUEST_TIME_FLOAT' => 1767657340.746
    'REQUEST_TIME' => 1767657340
]
2026-01-05 23:55:47 [127.0.0.1][1][nsermsslrgbs41rl2n9e6p295s][error][yii\web\HttpException:404] yii\base\InvalidRouteException: Unable to resolve the request "img/user-placeholder.png". in /home/pedro/facul/website-VeiGest/veigest/vendor/yiisoft/yii2/base/Module.php:564
Stack trace:
#0 /home/pedro/facul/website-VeiGest/veigest/vendor/yiisoft/yii2/web/Application.php(103): yii\base\Module->runAction()
#1 /home/pedro/facul/website-VeiGest/veigest/vendor/yiisoft/yii2/base/Application.php(387): yii\web\Application->handleRequest()
#2 /home/pedro/facul/website-VeiGest/veigest/backend/web/index.php(18): yii\base\Application->run()
#3 {main}

Next yii\web\NotFoundHttpException: Page not found. in /home/pedro/facul/website-VeiGest/veigest/vendor/yiisoft/yii2/web/Application.php:115
Stack trace:
#0 /home/pedro/facul/website-VeiGest/veigest/vendor/yiisoft/yii2/base/Application.php(387): yii\web\Application->handleRequest()
#1 /home/pedro/facul/website-VeiGest/veigest/backend/web/index.php(18): yii\base\Application->run()
#2 {main}
2026-01-05 23:55:47 [127.0.0.1][1][nsermsslrgbs41rl2n9e6p295s][info][application] $_GET = []

$_POST = []

$_FILES = []

$_COOKIE = [
    '_csrf-backend' => '30205aa6519f3b6b7d86bcd1156b12751eb54ea56b09340cae1eb91dc06c6bd9a:2:{i:0;s:13:\"_csrf-backend\";i:1;s:32:\"NcgruIxUW-azQjsYVEeXi2k0TdhT3AiM\";}'
    'VeiGestSession' => '2lr084mrvnfhjgoobmd5jqb3qm'
    '_identity' => 'a1df9c030acb783c0ce8abdcab79517715c7b2e7ba244215a99942dc5293e062a:2:{i:0;s:9:\"_identity\";i:1;s:46:\"[1,\"0678af5b8ba3c03fd251bb27e44b7760\",2592000]\";}'
    '_csrf' => 'ff8984c613f4bec9743df15bbc085daf65e364ef036a56501a71cd00ab4573c9a:2:{i:0;s:5:\"_csrf\";i:1;s:32:\"VwnvmEmSAu4GWub0MrRm6ckYajOfdQMh\";}'
    '_identity-frontend' => '79c88d30a679bdead58529e03a973c53b0affad8b20784a6b656a2743b62a5a1a:2:{i:0;s:18:\"_identity-frontend\";i:1;s:46:\"[1,\"1f594a95eeee52b0693e77048091ad12\",2592000]\";}'
]

$_SESSION = [
    '__flash' => []
    '__id' => 1
    '__authKey' => '1f594a95eeee52b0693e77048091ad12'
]

$_SERVER = [
    'REDIRECT_STATUS' => '200'
    'HTTP_HOST' => 'veigestback.dryadlang.org'
    'HTTP_USER_AGENT' => 'Mozilla/5.0 (Windows NT 10.0; Win64; x64; rv:146.0) Gecko/20100101 Firefox/146.0'
    'HTTP_ACCEPT' => 'image/avif,image/webp,image/png,image/svg+xml,image/*;q=0.8,*/*;q=0.5'
    'HTTP_ACCEPT_ENCODING' => 'gzip'
    'HTTP_ACCEPT_LANGUAGE' => 'pt-PT,pt;q=0.8,en-US;q=0.5,en;q=0.3'
    'HTTP_CDN_LOOP' => 'cloudflare; loops=1'
    'HTTP_CF_CONNECTING_IP' => '2001:818:e848:8200:24fc:64a9:6d8c:5ccb'
    'HTTP_CF_IPCOUNTRY' => 'PT'
    'HTTP_CF_RAY' => '9b96e897cd0ae3b4-LIS'
    'HTTP_CF_VISITOR' => '{\"scheme\":\"http\"}'
    'HTTP_CF_WARP_TAG_ID' => 'f5bcc1c9-1522-405b-9562-82cfc34acae8'
    'HTTP_CONNECTION' => 'keep-alive'
    'HTTP_COOKIE' => '_csrf-backend=30205aa6519f3b6b7d86bcd1156b12751eb54ea56b09340cae1eb91dc06c6bd9a%3A2%3A%7Bi%3A0%3Bs%3A13%3A%22_csrf-backend%22%3Bi%3A1%3Bs%3A32%3A%22NcgruIxUW-azQjsYVEeXi2k0TdhT3AiM%22%3B%7D; VeiGestSession=2lr084mrvnfhjgoobmd5jqb3qm; _identity=a1df9c030acb783c0ce8abdcab79517715c7b2e7ba244215a99942dc5293e062a%3A2%3A%7Bi%3A0%3Bs%3A9%3A%22_identity%22%3Bi%3A1%3Bs%3A46%3A%22%5B1%2C%220678af5b8ba3c03fd251bb27e44b7760%22%2C2592000%5D%22%3B%7D; _csrf=ff8984c613f4bec9743df15bbc085daf65e364ef036a56501a71cd00ab4573c9a%3A2%3A%7Bi%3A0%3Bs%3A5%3A%22_csrf%22%3Bi%3A1%3Bs%3A32%3A%22VwnvmEmSAu4GWub0MrRm6ckYajOfdQMh%22%3B%7D; _csrf=32d227eada8f7df6e3575936eccb971e67a9103ed7454ea64bc21549d02d4fa5a%3A2%3A%7Bi%3A0%3Bs%3A5%3A%22_csrf%22%3Bi%3A1%3Bs%3A32%3A%22Auc2CDjKJ3Hgev6Mv7Ss_mqFFd3MJ8Z-%22%3B%7D; VeiGestSession=1j9lhd2su5acr6cn2abs9m5noh; _identity-frontend=79c88d30a679bdead58529e03a973c53b0affad8b20784a6b656a2743b62a5a1a%3A2%3A%7Bi%3A0%3Bs%3A18%3A%22_identity-frontend%22%3Bi%3A1%3Bs%3A46%3A%22%5B1%2C%221f594a95eeee52b0693e77048091ad12%22%2C2592000%5D%22%3B%7D'
    'HTTP_PRIORITY' => 'u=4, i'
    'HTTP_REFERER' => 'http://veigestback.dryadlang.org/ticket/index?status=all&priority=low&category=all'
    'HTTP_SEC_GPC' => '1'
    'HTTP_X_FORWARDED_FOR' => '2001:818:e848:8200:24fc:64a9:6d8c:5ccb'
    'HTTP_X_FORWARDED_PROTO' => 'http'
    'PATH' => '/usr/local/sbin:/usr/local/bin:/usr/sbin:/usr/bin:/snap/bin'
    'SERVER_SIGNATURE' => '<address>Apache/2.4.58 (Ubuntu) Server at veigestback.dryadlang.org Port 8002</address>
'
    'SERVER_SOFTWARE' => 'Apache/2.4.58 (Ubuntu)'
    'SERVER_NAME' => 'veigestback.dryadlang.org'
    'SERVER_ADDR' => '127.0.0.1'
    'SERVER_PORT' => '8002'
    'REMOTE_ADDR' => '127.0.0.1'
    'DOCUMENT_ROOT' => '/home/pedro/facul/website-VeiGest/veigest/backend/web'
    'REQUEST_SCHEME' => 'http'
    'CONTEXT_PREFIX' => ''
    'CONTEXT_DOCUMENT_ROOT' => '/home/pedro/facul/website-VeiGest/veigest/backend/web'
    'SERVER_ADMIN' => '[no address given]'
    'SCRIPT_FILENAME' => '/home/pedro/facul/website-VeiGest/veigest/backend/web/index.php'
    'REMOTE_PORT' => '48672'
    'REDIRECT_URL' => '/img/user-placeholder.png'
    'GATEWAY_INTERFACE' => 'CGI/1.1'
    'SERVER_PROTOCOL' => 'HTTP/1.1'
    'REQUEST_METHOD' => 'GET'
    'QUERY_STRING' => ''
    'REQUEST_URI' => '/img/user-placeholder.png'
    'SCRIPT_NAME' => '/index.php'
    'PHP_SELF' => '/index.php'
    'REQUEST_TIME_FLOAT' => 1767657347.8173
    'REQUEST_TIME' => 1767657347
]
2026-01-05 23:55:50 [127.0.0.1][1][daop5n5538a3emcagsuvmfe9m4][error][yii\web\HttpException:404] yii\base\InvalidRouteException: Unable to resolve the request "img/user-placeholder.png". in /home/pedro/facul/website-VeiGest/veigest/vendor/yiisoft/yii2/base/Module.php:564
Stack trace:
#0 /home/pedro/facul/website-VeiGest/veigest/vendor/yiisoft/yii2/web/Application.php(103): yii\base\Module->runAction()
#1 /home/pedro/facul/website-VeiGest/veigest/vendor/yiisoft/yii2/base/Application.php(387): yii\web\Application->handleRequest()
#2 /home/pedro/facul/website-VeiGest/veigest/backend/web/index.php(18): yii\base\Application->run()
#3 {main}

Next yii\web\NotFoundHttpException: Page not found. in /home/pedro/facul/website-VeiGest/veigest/vendor/yiisoft/yii2/web/Application.php:115
Stack trace:
#0 /home/pedro/facul/website-VeiGest/veigest/vendor/yiisoft/yii2/base/Application.php(387): yii\web\Application->handleRequest()
#1 /home/pedro/facul/website-VeiGest/veigest/backend/web/index.php(18): yii\base\Application->run()
#2 {main}
2026-01-05 23:55:50 [127.0.0.1][1][daop5n5538a3emcagsuvmfe9m4][info][application] $_GET = []

$_POST = []

$_FILES = []

$_COOKIE = [
    '_csrf-backend' => '30205aa6519f3b6b7d86bcd1156b12751eb54ea56b09340cae1eb91dc06c6bd9a:2:{i:0;s:13:\"_csrf-backend\";i:1;s:32:\"NcgruIxUW-azQjsYVEeXi2k0TdhT3AiM\";}'
    'VeiGestSession' => '2lr084mrvnfhjgoobmd5jqb3qm'
    '_identity' => 'a1df9c030acb783c0ce8abdcab79517715c7b2e7ba244215a99942dc5293e062a:2:{i:0;s:9:\"_identity\";i:1;s:46:\"[1,\"0678af5b8ba3c03fd251bb27e44b7760\",2592000]\";}'
    '_csrf' => 'ff8984c613f4bec9743df15bbc085daf65e364ef036a56501a71cd00ab4573c9a:2:{i:0;s:5:\"_csrf\";i:1;s:32:\"VwnvmEmSAu4GWub0MrRm6ckYajOfdQMh\";}'
    '_identity-frontend' => '79c88d30a679bdead58529e03a973c53b0affad8b20784a6b656a2743b62a5a1a:2:{i:0;s:18:\"_identity-frontend\";i:1;s:46:\"[1,\"1f594a95eeee52b0693e77048091ad12\",2592000]\";}'
]

$_SESSION = [
    '__flash' => []
    '__id' => 1
    '__authKey' => '1f594a95eeee52b0693e77048091ad12'
]

$_SERVER = [
    'REDIRECT_STATUS' => '200'
    'HTTP_HOST' => 'veigestback.dryadlang.org'
    'HTTP_USER_AGENT' => 'Mozilla/5.0 (Windows NT 10.0; Win64; x64; rv:146.0) Gecko/20100101 Firefox/146.0'
    'HTTP_ACCEPT' => 'image/avif,image/webp,image/png,image/svg+xml,image/*;q=0.8,*/*;q=0.5'
    'HTTP_ACCEPT_ENCODING' => 'gzip'
    'HTTP_ACCEPT_LANGUAGE' => 'pt-PT,pt;q=0.8,en-US;q=0.5,en;q=0.3'
    'HTTP_CDN_LOOP' => 'cloudflare; loops=1'
    'HTTP_CF_CONNECTING_IP' => '2001:818:e848:8200:24fc:64a9:6d8c:5ccb'
    'HTTP_CF_IPCOUNTRY' => 'PT'
    'HTTP_CF_RAY' => '9b96e8ab58d3e3b4-LIS'
    'HTTP_CF_VISITOR' => '{\"scheme\":\"http\"}'
    'HTTP_CF_WARP_TAG_ID' => 'f5bcc1c9-1522-405b-9562-82cfc34acae8'
    'HTTP_CONNECTION' => 'keep-alive'
    'HTTP_COOKIE' => '_csrf-backend=30205aa6519f3b6b7d86bcd1156b12751eb54ea56b09340cae1eb91dc06c6bd9a%3A2%3A%7Bi%3A0%3Bs%3A13%3A%22_csrf-backend%22%3Bi%3A1%3Bs%3A32%3A%22NcgruIxUW-azQjsYVEeXi2k0TdhT3AiM%22%3B%7D; VeiGestSession=2lr084mrvnfhjgoobmd5jqb3qm; _identity=a1df9c030acb783c0ce8abdcab79517715c7b2e7ba244215a99942dc5293e062a%3A2%3A%7Bi%3A0%3Bs%3A9%3A%22_identity%22%3Bi%3A1%3Bs%3A46%3A%22%5B1%2C%220678af5b8ba3c03fd251bb27e44b7760%22%2C2592000%5D%22%3B%7D; _csrf=ff8984c613f4bec9743df15bbc085daf65e364ef036a56501a71cd00ab4573c9a%3A2%3A%7Bi%3A0%3Bs%3A5%3A%22_csrf%22%3Bi%3A1%3Bs%3A32%3A%22VwnvmEmSAu4GWub0MrRm6ckYajOfdQMh%22%3B%7D; _csrf=32d227eada8f7df6e3575936eccb971e67a9103ed7454ea64bc21549d02d4fa5a%3A2%3A%7Bi%3A0%3Bs%3A5%3A%22_csrf%22%3Bi%3A1%3Bs%3A32%3A%22Auc2CDjKJ3Hgev6Mv7Ss_mqFFd3MJ8Z-%22%3B%7D; VeiGestSession=hpmpl6ufgdjvr15qcqoglph53f; _identity-frontend=79c88d30a679bdead58529e03a973c53b0affad8b20784a6b656a2743b62a5a1a%3A2%3A%7Bi%3A0%3Bs%3A18%3A%22_identity-frontend%22%3Bi%3A1%3Bs%3A46%3A%22%5B1%2C%221f594a95eeee52b0693e77048091ad12%22%2C2592000%5D%22%3B%7D'
    'HTTP_PRIORITY' => 'u=5, i'
    'HTTP_REFERER' => 'http://veigestback.dryadlang.org/ticket/index?status=open&priority=low&category=all'
    'HTTP_SEC_GPC' => '1'
    'HTTP_X_FORWARDED_FOR' => '2001:818:e848:8200:24fc:64a9:6d8c:5ccb'
    'HTTP_X_FORWARDED_PROTO' => 'http'
    'PATH' => '/usr/local/sbin:/usr/local/bin:/usr/sbin:/usr/bin:/snap/bin'
    'SERVER_SIGNATURE' => '<address>Apache/2.4.58 (Ubuntu) Server at veigestback.dryadlang.org Port 8002</address>
'
    'SERVER_SOFTWARE' => 'Apache/2.4.58 (Ubuntu)'
    'SERVER_NAME' => 'veigestback.dryadlang.org'
    'SERVER_ADDR' => '127.0.0.1'
    'SERVER_PORT' => '8002'
    'REMOTE_ADDR' => '127.0.0.1'
    'DOCUMENT_ROOT' => '/home/pedro/facul/website-VeiGest/veigest/backend/web'
    'REQUEST_SCHEME' => 'http'
    'CONTEXT_PREFIX' => ''
    'CONTEXT_DOCUMENT_ROOT' => '/home/pedro/facul/website-VeiGest/veigest/backend/web'
    'SERVER_ADMIN' => '[no address given]'
    'SCRIPT_FILENAME' => '/home/pedro/facul/website-VeiGest/veigest/backend/web/index.php'
    'REMOTE_PORT' => '48672'
    'REDIRECT_URL' => '/img/user-placeholder.png'
    'GATEWAY_INTERFACE' => 'CGI/1.1'
    'SERVER_PROTOCOL' => 'HTTP/1.1'
    'REQUEST_METHOD' => 'GET'
    'QUERY_STRING' => ''
    'REQUEST_URI' => '/img/user-placeholder.png'
    'SCRIPT_NAME' => '/index.php'
    'PHP_SELF' => '/index.php'
    'REQUEST_TIME_FLOAT' => 1767657350.9383
    'REQUEST_TIME' => 1767657350
]
2026-01-05 23:55:53 [127.0.0.1][1][fdtj8qvh5vv1l6evm62lj3mrvv][error][yii\web\HttpException:404] yii\base\InvalidRouteException: Unable to resolve the request "img/user-placeholder.png". in /home/pedro/facul/website-VeiGest/veigest/vendor/yiisoft/yii2/base/Module.php:564
Stack trace:
#0 /home/pedro/facul/website-VeiGest/veigest/vendor/yiisoft/yii2/web/Application.php(103): yii\base\Module->runAction()
#1 /home/pedro/facul/website-VeiGest/veigest/vendor/yiisoft/yii2/base/Application.php(387): yii\web\Application->handleRequest()
#2 /home/pedro/facul/website-VeiGest/veigest/backend/web/index.php(18): yii\base\Application->run()
#3 {main}

Next yii\web\NotFoundHttpException: Page not found. in /home/pedro/facul/website-VeiGest/veigest/vendor/yiisoft/yii2/web/Application.php:115
Stack trace:
#0 /home/pedro/facul/website-VeiGest/veigest/vendor/yiisoft/yii2/base/Application.php(387): yii\web\Application->handleRequest()
#1 /home/pedro/facul/website-VeiGest/veigest/backend/web/index.php(18): yii\base\Application->run()
#2 {main}
2026-01-05 23:55:53 [127.0.0.1][1][fdtj8qvh5vv1l6evm62lj3mrvv][info][application] $_GET = []

$_POST = []

$_FILES = []

$_COOKIE = [
    '_csrf-backend' => '30205aa6519f3b6b7d86bcd1156b12751eb54ea56b09340cae1eb91dc06c6bd9a:2:{i:0;s:13:\"_csrf-backend\";i:1;s:32:\"NcgruIxUW-azQjsYVEeXi2k0TdhT3AiM\";}'
    'VeiGestSession' => '2lr084mrvnfhjgoobmd5jqb3qm'
    '_identity' => 'a1df9c030acb783c0ce8abdcab79517715c7b2e7ba244215a99942dc5293e062a:2:{i:0;s:9:\"_identity\";i:1;s:46:\"[1,\"0678af5b8ba3c03fd251bb27e44b7760\",2592000]\";}'
    '_csrf' => 'ff8984c613f4bec9743df15bbc085daf65e364ef036a56501a71cd00ab4573c9a:2:{i:0;s:5:\"_csrf\";i:1;s:32:\"VwnvmEmSAu4GWub0MrRm6ckYajOfdQMh\";}'
    '_identity-frontend' => '79c88d30a679bdead58529e03a973c53b0affad8b20784a6b656a2743b62a5a1a:2:{i:0;s:18:\"_identity-frontend\";i:1;s:46:\"[1,\"1f594a95eeee52b0693e77048091ad12\",2592000]\";}'
]

$_SESSION = [
    '__flash' => []
    '__id' => 1
    '__authKey' => '1f594a95eeee52b0693e77048091ad12'
]

$_SERVER = [
    'REDIRECT_STATUS' => '200'
    'HTTP_HOST' => 'veigestback.dryadlang.org'
    'HTTP_USER_AGENT' => 'Mozilla/5.0 (Windows NT 10.0; Win64; x64; rv:146.0) Gecko/20100101 Firefox/146.0'
    'HTTP_ACCEPT' => 'image/avif,image/webp,image/png,image/svg+xml,image/*;q=0.8,*/*;q=0.5'
    'HTTP_ACCEPT_ENCODING' => 'gzip'
    'HTTP_ACCEPT_LANGUAGE' => 'pt-PT,pt;q=0.8,en-US;q=0.5,en;q=0.3'
    'HTTP_CDN_LOOP' => 'cloudflare; loops=1'
    'HTTP_CF_CONNECTING_IP' => '2001:818:e848:8200:24fc:64a9:6d8c:5ccb'
    'HTTP_CF_IPCOUNTRY' => 'PT'
    'HTTP_CF_RAY' => '9b96e8b90d36e3b4-LIS'
    'HTTP_CF_VISITOR' => '{\"scheme\":\"http\"}'
    'HTTP_CF_WARP_TAG_ID' => 'f5bcc1c9-1522-405b-9562-82cfc34acae8'
    'HTTP_CONNECTION' => 'keep-alive'
    'HTTP_COOKIE' => '_csrf-backend=30205aa6519f3b6b7d86bcd1156b12751eb54ea56b09340cae1eb91dc06c6bd9a%3A2%3A%7Bi%3A0%3Bs%3A13%3A%22_csrf-backend%22%3Bi%3A1%3Bs%3A32%3A%22NcgruIxUW-azQjsYVEeXi2k0TdhT3AiM%22%3B%7D; VeiGestSession=2lr084mrvnfhjgoobmd5jqb3qm; _identity=a1df9c030acb783c0ce8abdcab79517715c7b2e7ba244215a99942dc5293e062a%3A2%3A%7Bi%3A0%3Bs%3A9%3A%22_identity%22%3Bi%3A1%3Bs%3A46%3A%22%5B1%2C%220678af5b8ba3c03fd251bb27e44b7760%22%2C2592000%5D%22%3B%7D; _csrf=ff8984c613f4bec9743df15bbc085daf65e364ef036a56501a71cd00ab4573c9a%3A2%3A%7Bi%3A0%3Bs%3A5%3A%22_csrf%22%3Bi%3A1%3Bs%3A32%3A%22VwnvmEmSAu4GWub0MrRm6ckYajOfdQMh%22%3B%7D; _csrf=32d227eada8f7df6e3575936eccb971e67a9103ed7454ea64bc21549d02d4fa5a%3A2%3A%7Bi%3A0%3Bs%3A5%3A%22_csrf%22%3Bi%3A1%3Bs%3A32%3A%22Auc2CDjKJ3Hgev6Mv7Ss_mqFFd3MJ8Z-%22%3B%7D; VeiGestSession=5pe6jgtmc9avo1e3ac2o5un49f; _identity-frontend=79c88d30a679bdead58529e03a973c53b0affad8b20784a6b656a2743b62a5a1a%3A2%3A%7Bi%3A0%3Bs%3A18%3A%22_identity-frontend%22%3Bi%3A1%3Bs%3A46%3A%22%5B1%2C%221f594a95eeee52b0693e77048091ad12%22%2C2592000%5D%22%3B%7D'
    'HTTP_PRIORITY' => 'u=5, i'
    'HTTP_REFERER' => 'http://veigestback.dryadlang.org/ticket/index?status=open&priority=all&category=all'
    'HTTP_SEC_GPC' => '1'
    'HTTP_X_FORWARDED_FOR' => '2001:818:e848:8200:24fc:64a9:6d8c:5ccb'
    'HTTP_X_FORWARDED_PROTO' => 'http'
    'PATH' => '/usr/local/sbin:/usr/local/bin:/usr/sbin:/usr/bin:/snap/bin'
    'SERVER_SIGNATURE' => '<address>Apache/2.4.58 (Ubuntu) Server at veigestback.dryadlang.org Port 8002</address>
'
    'SERVER_SOFTWARE' => 'Apache/2.4.58 (Ubuntu)'
    'SERVER_NAME' => 'veigestback.dryadlang.org'
    'SERVER_ADDR' => '127.0.0.1'
    'SERVER_PORT' => '8002'
    'REMOTE_ADDR' => '127.0.0.1'
    'DOCUMENT_ROOT' => '/home/pedro/facul/website-VeiGest/veigest/backend/web'
    'REQUEST_SCHEME' => 'http'
    'CONTEXT_PREFIX' => ''
    'CONTEXT_DOCUMENT_ROOT' => '/home/pedro/facul/website-VeiGest/veigest/backend/web'
    'SERVER_ADMIN' => '[no address given]'
    'SCRIPT_FILENAME' => '/home/pedro/facul/website-VeiGest/veigest/backend/web/index.php'
    'REMOTE_PORT' => '48672'
    'REDIRECT_URL' => '/img/user-placeholder.png'
    'GATEWAY_INTERFACE' => 'CGI/1.1'
    'SERVER_PROTOCOL' => 'HTTP/1.1'
    'REQUEST_METHOD' => 'GET'
    'QUERY_STRING' => ''
    'REQUEST_URI' => '/img/user-placeholder.png'
    'SCRIPT_NAME' => '/index.php'
    'PHP_SELF' => '/index.php'
    'REQUEST_TIME_FLOAT' => 1767657353.1317
    'REQUEST_TIME' => 1767657353
]
2026-01-05 23:55:55 [127.0.0.1][1][nocp63ccto8td3raqjcqtbp2r7][error][yii\web\HttpException:404] yii\base\InvalidRouteException: Unable to resolve the request "img/user-placeholder.png". in /home/pedro/facul/website-VeiGest/veigest/vendor/yiisoft/yii2/base/Module.php:564
Stack trace:
#0 /home/pedro/facul/website-VeiGest/veigest/vendor/yiisoft/yii2/web/Application.php(103): yii\base\Module->runAction()
#1 /home/pedro/facul/website-VeiGest/veigest/vendor/yiisoft/yii2/base/Application.php(387): yii\web\Application->handleRequest()
#2 /home/pedro/facul/website-VeiGest/veigest/backend/web/index.php(18): yii\base\Application->run()
#3 {main}

Next yii\web\NotFoundHttpException: Page not found. in /home/pedro/facul/website-VeiGest/veigest/vendor/yiisoft/yii2/web/Application.php:115
Stack trace:
#0 /home/pedro/facul/website-VeiGest/veigest/vendor/yiisoft/yii2/base/Application.php(387): yii\web\Application->handleRequest()
#1 /home/pedro/facul/website-VeiGest/veigest/backend/web/index.php(18): yii\base\Application->run()
#2 {main}
2026-01-05 23:55:55 [127.0.0.1][1][nocp63ccto8td3raqjcqtbp2r7][info][application] $_GET = []

$_POST = []

$_FILES = []

$_COOKIE = [
    '_csrf-backend' => '30205aa6519f3b6b7d86bcd1156b12751eb54ea56b09340cae1eb91dc06c6bd9a:2:{i:0;s:13:\"_csrf-backend\";i:1;s:32:\"NcgruIxUW-azQjsYVEeXi2k0TdhT3AiM\";}'
    'VeiGestSession' => '2lr084mrvnfhjgoobmd5jqb3qm'
    '_identity' => 'a1df9c030acb783c0ce8abdcab79517715c7b2e7ba244215a99942dc5293e062a:2:{i:0;s:9:\"_identity\";i:1;s:46:\"[1,\"0678af5b8ba3c03fd251bb27e44b7760\",2592000]\";}'
    '_csrf' => 'ff8984c613f4bec9743df15bbc085daf65e364ef036a56501a71cd00ab4573c9a:2:{i:0;s:5:\"_csrf\";i:1;s:32:\"VwnvmEmSAu4GWub0MrRm6ckYajOfdQMh\";}'
    '_identity-frontend' => '79c88d30a679bdead58529e03a973c53b0affad8b20784a6b656a2743b62a5a1a:2:{i:0;s:18:\"_identity-frontend\";i:1;s:46:\"[1,\"1f594a95eeee52b0693e77048091ad12\",2592000]\";}'
]

$_SESSION = [
    '__flash' => []
    '__id' => 1
    '__authKey' => '1f594a95eeee52b0693e77048091ad12'
]

$_SERVER = [
    'REDIRECT_STATUS' => '200'
    'HTTP_HOST' => 'veigestback.dryadlang.org'
    'HTTP_USER_AGENT' => 'Mozilla/5.0 (Windows NT 10.0; Win64; x64; rv:146.0) Gecko/20100101 Firefox/146.0'
    'HTTP_ACCEPT' => 'image/avif,image/webp,image/png,image/svg+xml,image/*;q=0.8,*/*;q=0.5'
    'HTTP_ACCEPT_ENCODING' => 'gzip'
    'HTTP_ACCEPT_LANGUAGE' => 'pt-PT,pt;q=0.8,en-US;q=0.5,en;q=0.3'
    'HTTP_CDN_LOOP' => 'cloudflare; loops=1'
    'HTTP_CF_CONNECTING_IP' => '2001:818:e848:8200:24fc:64a9:6d8c:5ccb'
    'HTTP_CF_IPCOUNTRY' => 'PT'
    'HTTP_CF_RAY' => '9b96e8c83cede3b4-LIS'
    'HTTP_CF_VISITOR' => '{\"scheme\":\"http\"}'
    'HTTP_CF_WARP_TAG_ID' => 'f5bcc1c9-1522-405b-9562-82cfc34acae8'
    'HTTP_CONNECTION' => 'keep-alive'
    'HTTP_COOKIE' => '_csrf-backend=30205aa6519f3b6b7d86bcd1156b12751eb54ea56b09340cae1eb91dc06c6bd9a%3A2%3A%7Bi%3A0%3Bs%3A13%3A%22_csrf-backend%22%3Bi%3A1%3Bs%3A32%3A%22NcgruIxUW-azQjsYVEeXi2k0TdhT3AiM%22%3B%7D; VeiGestSession=2lr084mrvnfhjgoobmd5jqb3qm; _identity=a1df9c030acb783c0ce8abdcab79517715c7b2e7ba244215a99942dc5293e062a%3A2%3A%7Bi%3A0%3Bs%3A9%3A%22_identity%22%3Bi%3A1%3Bs%3A46%3A%22%5B1%2C%220678af5b8ba3c03fd251bb27e44b7760%22%2C2592000%5D%22%3B%7D; _csrf=ff8984c613f4bec9743df15bbc085daf65e364ef036a56501a71cd00ab4573c9a%3A2%3A%7Bi%3A0%3Bs%3A5%3A%22_csrf%22%3Bi%3A1%3Bs%3A32%3A%22VwnvmEmSAu4GWub0MrRm6ckYajOfdQMh%22%3B%7D; _csrf=32d227eada8f7df6e3575936eccb971e67a9103ed7454ea64bc21549d02d4fa5a%3A2%3A%7Bi%3A0%3Bs%3A5%3A%22_csrf%22%3Bi%3A1%3Bs%3A32%3A%22Auc2CDjKJ3Hgev6Mv7Ss_mqFFd3MJ8Z-%22%3B%7D; VeiGestSession=fq9scjjr20nvcq8jv2115735bo; _identity-frontend=79c88d30a679bdead58529e03a973c53b0affad8b20784a6b656a2743b62a5a1a%3A2%3A%7Bi%3A0%3Bs%3A18%3A%22_identity-frontend%22%3Bi%3A1%3Bs%3A46%3A%22%5B1%2C%221f594a95eeee52b0693e77048091ad12%22%2C2592000%5D%22%3B%7D'
    'HTTP_PRIORITY' => 'u=4, i'
    'HTTP_REFERER' => 'http://veigestback.dryadlang.org/ticket/index?status=open&priority=all&category=technical'
    'HTTP_SEC_GPC' => '1'
    'HTTP_X_FORWARDED_FOR' => '2001:818:e848:8200:24fc:64a9:6d8c:5ccb'
    'HTTP_X_FORWARDED_PROTO' => 'http'
    'PATH' => '/usr/local/sbin:/usr/local/bin:/usr/sbin:/usr/bin:/snap/bin'
    'SERVER_SIGNATURE' => '<address>Apache/2.4.58 (Ubuntu) Server at veigestback.dryadlang.org Port 8002</address>
'
    'SERVER_SOFTWARE' => 'Apache/2.4.58 (Ubuntu)'
    'SERVER_NAME' => 'veigestback.dryadlang.org'
    'SERVER_ADDR' => '127.0.0.1'
    'SERVER_PORT' => '8002'
    'REMOTE_ADDR' => '127.0.0.1'
    'DOCUMENT_ROOT' => '/home/pedro/facul/website-VeiGest/veigest/backend/web'
    'REQUEST_SCHEME' => 'http'
    'CONTEXT_PREFIX' => ''
    'CONTEXT_DOCUMENT_ROOT' => '/home/pedro/facul/website-VeiGest/veigest/backend/web'
    'SERVER_ADMIN' => '[no address given]'
    'SCRIPT_FILENAME' => '/home/pedro/facul/website-VeiGest/veigest/backend/web/index.php'
    'REMOTE_PORT' => '48672'
    'REDIRECT_URL' => '/img/user-placeholder.png'
    'GATEWAY_INTERFACE' => 'CGI/1.1'
    'SERVER_PROTOCOL' => 'HTTP/1.1'
    'REQUEST_METHOD' => 'GET'
    'QUERY_STRING' => ''
    'REQUEST_URI' => '/img/user-placeholder.png'
    'SCRIPT_NAME' => '/index.php'
    'PHP_SELF' => '/index.php'
    'REQUEST_TIME_FLOAT' => 1767657355.5648
    'REQUEST_TIME' => 1767657355
]
2026-01-05 23:55:56 [127.0.0.1][1][5qqe3f12i7m9u6un0iu8ahf95n][error][yii\web\HttpException:404] yii\base\InvalidRouteException: Unable to resolve the request "img/user-placeholder.png". in /home/pedro/facul/website-VeiGest/veigest/vendor/yiisoft/yii2/base/Module.php:564
Stack trace:
#0 /home/pedro/facul/website-VeiGest/veigest/vendor/yiisoft/yii2/web/Application.php(103): yii\base\Module->runAction()
#1 /home/pedro/facul/website-VeiGest/veigest/vendor/yiisoft/yii2/base/Application.php(387): yii\web\Application->handleRequest()
#2 /home/pedro/facul/website-VeiGest/veigest/backend/web/index.php(18): yii\base\Application->run()
#3 {main}

Next yii\web\NotFoundHttpException: Page not found. in /home/pedro/facul/website-VeiGest/veigest/vendor/yiisoft/yii2/web/Application.php:115
Stack trace:
#0 /home/pedro/facul/website-VeiGest/veigest/vendor/yiisoft/yii2/base/Application.php(387): yii\web\Application->handleRequest()
#1 /home/pedro/facul/website-VeiGest/veigest/backend/web/index.php(18): yii\base\Application->run()
#2 {main}
2026-01-05 23:55:56 [127.0.0.1][1][5qqe3f12i7m9u6un0iu8ahf95n][info][application] $_GET = []

$_POST = []

$_FILES = []

$_COOKIE = [
    '_csrf-backend' => '30205aa6519f3b6b7d86bcd1156b12751eb54ea56b09340cae1eb91dc06c6bd9a:2:{i:0;s:13:\"_csrf-backend\";i:1;s:32:\"NcgruIxUW-azQjsYVEeXi2k0TdhT3AiM\";}'
    'VeiGestSession' => '2lr084mrvnfhjgoobmd5jqb3qm'
    '_identity' => 'a1df9c030acb783c0ce8abdcab79517715c7b2e7ba244215a99942dc5293e062a:2:{i:0;s:9:\"_identity\";i:1;s:46:\"[1,\"0678af5b8ba3c03fd251bb27e44b7760\",2592000]\";}'
    '_csrf' => 'ff8984c613f4bec9743df15bbc085daf65e364ef036a56501a71cd00ab4573c9a:2:{i:0;s:5:\"_csrf\";i:1;s:32:\"VwnvmEmSAu4GWub0MrRm6ckYajOfdQMh\";}'
    '_identity-frontend' => '79c88d30a679bdead58529e03a973c53b0affad8b20784a6b656a2743b62a5a1a:2:{i:0;s:18:\"_identity-frontend\";i:1;s:46:\"[1,\"1f594a95eeee52b0693e77048091ad12\",2592000]\";}'
]

$_SESSION = [
    '__flash' => []
    '__id' => 1
    '__authKey' => '1f594a95eeee52b0693e77048091ad12'
]

$_SERVER = [
    'REDIRECT_STATUS' => '200'
    'HTTP_HOST' => 'veigestback.dryadlang.org'
    'HTTP_USER_AGENT' => 'Mozilla/5.0 (Windows NT 10.0; Win64; x64; rv:146.0) Gecko/20100101 Firefox/146.0'
    'HTTP_ACCEPT' => 'image/avif,image/webp,image/png,image/svg+xml,image/*;q=0.8,*/*;q=0.5'
    'HTTP_ACCEPT_ENCODING' => 'gzip'
    'HTTP_ACCEPT_LANGUAGE' => 'pt-PT,pt;q=0.8,en-US;q=0.5,en;q=0.3'
    'HTTP_CDN_LOOP' => 'cloudflare; loops=1'
    'HTTP_CF_CONNECTING_IP' => '2001:818:e848:8200:24fc:64a9:6d8c:5ccb'
    'HTTP_CF_IPCOUNTRY' => 'PT'
    'HTTP_CF_RAY' => '9b96e8d0ec4df53d-LIS'
    'HTTP_CF_VISITOR' => '{\"scheme\":\"http\"}'
    'HTTP_CF_WARP_TAG_ID' => 'f5bcc1c9-1522-405b-9562-82cfc34acae8'
    'HTTP_CONNECTION' => 'keep-alive'
    'HTTP_COOKIE' => '_csrf-backend=30205aa6519f3b6b7d86bcd1156b12751eb54ea56b09340cae1eb91dc06c6bd9a%3A2%3A%7Bi%3A0%3Bs%3A13%3A%22_csrf-backend%22%3Bi%3A1%3Bs%3A32%3A%22NcgruIxUW-azQjsYVEeXi2k0TdhT3AiM%22%3B%7D; VeiGestSession=2lr084mrvnfhjgoobmd5jqb3qm; _identity=a1df9c030acb783c0ce8abdcab79517715c7b2e7ba244215a99942dc5293e062a%3A2%3A%7Bi%3A0%3Bs%3A9%3A%22_identity%22%3Bi%3A1%3Bs%3A46%3A%22%5B1%2C%220678af5b8ba3c03fd251bb27e44b7760%22%2C2592000%5D%22%3B%7D; _csrf=ff8984c613f4bec9743df15bbc085daf65e364ef036a56501a71cd00ab4573c9a%3A2%3A%7Bi%3A0%3Bs%3A5%3A%22_csrf%22%3Bi%3A1%3Bs%3A32%3A%22VwnvmEmSAu4GWub0MrRm6ckYajOfdQMh%22%3B%7D; _csrf=32d227eada8f7df6e3575936eccb971e67a9103ed7454ea64bc21549d02d4fa5a%3A2%3A%7Bi%3A0%3Bs%3A5%3A%22_csrf%22%3Bi%3A1%3Bs%3A32%3A%22Auc2CDjKJ3Hgev6Mv7Ss_mqFFd3MJ8Z-%22%3B%7D; VeiGestSession=e8lni940gcdc95sjfj40rjmk0e; _identity-frontend=79c88d30a679bdead58529e03a973c53b0affad8b20784a6b656a2743b62a5a1a%3A2%3A%7Bi%3A0%3Bs%3A18%3A%22_identity-frontend%22%3Bi%3A1%3Bs%3A46%3A%22%5B1%2C%221f594a95eeee52b0693e77048091ad12%22%2C2592000%5D%22%3B%7D'
    'HTTP_PRIORITY' => 'u=5, i'
    'HTTP_REFERER' => 'http://veigestback.dryadlang.org/ticket/index?status=open&priority=all&category=technical'
    'HTTP_SEC_GPC' => '1'
    'HTTP_X_FORWARDED_FOR' => '2001:818:e848:8200:24fc:64a9:6d8c:5ccb'
    'HTTP_X_FORWARDED_PROTO' => 'http'
    'PATH' => '/usr/local/sbin:/usr/local/bin:/usr/sbin:/usr/bin:/snap/bin'
    'SERVER_SIGNATURE' => '<address>Apache/2.4.58 (Ubuntu) Server at veigestback.dryadlang.org Port 8002</address>
'
    'SERVER_SOFTWARE' => 'Apache/2.4.58 (Ubuntu)'
    'SERVER_NAME' => 'veigestback.dryadlang.org'
    'SERVER_ADDR' => '127.0.0.1'
    'SERVER_PORT' => '8002'
    'REMOTE_ADDR' => '127.0.0.1'
    'DOCUMENT_ROOT' => '/home/pedro/facul/website-VeiGest/veigest/backend/web'
    'REQUEST_SCHEME' => 'http'
    'CONTEXT_PREFIX' => ''
    'CONTEXT_DOCUMENT_ROOT' => '/home/pedro/facul/website-VeiGest/veigest/backend/web'
    'SERVER_ADMIN' => '[no address given]'
    'SCRIPT_FILENAME' => '/home/pedro/facul/website-VeiGest/veigest/backend/web/index.php'
    'REMOTE_PORT' => '54136'
    'REDIRECT_URL' => '/img/user-placeholder.png'
    'GATEWAY_INTERFACE' => 'CGI/1.1'
    'SERVER_PROTOCOL' => 'HTTP/1.1'
    'REQUEST_METHOD' => 'GET'
    'QUERY_STRING' => ''
    'REQUEST_URI' => '/img/user-placeholder.png'
    'SCRIPT_NAME' => '/index.php'
    'PHP_SELF' => '/index.php'
    'REQUEST_TIME_FLOAT' => 1767657356.9541
    'REQUEST_TIME' => 1767657356
]
2026-01-05 23:55:57 [127.0.0.1][1][hkid0uv6vpp124cko322155slg][error][yii\web\HttpException:404] yii\base\InvalidRouteException: Unable to resolve the request "img/user-placeholder.png". in /home/pedro/facul/website-VeiGest/veigest/vendor/yiisoft/yii2/base/Module.php:564
Stack trace:
#0 /home/pedro/facul/website-VeiGest/veigest/vendor/yiisoft/yii2/web/Application.php(103): yii\base\Module->runAction()
#1 /home/pedro/facul/website-VeiGest/veigest/vendor/yiisoft/yii2/base/Application.php(387): yii\web\Application->handleRequest()
#2 /home/pedro/facul/website-VeiGest/veigest/backend/web/index.php(18): yii\base\Application->run()
#3 {main}

Next yii\web\NotFoundHttpException: Page not found. in /home/pedro/facul/website-VeiGest/veigest/vendor/yiisoft/yii2/web/Application.php:115
Stack trace:
#0 /home/pedro/facul/website-VeiGest/veigest/vendor/yiisoft/yii2/base/Application.php(387): yii\web\Application->handleRequest()
#1 /home/pedro/facul/website-VeiGest/veigest/backend/web/index.php(18): yii\base\Application->run()
#2 {main}
2026-01-05 23:55:57 [127.0.0.1][1][hkid0uv6vpp124cko322155slg][info][application] $_GET = []

$_POST = []

$_FILES = []

$_COOKIE = [
    '_csrf-backend' => '30205aa6519f3b6b7d86bcd1156b12751eb54ea56b09340cae1eb91dc06c6bd9a:2:{i:0;s:13:\"_csrf-backend\";i:1;s:32:\"NcgruIxUW-azQjsYVEeXi2k0TdhT3AiM\";}'
    'VeiGestSession' => '2lr084mrvnfhjgoobmd5jqb3qm'
    '_identity' => 'a1df9c030acb783c0ce8abdcab79517715c7b2e7ba244215a99942dc5293e062a:2:{i:0;s:9:\"_identity\";i:1;s:46:\"[1,\"0678af5b8ba3c03fd251bb27e44b7760\",2592000]\";}'
    '_csrf' => 'ff8984c613f4bec9743df15bbc085daf65e364ef036a56501a71cd00ab4573c9a:2:{i:0;s:5:\"_csrf\";i:1;s:32:\"VwnvmEmSAu4GWub0MrRm6ckYajOfdQMh\";}'
    '_identity-frontend' => '79c88d30a679bdead58529e03a973c53b0affad8b20784a6b656a2743b62a5a1a:2:{i:0;s:18:\"_identity-frontend\";i:1;s:46:\"[1,\"1f594a95eeee52b0693e77048091ad12\",2592000]\";}'
]

$_SESSION = [
    '__flash' => []
    '__id' => 1
    '__authKey' => '1f594a95eeee52b0693e77048091ad12'
]

$_SERVER = [
    'REDIRECT_STATUS' => '200'
    'HTTP_HOST' => 'veigestback.dryadlang.org'
    'HTTP_USER_AGENT' => 'Mozilla/5.0 (Windows NT 10.0; Win64; x64; rv:146.0) Gecko/20100101 Firefox/146.0'
    'HTTP_ACCEPT' => 'image/avif,image/webp,image/png,image/svg+xml,image/*;q=0.8,*/*;q=0.5'
    'HTTP_ACCEPT_ENCODING' => 'gzip'
    'HTTP_ACCEPT_LANGUAGE' => 'pt-PT,pt;q=0.8,en-US;q=0.5,en;q=0.3'
    'HTTP_CDN_LOOP' => 'cloudflare; loops=1'
    'HTTP_CF_CONNECTING_IP' => '2001:818:e848:8200:24fc:64a9:6d8c:5ccb'
    'HTTP_CF_IPCOUNTRY' => 'PT'
    'HTTP_CF_RAY' => '9b96e8d1ee02e3b4-LIS'
    'HTTP_CF_VISITOR' => '{\"scheme\":\"http\"}'
    'HTTP_CF_WARP_TAG_ID' => 'f5bcc1c9-1522-405b-9562-82cfc34acae8'
    'HTTP_CONNECTION' => 'keep-alive'
    'HTTP_COOKIE' => '_csrf-backend=30205aa6519f3b6b7d86bcd1156b12751eb54ea56b09340cae1eb91dc06c6bd9a%3A2%3A%7Bi%3A0%3Bs%3A13%3A%22_csrf-backend%22%3Bi%3A1%3Bs%3A32%3A%22NcgruIxUW-azQjsYVEeXi2k0TdhT3AiM%22%3B%7D; VeiGestSession=2lr084mrvnfhjgoobmd5jqb3qm; _identity=a1df9c030acb783c0ce8abdcab79517715c7b2e7ba244215a99942dc5293e062a%3A2%3A%7Bi%3A0%3Bs%3A9%3A%22_identity%22%3Bi%3A1%3Bs%3A46%3A%22%5B1%2C%220678af5b8ba3c03fd251bb27e44b7760%22%2C2592000%5D%22%3B%7D; _csrf=ff8984c613f4bec9743df15bbc085daf65e364ef036a56501a71cd00ab4573c9a%3A2%3A%7Bi%3A0%3Bs%3A5%3A%22_csrf%22%3Bi%3A1%3Bs%3A32%3A%22VwnvmEmSAu4GWub0MrRm6ckYajOfdQMh%22%3B%7D; _csrf=32d227eada8f7df6e3575936eccb971e67a9103ed7454ea64bc21549d02d4fa5a%3A2%3A%7Bi%3A0%3Bs%3A5%3A%22_csrf%22%3Bi%3A1%3Bs%3A32%3A%22Auc2CDjKJ3Hgev6Mv7Ss_mqFFd3MJ8Z-%22%3B%7D; VeiGestSession=5h8cbvfpg1i6aapetaql2dg4em; _identity-frontend=79c88d30a679bdead58529e03a973c53b0affad8b20784a6b656a2743b62a5a1a%3A2%3A%7Bi%3A0%3Bs%3A18%3A%22_identity-frontend%22%3Bi%3A1%3Bs%3A46%3A%22%5B1%2C%221f594a95eeee52b0693e77048091ad12%22%2C2592000%5D%22%3B%7D'
    'HTTP_PRIORITY' => 'u=5, i'
    'HTTP_REFERER' => 'http://veigestback.dryadlang.org/ticket/view?id=5'
    'HTTP_SEC_GPC' => '1'
    'HTTP_X_FORWARDED_FOR' => '2001:818:e848:8200:24fc:64a9:6d8c:5ccb'
    'HTTP_X_FORWARDED_PROTO' => 'http'
    'PATH' => '/usr/local/sbin:/usr/local/bin:/usr/sbin:/usr/bin:/snap/bin'
    'SERVER_SIGNATURE' => '<address>Apache/2.4.58 (Ubuntu) Server at veigestback.dryadlang.org Port 8002</address>
'
    'SERVER_SOFTWARE' => 'Apache/2.4.58 (Ubuntu)'
    'SERVER_NAME' => 'veigestback.dryadlang.org'
    'SERVER_ADDR' => '127.0.0.1'
    'SERVER_PORT' => '8002'
    'REMOTE_ADDR' => '127.0.0.1'
    'DOCUMENT_ROOT' => '/home/pedro/facul/website-VeiGest/veigest/backend/web'
    'REQUEST_SCHEME' => 'http'
    'CONTEXT_PREFIX' => ''
    'CONTEXT_DOCUMENT_ROOT' => '/home/pedro/facul/website-VeiGest/veigest/backend/web'
    'SERVER_ADMIN' => '[no address given]'
    'SCRIPT_FILENAME' => '/home/pedro/facul/website-VeiGest/veigest/backend/web/index.php'
    'REMOTE_PORT' => '54136'
    'REDIRECT_URL' => '/img/user-placeholder.png'
    'GATEWAY_INTERFACE' => 'CGI/1.1'
    'SERVER_PROTOCOL' => 'HTTP/1.1'
    'REQUEST_METHOD' => 'GET'
    'QUERY_STRING' => ''
    'REQUEST_URI' => '/img/user-placeholder.png'
    'SCRIPT_NAME' => '/index.php'
    'PHP_SELF' => '/index.php'
    'REQUEST_TIME_FLOAT' => 1767657357.1143
    'REQUEST_TIME' => 1767657357
]
2026-01-05 23:56:13 [127.0.0.1][1][breonl94ja4amra5h15mnkd2fr][error][yii\web\HttpException:404] yii\base\InvalidRouteException: Unable to resolve the request "img/user-placeholder.png". in /home/pedro/facul/website-VeiGest/veigest/vendor/yiisoft/yii2/base/Module.php:564
Stack trace:
#0 /home/pedro/facul/website-VeiGest/veigest/vendor/yiisoft/yii2/web/Application.php(103): yii\base\Module->runAction()
#1 /home/pedro/facul/website-VeiGest/veigest/vendor/yiisoft/yii2/base/Application.php(387): yii\web\Application->handleRequest()
#2 /home/pedro/facul/website-VeiGest/veigest/backend/web/index.php(18): yii\base\Application->run()
#3 {main}

Next yii\web\NotFoundHttpException: Page not found. in /home/pedro/facul/website-VeiGest/veigest/vendor/yiisoft/yii2/web/Application.php:115
Stack trace:
#0 /home/pedro/facul/website-VeiGest/veigest/vendor/yiisoft/yii2/base/Application.php(387): yii\web\Application->handleRequest()
#1 /home/pedro/facul/website-VeiGest/veigest/backend/web/index.php(18): yii\base\Application->run()
#2 {main}
2026-01-05 23:56:13 [127.0.0.1][1][breonl94ja4amra5h15mnkd2fr][info][application] $_GET = []

$_POST = []

$_FILES = []

$_COOKIE = [
    '_csrf-backend' => '30205aa6519f3b6b7d86bcd1156b12751eb54ea56b09340cae1eb91dc06c6bd9a:2:{i:0;s:13:\"_csrf-backend\";i:1;s:32:\"NcgruIxUW-azQjsYVEeXi2k0TdhT3AiM\";}'
    'VeiGestSession' => '2lr084mrvnfhjgoobmd5jqb3qm'
    '_identity' => 'a1df9c030acb783c0ce8abdcab79517715c7b2e7ba244215a99942dc5293e062a:2:{i:0;s:9:\"_identity\";i:1;s:46:\"[1,\"0678af5b8ba3c03fd251bb27e44b7760\",2592000]\";}'
    '_csrf' => 'ff8984c613f4bec9743df15bbc085daf65e364ef036a56501a71cd00ab4573c9a:2:{i:0;s:5:\"_csrf\";i:1;s:32:\"VwnvmEmSAu4GWub0MrRm6ckYajOfdQMh\";}'
    '_identity-frontend' => '79c88d30a679bdead58529e03a973c53b0affad8b20784a6b656a2743b62a5a1a:2:{i:0;s:18:\"_identity-frontend\";i:1;s:46:\"[1,\"1f594a95eeee52b0693e77048091ad12\",2592000]\";}'
]

$_SESSION = [
    '__flash' => []
    '__id' => 1
    '__authKey' => '1f594a95eeee52b0693e77048091ad12'
]

$_SERVER = [
    'REDIRECT_STATUS' => '200'
    'HTTP_HOST' => 'veigestback.dryadlang.org'
    'HTTP_USER_AGENT' => 'Mozilla/5.0 (Windows NT 10.0; Win64; x64; rv:146.0) Gecko/20100101 Firefox/146.0'
    'HTTP_ACCEPT' => 'image/avif,image/webp,image/png,image/svg+xml,image/*;q=0.8,*/*;q=0.5'
    'HTTP_ACCEPT_ENCODING' => 'gzip'
    'HTTP_ACCEPT_LANGUAGE' => 'pt-PT,pt;q=0.8,en-US;q=0.5,en;q=0.3'
    'HTTP_CDN_LOOP' => 'cloudflare; loops=1'
    'HTTP_CF_CONNECTING_IP' => '2001:818:e848:8200:24fc:64a9:6d8c:5ccb'
    'HTTP_CF_IPCOUNTRY' => 'PT'
    'HTTP_CF_RAY' => '9b96e93839d5e3b4-LIS'
    'HTTP_CF_VISITOR' => '{\"scheme\":\"http\"}'
    'HTTP_CF_WARP_TAG_ID' => 'f5bcc1c9-1522-405b-9562-82cfc34acae8'
    'HTTP_CONNECTION' => 'keep-alive'
    'HTTP_COOKIE' => '_csrf-backend=30205aa6519f3b6b7d86bcd1156b12751eb54ea56b09340cae1eb91dc06c6bd9a%3A2%3A%7Bi%3A0%3Bs%3A13%3A%22_csrf-backend%22%3Bi%3A1%3Bs%3A32%3A%22NcgruIxUW-azQjsYVEeXi2k0TdhT3AiM%22%3B%7D; VeiGestSession=2lr084mrvnfhjgoobmd5jqb3qm; _identity=a1df9c030acb783c0ce8abdcab79517715c7b2e7ba244215a99942dc5293e062a%3A2%3A%7Bi%3A0%3Bs%3A9%3A%22_identity%22%3Bi%3A1%3Bs%3A46%3A%22%5B1%2C%220678af5b8ba3c03fd251bb27e44b7760%22%2C2592000%5D%22%3B%7D; _csrf=ff8984c613f4bec9743df15bbc085daf65e364ef036a56501a71cd00ab4573c9a%3A2%3A%7Bi%3A0%3Bs%3A5%3A%22_csrf%22%3Bi%3A1%3Bs%3A32%3A%22VwnvmEmSAu4GWub0MrRm6ckYajOfdQMh%22%3B%7D; _csrf=32d227eada8f7df6e3575936eccb971e67a9103ed7454ea64bc21549d02d4fa5a%3A2%3A%7Bi%3A0%3Bs%3A5%3A%22_csrf%22%3Bi%3A1%3Bs%3A32%3A%22Auc2CDjKJ3Hgev6Mv7Ss_mqFFd3MJ8Z-%22%3B%7D; VeiGestSession=t2npbl9ed9rmiv51nbtui6li9q; _identity-frontend=79c88d30a679bdead58529e03a973c53b0affad8b20784a6b656a2743b62a5a1a%3A2%3A%7Bi%3A0%3Bs%3A18%3A%22_identity-frontend%22%3Bi%3A1%3Bs%3A46%3A%22%5B1%2C%221f594a95eeee52b0693e77048091ad12%22%2C2592000%5D%22%3B%7D'
    'HTTP_PRIORITY' => 'u=5, i'
    'HTTP_REFERER' => 'http://veigestback.dryadlang.org/ticket/view?id=5'
    'HTTP_SEC_GPC' => '1'
    'HTTP_X_FORWARDED_FOR' => '2001:818:e848:8200:24fc:64a9:6d8c:5ccb'
    'HTTP_X_FORWARDED_PROTO' => 'http'
    'PATH' => '/usr/local/sbin:/usr/local/bin:/usr/sbin:/usr/bin:/snap/bin'
    'SERVER_SIGNATURE' => '<address>Apache/2.4.58 (Ubuntu) Server at veigestback.dryadlang.org Port 8002</address>
'
    'SERVER_SOFTWARE' => 'Apache/2.4.58 (Ubuntu)'
    'SERVER_NAME' => 'veigestback.dryadlang.org'
    'SERVER_ADDR' => '127.0.0.1'
    'SERVER_PORT' => '8002'
    'REMOTE_ADDR' => '127.0.0.1'
    'DOCUMENT_ROOT' => '/home/pedro/facul/website-VeiGest/veigest/backend/web'
    'REQUEST_SCHEME' => 'http'
    'CONTEXT_PREFIX' => ''
    'CONTEXT_DOCUMENT_ROOT' => '/home/pedro/facul/website-VeiGest/veigest/backend/web'
    'SERVER_ADMIN' => '[no address given]'
    'SCRIPT_FILENAME' => '/home/pedro/facul/website-VeiGest/veigest/backend/web/index.php'
    'REMOTE_PORT' => '39972'
    'REDIRECT_URL' => '/img/user-placeholder.png'
    'GATEWAY_INTERFACE' => 'CGI/1.1'
    'SERVER_PROTOCOL' => 'HTTP/1.1'
    'REQUEST_METHOD' => 'GET'
    'QUERY_STRING' => ''
    'REQUEST_URI' => '/img/user-placeholder.png'
    'SCRIPT_NAME' => '/index.php'
    'PHP_SELF' => '/index.php'
    'REQUEST_TIME_FLOAT' => 1767657373.4825
    'REQUEST_TIME' => 1767657373
]
2026-01-05 23:56:18 [127.0.0.1][1][o5d2dgq6jphtpcu6p10oooq248][error][yii\web\HttpException:404] yii\base\InvalidRouteException: Unable to resolve the request "img/user-placeholder.png". in /home/pedro/facul/website-VeiGest/veigest/vendor/yiisoft/yii2/base/Module.php:564
Stack trace:
#0 /home/pedro/facul/website-VeiGest/veigest/vendor/yiisoft/yii2/web/Application.php(103): yii\base\Module->runAction()
#1 /home/pedro/facul/website-VeiGest/veigest/vendor/yiisoft/yii2/base/Application.php(387): yii\web\Application->handleRequest()
#2 /home/pedro/facul/website-VeiGest/veigest/backend/web/index.php(18): yii\base\Application->run()
#3 {main}

Next yii\web\NotFoundHttpException: Page not found. in /home/pedro/facul/website-VeiGest/veigest/vendor/yiisoft/yii2/web/Application.php:115
Stack trace:
#0 /home/pedro/facul/website-VeiGest/veigest/vendor/yiisoft/yii2/base/Application.php(387): yii\web\Application->handleRequest()
#1 /home/pedro/facul/website-VeiGest/veigest/backend/web/index.php(18): yii\base\Application->run()
#2 {main}
2026-01-05 23:56:18 [127.0.0.1][1][o5d2dgq6jphtpcu6p10oooq248][info][application] $_GET = []

$_POST = []

$_FILES = []

$_COOKIE = [
    '_csrf-backend' => '30205aa6519f3b6b7d86bcd1156b12751eb54ea56b09340cae1eb91dc06c6bd9a:2:{i:0;s:13:\"_csrf-backend\";i:1;s:32:\"NcgruIxUW-azQjsYVEeXi2k0TdhT3AiM\";}'
    'VeiGestSession' => '2lr084mrvnfhjgoobmd5jqb3qm'
    '_identity' => 'a1df9c030acb783c0ce8abdcab79517715c7b2e7ba244215a99942dc5293e062a:2:{i:0;s:9:\"_identity\";i:1;s:46:\"[1,\"0678af5b8ba3c03fd251bb27e44b7760\",2592000]\";}'
    '_csrf' => 'ff8984c613f4bec9743df15bbc085daf65e364ef036a56501a71cd00ab4573c9a:2:{i:0;s:5:\"_csrf\";i:1;s:32:\"VwnvmEmSAu4GWub0MrRm6ckYajOfdQMh\";}'
    '_identity-frontend' => '79c88d30a679bdead58529e03a973c53b0affad8b20784a6b656a2743b62a5a1a:2:{i:0;s:18:\"_identity-frontend\";i:1;s:46:\"[1,\"1f594a95eeee52b0693e77048091ad12\",2592000]\";}'
]

$_SESSION = [
    '__flash' => []
    '__id' => 1
    '__authKey' => '1f594a95eeee52b0693e77048091ad12'
]

$_SERVER = [
    'REDIRECT_STATUS' => '200'
    'HTTP_HOST' => 'veigestback.dryadlang.org'
    'HTTP_USER_AGENT' => 'Mozilla/5.0 (Windows NT 10.0; Win64; x64; rv:146.0) Gecko/20100101 Firefox/146.0'
    'HTTP_ACCEPT' => 'image/avif,image/webp,image/png,image/svg+xml,image/*;q=0.8,*/*;q=0.5'
    'HTTP_ACCEPT_ENCODING' => 'gzip'
    'HTTP_ACCEPT_LANGUAGE' => 'pt-PT,pt;q=0.8,en-US;q=0.5,en;q=0.3'
    'HTTP_CDN_LOOP' => 'cloudflare; loops=1'
    'HTTP_CF_CONNECTING_IP' => '2001:818:e848:8200:24fc:64a9:6d8c:5ccb'
    'HTTP_CF_IPCOUNTRY' => 'PT'
    'HTTP_CF_RAY' => '9b96e956eebbe3b4-LIS'
    'HTTP_CF_VISITOR' => '{\"scheme\":\"http\"}'
    'HTTP_CF_WARP_TAG_ID' => 'f5bcc1c9-1522-405b-9562-82cfc34acae8'
    'HTTP_CONNECTION' => 'keep-alive'
    'HTTP_COOKIE' => '_csrf-backend=30205aa6519f3b6b7d86bcd1156b12751eb54ea56b09340cae1eb91dc06c6bd9a%3A2%3A%7Bi%3A0%3Bs%3A13%3A%22_csrf-backend%22%3Bi%3A1%3Bs%3A32%3A%22NcgruIxUW-azQjsYVEeXi2k0TdhT3AiM%22%3B%7D; VeiGestSession=2lr084mrvnfhjgoobmd5jqb3qm; _identity=a1df9c030acb783c0ce8abdcab79517715c7b2e7ba244215a99942dc5293e062a%3A2%3A%7Bi%3A0%3Bs%3A9%3A%22_identity%22%3Bi%3A1%3Bs%3A46%3A%22%5B1%2C%220678af5b8ba3c03fd251bb27e44b7760%22%2C2592000%5D%22%3B%7D; _csrf=ff8984c613f4bec9743df15bbc085daf65e364ef036a56501a71cd00ab4573c9a%3A2%3A%7Bi%3A0%3Bs%3A5%3A%22_csrf%22%3Bi%3A1%3Bs%3A32%3A%22VwnvmEmSAu4GWub0MrRm6ckYajOfdQMh%22%3B%7D; _csrf=32d227eada8f7df6e3575936eccb971e67a9103ed7454ea64bc21549d02d4fa5a%3A2%3A%7Bi%3A0%3Bs%3A5%3A%22_csrf%22%3Bi%3A1%3Bs%3A32%3A%22Auc2CDjKJ3Hgev6Mv7Ss_mqFFd3MJ8Z-%22%3B%7D; VeiGestSession=c887kqu336lgc2hio052rriidp; _identity-frontend=79c88d30a679bdead58529e03a973c53b0affad8b20784a6b656a2743b62a5a1a%3A2%3A%7Bi%3A0%3Bs%3A18%3A%22_identity-frontend%22%3Bi%3A1%3Bs%3A46%3A%22%5B1%2C%221f594a95eeee52b0693e77048091ad12%22%2C2592000%5D%22%3B%7D'
    'HTTP_PRIORITY' => 'u=5, i'
    'HTTP_REFERER' => 'http://veigestback.dryadlang.org/ticket/view?id=5'
    'HTTP_SEC_GPC' => '1'
    'HTTP_X_FORWARDED_FOR' => '2001:818:e848:8200:24fc:64a9:6d8c:5ccb'
    'HTTP_X_FORWARDED_PROTO' => 'http'
    'PATH' => '/usr/local/sbin:/usr/local/bin:/usr/sbin:/usr/bin:/snap/bin'
    'SERVER_SIGNATURE' => '<address>Apache/2.4.58 (Ubuntu) Server at veigestback.dryadlang.org Port 8002</address>
'
    'SERVER_SOFTWARE' => 'Apache/2.4.58 (Ubuntu)'
    'SERVER_NAME' => 'veigestback.dryadlang.org'
    'SERVER_ADDR' => '127.0.0.1'
    'SERVER_PORT' => '8002'
    'REMOTE_ADDR' => '127.0.0.1'
    'DOCUMENT_ROOT' => '/home/pedro/facul/website-VeiGest/veigest/backend/web'
    'REQUEST_SCHEME' => 'http'
    'CONTEXT_PREFIX' => ''
    'CONTEXT_DOCUMENT_ROOT' => '/home/pedro/facul/website-VeiGest/veigest/backend/web'
    'SERVER_ADMIN' => '[no address given]'
    'SCRIPT_FILENAME' => '/home/pedro/facul/website-VeiGest/veigest/backend/web/index.php'
    'REMOTE_PORT' => '39972'
    'REDIRECT_URL' => '/img/user-placeholder.png'
    'GATEWAY_INTERFACE' => 'CGI/1.1'
    'SERVER_PROTOCOL' => 'HTTP/1.1'
    'REQUEST_METHOD' => 'GET'
    'QUERY_STRING' => ''
    'REQUEST_URI' => '/img/user-placeholder.png'
    'SCRIPT_NAME' => '/index.php'
    'PHP_SELF' => '/index.php'
    'REQUEST_TIME_FLOAT' => 1767657378.3947
    'REQUEST_TIME' => 1767657378
]
2026-01-05 23:56:22 [127.0.0.1][1][b0fck59c1f140se2qqiu30frfo][error][yii\web\HttpException:404] yii\base\InvalidRouteException: Unable to resolve the request "img/user-placeholder.png". in /home/pedro/facul/website-VeiGest/veigest/vendor/yiisoft/yii2/base/Module.php:564
Stack trace:
#0 /home/pedro/facul/website-VeiGest/veigest/vendor/yiisoft/yii2/web/Application.php(103): yii\base\Module->runAction()
#1 /home/pedro/facul/website-VeiGest/veigest/vendor/yiisoft/yii2/base/Application.php(387): yii\web\Application->handleRequest()
#2 /home/pedro/facul/website-VeiGest/veigest/backend/web/index.php(18): yii\base\Application->run()
#3 {main}

Next yii\web\NotFoundHttpException: Page not found. in /home/pedro/facul/website-VeiGest/veigest/vendor/yiisoft/yii2/web/Application.php:115
Stack trace:
#0 /home/pedro/facul/website-VeiGest/veigest/vendor/yiisoft/yii2/base/Application.php(387): yii\web\Application->handleRequest()
#1 /home/pedro/facul/website-VeiGest/veigest/backend/web/index.php(18): yii\base\Application->run()
#2 {main}
2026-01-05 23:56:22 [127.0.0.1][1][b0fck59c1f140se2qqiu30frfo][info][application] $_GET = []

$_POST = []

$_FILES = []

$_COOKIE = [
    '_csrf-backend' => '30205aa6519f3b6b7d86bcd1156b12751eb54ea56b09340cae1eb91dc06c6bd9a:2:{i:0;s:13:\"_csrf-backend\";i:1;s:32:\"NcgruIxUW-azQjsYVEeXi2k0TdhT3AiM\";}'
    'VeiGestSession' => '2lr084mrvnfhjgoobmd5jqb3qm'
    '_identity' => 'a1df9c030acb783c0ce8abdcab79517715c7b2e7ba244215a99942dc5293e062a:2:{i:0;s:9:\"_identity\";i:1;s:46:\"[1,\"0678af5b8ba3c03fd251bb27e44b7760\",2592000]\";}'
    '_csrf' => 'ff8984c613f4bec9743df15bbc085daf65e364ef036a56501a71cd00ab4573c9a:2:{i:0;s:5:\"_csrf\";i:1;s:32:\"VwnvmEmSAu4GWub0MrRm6ckYajOfdQMh\";}'
    '_identity-frontend' => '79c88d30a679bdead58529e03a973c53b0affad8b20784a6b656a2743b62a5a1a:2:{i:0;s:18:\"_identity-frontend\";i:1;s:46:\"[1,\"1f594a95eeee52b0693e77048091ad12\",2592000]\";}'
]

$_SESSION = [
    '__flash' => []
    '__id' => 1
    '__authKey' => '1f594a95eeee52b0693e77048091ad12'
]

$_SERVER = [
    'REDIRECT_STATUS' => '200'
    'HTTP_HOST' => 'veigestback.dryadlang.org'
    'HTTP_USER_AGENT' => 'Mozilla/5.0 (Windows NT 10.0; Win64; x64; rv:146.0) Gecko/20100101 Firefox/146.0'
    'HTTP_ACCEPT' => 'image/avif,image/webp,image/png,image/svg+xml,image/*;q=0.8,*/*;q=0.5'
    'HTTP_ACCEPT_ENCODING' => 'gzip'
    'HTTP_ACCEPT_LANGUAGE' => 'pt-PT,pt;q=0.8,en-US;q=0.5,en;q=0.3'
    'HTTP_CDN_LOOP' => 'cloudflare; loops=1'
    'HTTP_CF_CONNECTING_IP' => '2001:818:e848:8200:24fc:64a9:6d8c:5ccb'
    'HTTP_CF_IPCOUNTRY' => 'PT'
    'HTTP_CF_RAY' => '9b96e96e7ee2e3b4-LIS'
    'HTTP_CF_VISITOR' => '{\"scheme\":\"http\"}'
    'HTTP_CF_WARP_TAG_ID' => 'f5bcc1c9-1522-405b-9562-82cfc34acae8'
    'HTTP_CONNECTION' => 'keep-alive'
    'HTTP_COOKIE' => '_csrf-backend=30205aa6519f3b6b7d86bcd1156b12751eb54ea56b09340cae1eb91dc06c6bd9a%3A2%3A%7Bi%3A0%3Bs%3A13%3A%22_csrf-backend%22%3Bi%3A1%3Bs%3A32%3A%22NcgruIxUW-azQjsYVEeXi2k0TdhT3AiM%22%3B%7D; VeiGestSession=2lr084mrvnfhjgoobmd5jqb3qm; _identity=a1df9c030acb783c0ce8abdcab79517715c7b2e7ba244215a99942dc5293e062a%3A2%3A%7Bi%3A0%3Bs%3A9%3A%22_identity%22%3Bi%3A1%3Bs%3A46%3A%22%5B1%2C%220678af5b8ba3c03fd251bb27e44b7760%22%2C2592000%5D%22%3B%7D; _csrf=ff8984c613f4bec9743df15bbc085daf65e364ef036a56501a71cd00ab4573c9a%3A2%3A%7Bi%3A0%3Bs%3A5%3A%22_csrf%22%3Bi%3A1%3Bs%3A32%3A%22VwnvmEmSAu4GWub0MrRm6ckYajOfdQMh%22%3B%7D; _csrf=32d227eada8f7df6e3575936eccb971e67a9103ed7454ea64bc21549d02d4fa5a%3A2%3A%7Bi%3A0%3Bs%3A5%3A%22_csrf%22%3Bi%3A1%3Bs%3A32%3A%22Auc2CDjKJ3Hgev6Mv7Ss_mqFFd3MJ8Z-%22%3B%7D; VeiGestSession=0n4sffjljfftotgck7fi5bngn9; _identity-frontend=79c88d30a679bdead58529e03a973c53b0affad8b20784a6b656a2743b62a5a1a%3A2%3A%7Bi%3A0%3Bs%3A18%3A%22_identity-frontend%22%3Bi%3A1%3Bs%3A46%3A%22%5B1%2C%221f594a95eeee52b0693e77048091ad12%22%2C2592000%5D%22%3B%7D'
    'HTTP_PRIORITY' => 'u=5, i'
    'HTTP_REFERER' => 'http://veigestback.dryadlang.org/ticket/index'
    'HTTP_SEC_GPC' => '1'
    'HTTP_X_FORWARDED_FOR' => '2001:818:e848:8200:24fc:64a9:6d8c:5ccb'
    'HTTP_X_FORWARDED_PROTO' => 'http'
    'PATH' => '/usr/local/sbin:/usr/local/bin:/usr/sbin:/usr/bin:/snap/bin'
    'SERVER_SIGNATURE' => '<address>Apache/2.4.58 (Ubuntu) Server at veigestback.dryadlang.org Port 8002</address>
'
    'SERVER_SOFTWARE' => 'Apache/2.4.58 (Ubuntu)'
    'SERVER_NAME' => 'veigestback.dryadlang.org'
    'SERVER_ADDR' => '127.0.0.1'
    'SERVER_PORT' => '8002'
    'REMOTE_ADDR' => '127.0.0.1'
    'DOCUMENT_ROOT' => '/home/pedro/facul/website-VeiGest/veigest/backend/web'
    'REQUEST_SCHEME' => 'http'
    'CONTEXT_PREFIX' => ''
    'CONTEXT_DOCUMENT_ROOT' => '/home/pedro/facul/website-VeiGest/veigest/backend/web'
    'SERVER_ADMIN' => '[no address given]'
    'SCRIPT_FILENAME' => '/home/pedro/facul/website-VeiGest/veigest/backend/web/index.php'
    'REMOTE_PORT' => '39972'
    'REDIRECT_URL' => '/img/user-placeholder.png'
    'GATEWAY_INTERFACE' => 'CGI/1.1'
    'SERVER_PROTOCOL' => 'HTTP/1.1'
    'REQUEST_METHOD' => 'GET'
    'QUERY_STRING' => ''
    'REQUEST_URI' => '/img/user-placeholder.png'
    'SCRIPT_NAME' => '/index.php'
    'PHP_SELF' => '/index.php'
    'REQUEST_TIME_FLOAT' => 1767657382.1649
    'REQUEST_TIME' => 1767657382
]
2026-01-06 00:14:52 [::1][-][-][error][yii\web\HttpException:401] yii\web\UnauthorizedHttpException: Your request was made with invalid credentials. in /home/pedro/facul/website-VeiGest/veigest/vendor/yiisoft/yii2/filters/auth/AuthMethod.php:93
Stack trace:
#0 /home/pedro/facul/website-VeiGest/veigest/vendor/yiisoft/yii2/filters/auth/AuthMethod.php(76): yii\filters\auth\AuthMethod->handleFailure()
#1 /home/pedro/facul/website-VeiGest/veigest/vendor/yiisoft/yii2/base/ActionFilter.php(77): yii\filters\auth\AuthMethod->beforeAction()
#2 [internal function]: yii\base\ActionFilter->beforeFilter()
#3 /home/pedro/facul/website-VeiGest/veigest/vendor/yiisoft/yii2/base/Component.php(648): call_user_func()
#4 /home/pedro/facul/website-VeiGest/veigest/vendor/yiisoft/yii2/base/Controller.php(303): yii\base\Component->trigger()
#5 /home/pedro/facul/website-VeiGest/veigest/vendor/yiisoft/yii2/web/Controller.php(318): yii\base\Controller->beforeAction()
#6 /home/pedro/facul/website-VeiGest/veigest/vendor/yiisoft/yii2/base/Controller.php(182): yii\web\Controller->beforeAction()
#7 /home/pedro/facul/website-VeiGest/veigest/vendor/yiisoft/yii2/base/Module.php(555): yii\base\Controller->runAction()
#8 /home/pedro/facul/website-VeiGest/veigest/vendor/yiisoft/yii2/web/Application.php(103): yii\base\Module->runAction()
#9 /home/pedro/facul/website-VeiGest/veigest/vendor/yiisoft/yii2/base/Application.php(387): yii\web\Application->handleRequest()
#10 /home/pedro/facul/website-VeiGest/veigest/backend/web/index.php(18): yii\base\Application->run()
#11 {main}
2026-01-06 00:14:52 [::1][-][-][info][application] $_GET = []

$_POST = []

$_FILES = []

$_COOKIE = []

$_SERVER = [
    'REDIRECT_STATUS' => '200'
    'HTTP_HOST' => 'localhost:8002'
    'HTTP_USER_AGENT' => 'curl/8.5.0'
    'HTTP_ACCEPT' => '*/*'
    'PATH' => '/usr/local/sbin:/usr/local/bin:/usr/sbin:/usr/bin:/snap/bin'
    'SERVER_SIGNATURE' => '<address>Apache/2.4.58 (Ubuntu) Server at localhost Port 8002</address>
'
    'SERVER_SOFTWARE' => 'Apache/2.4.58 (Ubuntu)'
    'SERVER_NAME' => 'localhost'
    'SERVER_ADDR' => '::1'
    'SERVER_PORT' => '8002'
    'REMOTE_ADDR' => '::1'
    'DOCUMENT_ROOT' => '/home/pedro/facul/website-VeiGest/veigest/backend/web'
    'REQUEST_SCHEME' => 'http'
    'CONTEXT_PREFIX' => ''
    'CONTEXT_DOCUMENT_ROOT' => '/home/pedro/facul/website-VeiGest/veigest/backend/web'
    'SERVER_ADMIN' => '[no address given]'
    'SCRIPT_FILENAME' => '/home/pedro/facul/website-VeiGest/veigest/backend/web/index.php'
    'REMOTE_PORT' => '40894'
    'REDIRECT_URL' => '/api/auth/info'
    'GATEWAY_INTERFACE' => 'CGI/1.1'
    'SERVER_PROTOCOL' => 'HTTP/1.1'
    'REQUEST_METHOD' => 'GET'
    'QUERY_STRING' => ''
    'REQUEST_URI' => '/api/auth/info'
    'SCRIPT_NAME' => '/index.php'
    'PHP_SELF' => '/index.php'
    'REQUEST_TIME_FLOAT' => 1767658492.8945
    'REQUEST_TIME' => 1767658492
]
2026-01-06 00:15:24 [::1][-][-][error][yii\base\UnknownPropertyException] yii\base\UnknownPropertyException: Getting unknown property: common\models\User::estado in /home/pedro/facul/website-VeiGest/veigest/vendor/yiisoft/yii2/base/Component.php:154
Stack trace:
#0 /home/pedro/facul/website-VeiGest/veigest/vendor/yiisoft/yii2/db/BaseActiveRecord.php(296): yii\base\Component->__get()
#1 /home/pedro/facul/website-VeiGest/veigest/backend/modules/api/controllers/AuthController.php(104): yii\db\BaseActiveRecord->__get()
#2 [internal function]: backend\modules\api\controllers\AuthController->actionLogin()
#3 /home/pedro/facul/website-VeiGest/veigest/vendor/yiisoft/yii2/base/InlineAction.php(60): call_user_func_array()
#4 /home/pedro/facul/website-VeiGest/veigest/vendor/yiisoft/yii2/base/Controller.php(184): yii\base\InlineAction->runWithParams()
#5 /home/pedro/facul/website-VeiGest/veigest/vendor/yiisoft/yii2/base/Module.php(555): yii\base\Controller->runAction()
#6 /home/pedro/facul/website-VeiGest/veigest/vendor/yiisoft/yii2/web/Application.php(103): yii\base\Module->runAction()
#7 /home/pedro/facul/website-VeiGest/veigest/vendor/yiisoft/yii2/base/Application.php(387): yii\web\Application->handleRequest()
#8 /home/pedro/facul/website-VeiGest/veigest/backend/web/index.php(18): yii\base\Application->run()
#9 {main}
2026-01-06 00:15:24 [::1][-][-][info][application] $_GET = []

$_POST = []

$_FILES = []

$_COOKIE = []

$_SERVER = [
    'REDIRECT_STATUS' => '200'
    'HTTP_HOST' => 'localhost:8002'
    'HTTP_USER_AGENT' => 'curl/8.5.0'
    'HTTP_ACCEPT' => '*/*'
    'CONTENT_TYPE' => 'application/json'
    'CONTENT_LENGTH' => '39'
    'PATH' => '/usr/local/sbin:/usr/local/bin:/usr/sbin:/usr/bin:/snap/bin'
    'SERVER_SIGNATURE' => '<address>Apache/2.4.58 (Ubuntu) Server at localhost Port 8002</address>
'
    'SERVER_SOFTWARE' => 'Apache/2.4.58 (Ubuntu)'
    'SERVER_NAME' => 'localhost'
    'SERVER_ADDR' => '::1'
    'SERVER_PORT' => '8002'
    'REMOTE_ADDR' => '::1'
    'DOCUMENT_ROOT' => '/home/pedro/facul/website-VeiGest/veigest/backend/web'
    'REQUEST_SCHEME' => 'http'
    'CONTEXT_PREFIX' => ''
    'CONTEXT_DOCUMENT_ROOT' => '/home/pedro/facul/website-VeiGest/veigest/backend/web'
    'SERVER_ADMIN' => '[no address given]'
    'SCRIPT_FILENAME' => '/home/pedro/facul/website-VeiGest/veigest/backend/web/index.php'
    'REMOTE_PORT' => '50618'
    'REDIRECT_URL' => '/api/auth/login'
    'GATEWAY_INTERFACE' => 'CGI/1.1'
    'SERVER_PROTOCOL' => 'HTTP/1.1'
    'REQUEST_METHOD' => 'POST'
    'QUERY_STRING' => ''
    'REQUEST_URI' => '/api/auth/login'
    'SCRIPT_NAME' => '/index.php'
    'PHP_SELF' => '/index.php'
    'REQUEST_TIME_FLOAT' => 1767658524.0993
    'REQUEST_TIME' => 1767658524
]
2026-01-06 00:15:24 [::1][-][-][error][yii\web\HttpException:404] yii\base\InvalidRouteException: Unable to resolve the request "api/alerts". in /home/pedro/facul/website-VeiGest/veigest/vendor/yiisoft/yii2/base/Module.php:564
Stack trace:
#0 /home/pedro/facul/website-VeiGest/veigest/vendor/yiisoft/yii2/web/Application.php(103): yii\base\Module->runAction()
#1 /home/pedro/facul/website-VeiGest/veigest/vendor/yiisoft/yii2/base/Application.php(387): yii\web\Application->handleRequest()
#2 /home/pedro/facul/website-VeiGest/veigest/backend/web/index.php(18): yii\base\Application->run()
#3 {main}

Next yii\web\NotFoundHttpException: Page not found. in /home/pedro/facul/website-VeiGest/veigest/vendor/yiisoft/yii2/web/Application.php:115
Stack trace:
#0 /home/pedro/facul/website-VeiGest/veigest/vendor/yiisoft/yii2/base/Application.php(387): yii\web\Application->handleRequest()
#1 /home/pedro/facul/website-VeiGest/veigest/backend/web/index.php(18): yii\base\Application->run()
#2 {main}
2026-01-06 00:15:24 [::1][-][-][info][application] $_GET = []

$_POST = []

$_FILES = []

$_COOKIE = []

$_SERVER = [
    'REDIRECT_STATUS' => '200'
    'HTTP_HOST' => 'localhost:8002'
    'HTTP_USER_AGENT' => 'curl/8.5.0'
    'HTTP_ACCEPT' => '*/*'
    'CONTENT_TYPE' => 'application/json'
    'CONTENT_LENGTH' => '169'
    'PATH' => '/usr/local/sbin:/usr/local/bin:/usr/sbin:/usr/bin:/snap/bin'
    'SERVER_SIGNATURE' => '<address>Apache/2.4.58 (Ubuntu) Server at localhost Port 8002</address>
'
    'SERVER_SOFTWARE' => 'Apache/2.4.58 (Ubuntu)'
    'SERVER_NAME' => 'localhost'
    'SERVER_ADDR' => '::1'
    'SERVER_PORT' => '8002'
    'REMOTE_ADDR' => '::1'
    'DOCUMENT_ROOT' => '/home/pedro/facul/website-VeiGest/veigest/backend/web'
    'REQUEST_SCHEME' => 'http'
    'CONTEXT_PREFIX' => ''
    'CONTEXT_DOCUMENT_ROOT' => '/home/pedro/facul/website-VeiGest/veigest/backend/web'
    'SERVER_ADMIN' => '[no address given]'
    'SCRIPT_FILENAME' => '/home/pedro/facul/website-VeiGest/veigest/backend/web/index.php'
    'REMOTE_PORT' => '50624'
    'REDIRECT_URL' => '/api/alerts'
    'GATEWAY_INTERFACE' => 'CGI/1.1'
    'SERVER_PROTOCOL' => 'HTTP/1.1'
    'REQUEST_METHOD' => 'POST'
    'QUERY_STRING' => ''
    'REQUEST_URI' => '/api/alerts'
    'SCRIPT_NAME' => '/index.php'
    'PHP_SELF' => '/index.php'
    'REQUEST_TIME_FLOAT' => 1767658524.3788
    'REQUEST_TIME' => 1767658524
]
2026-01-06 00:16:06 [::1][-][-][error][yii\base\UnknownPropertyException] yii\base\UnknownPropertyException: Getting unknown property: common\models\User::estado in /home/pedro/facul/website-VeiGest/veigest/vendor/yiisoft/yii2/base/Component.php:154
Stack trace:
#0 /home/pedro/facul/website-VeiGest/veigest/vendor/yiisoft/yii2/db/BaseActiveRecord.php(296): yii\base\Component->__get()
#1 /home/pedro/facul/website-VeiGest/veigest/backend/modules/api/controllers/AuthController.php(104): yii\db\BaseActiveRecord->__get()
#2 [internal function]: backend\modules\api\controllers\AuthController->actionLogin()
#3 /home/pedro/facul/website-VeiGest/veigest/vendor/yiisoft/yii2/base/InlineAction.php(60): call_user_func_array()
#4 /home/pedro/facul/website-VeiGest/veigest/vendor/yiisoft/yii2/base/Controller.php(184): yii\base\InlineAction->runWithParams()
#5 /home/pedro/facul/website-VeiGest/veigest/vendor/yiisoft/yii2/base/Module.php(555): yii\base\Controller->runAction()
#6 /home/pedro/facul/website-VeiGest/veigest/vendor/yiisoft/yii2/web/Application.php(103): yii\base\Module->runAction()
#7 /home/pedro/facul/website-VeiGest/veigest/vendor/yiisoft/yii2/base/Application.php(387): yii\web\Application->handleRequest()
#8 /home/pedro/facul/website-VeiGest/veigest/backend/web/index.php(18): yii\base\Application->run()
#9 {main}
2026-01-06 00:16:06 [::1][-][-][info][application] $_GET = []

$_POST = []

$_FILES = []

$_COOKIE = []

$_SERVER = [
    'REDIRECT_STATUS' => '200'
    'HTTP_HOST' => 'localhost:8002'
    'HTTP_USER_AGENT' => 'curl/8.5.0'
    'HTTP_ACCEPT' => '*/*'
    'CONTENT_TYPE' => 'application/json'
    'CONTENT_LENGTH' => '39'
    'PATH' => '/usr/local/sbin:/usr/local/bin:/usr/sbin:/usr/bin:/snap/bin'
    'SERVER_SIGNATURE' => '<address>Apache/2.4.58 (Ubuntu) Server at localhost Port 8002</address>
'
    'SERVER_SOFTWARE' => 'Apache/2.4.58 (Ubuntu)'
    'SERVER_NAME' => 'localhost'
    'SERVER_ADDR' => '::1'
    'SERVER_PORT' => '8002'
    'REMOTE_ADDR' => '::1'
    'DOCUMENT_ROOT' => '/home/pedro/facul/website-VeiGest/veigest/backend/web'
    'REQUEST_SCHEME' => 'http'
    'CONTEXT_PREFIX' => ''
    'CONTEXT_DOCUMENT_ROOT' => '/home/pedro/facul/website-VeiGest/veigest/backend/web'
    'SERVER_ADMIN' => '[no address given]'
    'SCRIPT_FILENAME' => '/home/pedro/facul/website-VeiGest/veigest/backend/web/index.php'
    'REMOTE_PORT' => '38270'
    'REDIRECT_URL' => '/api/auth/login'
    'GATEWAY_INTERFACE' => 'CGI/1.1'
    'SERVER_PROTOCOL' => 'HTTP/1.1'
    'REQUEST_METHOD' => 'POST'
    'QUERY_STRING' => ''
    'REQUEST_URI' => '/api/auth/login'
    'SCRIPT_NAME' => '/index.php'
    'PHP_SELF' => '/index.php'
    'REQUEST_TIME_FLOAT' => 1767658566.4027
    'REQUEST_TIME' => 1767658566
]
2026-01-06 00:16:06 [::1][-][-][error][yii\web\HttpException:401] yii\web\UnauthorizedHttpException: Your request was made with invalid credentials. in /home/pedro/facul/website-VeiGest/veigest/vendor/yiisoft/yii2/filters/auth/AuthMethod.php:93
Stack trace:
#0 /home/pedro/facul/website-VeiGest/veigest/vendor/yiisoft/yii2/filters/auth/AuthMethod.php(76): yii\filters\auth\AuthMethod->handleFailure()
#1 /home/pedro/facul/website-VeiGest/veigest/vendor/yiisoft/yii2/base/ActionFilter.php(77): yii\filters\auth\AuthMethod->beforeAction()
#2 [internal function]: yii\base\ActionFilter->beforeFilter()
#3 /home/pedro/facul/website-VeiGest/veigest/vendor/yiisoft/yii2/base/Component.php(648): call_user_func()
#4 /home/pedro/facul/website-VeiGest/veigest/vendor/yiisoft/yii2/base/Controller.php(303): yii\base\Component->trigger()
#5 /home/pedro/facul/website-VeiGest/veigest/vendor/yiisoft/yii2/web/Controller.php(318): yii\base\Controller->beforeAction()
#6 /home/pedro/facul/website-VeiGest/veigest/vendor/yiisoft/yii2/base/Controller.php(182): yii\web\Controller->beforeAction()
#7 /home/pedro/facul/website-VeiGest/veigest/vendor/yiisoft/yii2/base/Module.php(555): yii\base\Controller->runAction()
#8 /home/pedro/facul/website-VeiGest/veigest/vendor/yiisoft/yii2/web/Application.php(103): yii\base\Module->runAction()
#9 /home/pedro/facul/website-VeiGest/veigest/vendor/yiisoft/yii2/base/Application.php(387): yii\web\Application->handleRequest()
#10 /home/pedro/facul/website-VeiGest/veigest/backend/web/index.php(18): yii\base\Application->run()
#11 {main}
2026-01-06 00:16:06 [::1][-][-][info][application] $_GET = []

$_POST = []

$_FILES = []

$_COOKIE = []

$_SERVER = [
    'REDIRECT_STATUS' => '200'
    'HTTP_HOST' => 'localhost:8002'
    'HTTP_USER_AGENT' => 'curl/8.5.0'
    'HTTP_ACCEPT' => '*/*'
    'CONTENT_TYPE' => 'application/json'
    'CONTENT_LENGTH' => '169'
    'PATH' => '/usr/local/sbin:/usr/local/bin:/usr/sbin:/usr/bin:/snap/bin'
    'SERVER_SIGNATURE' => '<address>Apache/2.4.58 (Ubuntu) Server at localhost Port 8002</address>
'
    'SERVER_SOFTWARE' => 'Apache/2.4.58 (Ubuntu)'
    'SERVER_NAME' => 'localhost'
    'SERVER_ADDR' => '::1'
    'SERVER_PORT' => '8002'
    'REMOTE_ADDR' => '::1'
    'DOCUMENT_ROOT' => '/home/pedro/facul/website-VeiGest/veigest/backend/web'
    'REQUEST_SCHEME' => 'http'
    'CONTEXT_PREFIX' => ''
    'CONTEXT_DOCUMENT_ROOT' => '/home/pedro/facul/website-VeiGest/veigest/backend/web'
    'SERVER_ADMIN' => '[no address given]'
    'SCRIPT_FILENAME' => '/home/pedro/facul/website-VeiGest/veigest/backend/web/index.php'
    'REMOTE_PORT' => '38286'
    'REDIRECT_URL' => '/api/alert'
    'GATEWAY_INTERFACE' => 'CGI/1.1'
    'SERVER_PROTOCOL' => 'HTTP/1.1'
    'REQUEST_METHOD' => 'POST'
    'QUERY_STRING' => ''
    'REQUEST_URI' => '/api/alert'
    'SCRIPT_NAME' => '/index.php'
    'PHP_SELF' => '/index.php'
    'REQUEST_TIME_FLOAT' => 1767658566.6785
    'REQUEST_TIME' => 1767658566
]
2026-01-06 00:16:19 [::1][-][-][error][yii\base\UnknownPropertyException] yii\base\UnknownPropertyException: Getting unknown property: common\models\User::estado in /home/pedro/facul/website-VeiGest/veigest/vendor/yiisoft/yii2/base/Component.php:154
Stack trace:
#0 /home/pedro/facul/website-VeiGest/veigest/vendor/yiisoft/yii2/db/BaseActiveRecord.php(296): yii\base\Component->__get()
#1 /home/pedro/facul/website-VeiGest/veigest/backend/modules/api/controllers/AuthController.php(104): yii\db\BaseActiveRecord->__get()
#2 [internal function]: backend\modules\api\controllers\AuthController->actionLogin()
#3 /home/pedro/facul/website-VeiGest/veigest/vendor/yiisoft/yii2/base/InlineAction.php(60): call_user_func_array()
#4 /home/pedro/facul/website-VeiGest/veigest/vendor/yiisoft/yii2/base/Controller.php(184): yii\base\InlineAction->runWithParams()
#5 /home/pedro/facul/website-VeiGest/veigest/vendor/yiisoft/yii2/base/Module.php(555): yii\base\Controller->runAction()
#6 /home/pedro/facul/website-VeiGest/veigest/vendor/yiisoft/yii2/web/Application.php(103): yii\base\Module->runAction()
#7 /home/pedro/facul/website-VeiGest/veigest/vendor/yiisoft/yii2/base/Application.php(387): yii\web\Application->handleRequest()
#8 /home/pedro/facul/website-VeiGest/veigest/backend/web/index.php(18): yii\base\Application->run()
#9 {main}
2026-01-06 00:16:18 [::1][-][-][info][application] $_GET = []

$_POST = []

$_FILES = []

$_COOKIE = []

$_SERVER = [
    'REDIRECT_STATUS' => '200'
    'HTTP_HOST' => 'localhost:8002'
    'HTTP_USER_AGENT' => 'curl/8.5.0'
    'HTTP_ACCEPT' => '*/*'
    'CONTENT_TYPE' => 'application/json'
    'CONTENT_LENGTH' => '39'
    'PATH' => '/usr/local/sbin:/usr/local/bin:/usr/sbin:/usr/bin:/snap/bin'
    'SERVER_SIGNATURE' => '<address>Apache/2.4.58 (Ubuntu) Server at localhost Port 8002</address>
'
    'SERVER_SOFTWARE' => 'Apache/2.4.58 (Ubuntu)'
    'SERVER_NAME' => 'localhost'
    'SERVER_ADDR' => '::1'
    'SERVER_PORT' => '8002'
    'REMOTE_ADDR' => '::1'
    'DOCUMENT_ROOT' => '/home/pedro/facul/website-VeiGest/veigest/backend/web'
    'REQUEST_SCHEME' => 'http'
    'CONTEXT_PREFIX' => ''
    'CONTEXT_DOCUMENT_ROOT' => '/home/pedro/facul/website-VeiGest/veigest/backend/web'
    'SERVER_ADMIN' => '[no address given]'
    'SCRIPT_FILENAME' => '/home/pedro/facul/website-VeiGest/veigest/backend/web/index.php'
    'REMOTE_PORT' => '54944'
    'REDIRECT_URL' => '/api/auth/login'
    'GATEWAY_INTERFACE' => 'CGI/1.1'
    'SERVER_PROTOCOL' => 'HTTP/1.1'
    'REQUEST_METHOD' => 'POST'
    'QUERY_STRING' => ''
    'REQUEST_URI' => '/api/auth/login'
    'SCRIPT_NAME' => '/index.php'
    'PHP_SELF' => '/index.php'
    'REQUEST_TIME_FLOAT' => 1767658578.9715
    'REQUEST_TIME' => 1767658578
]
2026-01-06 00:17:06 [::1][-][-][error][Error] Error: Undefined constant common\models\User::STATUS_ACTIVE in /home/pedro/facul/website-VeiGest/veigest/backend/modules/api/controllers/AuthController.php:104
Stack trace:
#0 [internal function]: backend\modules\api\controllers\AuthController->actionLogin()
#1 /home/pedro/facul/website-VeiGest/veigest/vendor/yiisoft/yii2/base/InlineAction.php(60): call_user_func_array()
#2 /home/pedro/facul/website-VeiGest/veigest/vendor/yiisoft/yii2/base/Controller.php(184): yii\base\InlineAction->runWithParams()
#3 /home/pedro/facul/website-VeiGest/veigest/vendor/yiisoft/yii2/base/Module.php(555): yii\base\Controller->runAction()
#4 /home/pedro/facul/website-VeiGest/veigest/vendor/yiisoft/yii2/web/Application.php(103): yii\base\Module->runAction()
#5 /home/pedro/facul/website-VeiGest/veigest/vendor/yiisoft/yii2/base/Application.php(387): yii\web\Application->handleRequest()
#6 /home/pedro/facul/website-VeiGest/veigest/backend/web/index.php(18): yii\base\Application->run()
#7 {main}
2026-01-06 00:17:06 [::1][-][-][info][application] $_GET = []

$_POST = []

$_FILES = []

$_COOKIE = []

$_SERVER = [
    'REDIRECT_STATUS' => '200'
    'HTTP_HOST' => 'localhost:8002'
    'HTTP_USER_AGENT' => 'curl/8.5.0'
    'HTTP_ACCEPT' => '*/*'
    'CONTENT_TYPE' => 'application/json'
    'CONTENT_LENGTH' => '39'
    'PATH' => '/usr/local/sbin:/usr/local/bin:/usr/sbin:/usr/bin:/snap/bin'
    'SERVER_SIGNATURE' => '<address>Apache/2.4.58 (Ubuntu) Server at localhost Port 8002</address>
'
    'SERVER_SOFTWARE' => 'Apache/2.4.58 (Ubuntu)'
    'SERVER_NAME' => 'localhost'
    'SERVER_ADDR' => '::1'
    'SERVER_PORT' => '8002'
    'REMOTE_ADDR' => '::1'
    'DOCUMENT_ROOT' => '/home/pedro/facul/website-VeiGest/veigest/backend/web'
    'REQUEST_SCHEME' => 'http'
    'CONTEXT_PREFIX' => ''
    'CONTEXT_DOCUMENT_ROOT' => '/home/pedro/facul/website-VeiGest/veigest/backend/web'
    'SERVER_ADMIN' => '[no address given]'
    'SCRIPT_FILENAME' => '/home/pedro/facul/website-VeiGest/veigest/backend/web/index.php'
    'REMOTE_PORT' => '33366'
    'REDIRECT_URL' => '/api/auth/login'
    'GATEWAY_INTERFACE' => 'CGI/1.1'
    'SERVER_PROTOCOL' => 'HTTP/1.1'
    'REQUEST_METHOD' => 'POST'
    'QUERY_STRING' => ''
    'REQUEST_URI' => '/api/auth/login'
    'SCRIPT_NAME' => '/index.php'
    'PHP_SELF' => '/index.php'
    'REQUEST_TIME_FLOAT' => 1767658626.7324
    'REQUEST_TIME' => 1767658626
]
2026-01-06 00:18:18 [::1][-][-][error][yii\base\UnknownPropertyException] yii\base\UnknownPropertyException: Getting unknown property: common\models\User::estado in /home/pedro/facul/website-VeiGest/veigest/vendor/yiisoft/yii2/base/Component.php:154
Stack trace:
#0 /home/pedro/facul/website-VeiGest/veigest/vendor/yiisoft/yii2/db/BaseActiveRecord.php(296): yii\base\Component->__get()
#1 /home/pedro/facul/website-VeiGest/veigest/backend/modules/api/controllers/AuthController.php(160): yii\db\BaseActiveRecord->__get()
#2 [internal function]: backend\modules\api\controllers\AuthController->actionLogin()
#3 /home/pedro/facul/website-VeiGest/veigest/vendor/yiisoft/yii2/base/InlineAction.php(60): call_user_func_array()
#4 /home/pedro/facul/website-VeiGest/veigest/vendor/yiisoft/yii2/base/Controller.php(184): yii\base\InlineAction->runWithParams()
#5 /home/pedro/facul/website-VeiGest/veigest/vendor/yiisoft/yii2/base/Module.php(555): yii\base\Controller->runAction()
#6 /home/pedro/facul/website-VeiGest/veigest/vendor/yiisoft/yii2/web/Application.php(103): yii\base\Module->runAction()
#7 /home/pedro/facul/website-VeiGest/veigest/vendor/yiisoft/yii2/base/Application.php(387): yii\web\Application->handleRequest()
#8 /home/pedro/facul/website-VeiGest/veigest/backend/web/index.php(18): yii\base\Application->run()
#9 {main}
2026-01-06 00:18:18 [::1][-][-][info][application] $_GET = []

$_POST = []

$_FILES = []

$_COOKIE = []

$_SERVER = [
    'REDIRECT_STATUS' => '200'
    'HTTP_HOST' => 'localhost:8002'
    'HTTP_USER_AGENT' => 'curl/8.5.0'
    'HTTP_ACCEPT' => '*/*'
    'CONTENT_TYPE' => 'application/json'
    'CONTENT_LENGTH' => '39'
    'PATH' => '/usr/local/sbin:/usr/local/bin:/usr/sbin:/usr/bin:/snap/bin'
    'SERVER_SIGNATURE' => '<address>Apache/2.4.58 (Ubuntu) Server at localhost Port 8002</address>
'
    'SERVER_SOFTWARE' => 'Apache/2.4.58 (Ubuntu)'
    'SERVER_NAME' => 'localhost'
    'SERVER_ADDR' => '::1'
    'SERVER_PORT' => '8002'
    'REMOTE_ADDR' => '::1'
    'DOCUMENT_ROOT' => '/home/pedro/facul/website-VeiGest/veigest/backend/web'
    'REQUEST_SCHEME' => 'http'
    'CONTEXT_PREFIX' => ''
    'CONTEXT_DOCUMENT_ROOT' => '/home/pedro/facul/website-VeiGest/veigest/backend/web'
    'SERVER_ADMIN' => '[no address given]'
    'SCRIPT_FILENAME' => '/home/pedro/facul/website-VeiGest/veigest/backend/web/index.php'
    'REMOTE_PORT' => '40356'
    'REDIRECT_URL' => '/api/auth/login'
    'GATEWAY_INTERFACE' => 'CGI/1.1'
    'SERVER_PROTOCOL' => 'HTTP/1.1'
    'REQUEST_METHOD' => 'POST'
    'QUERY_STRING' => ''
    'REQUEST_URI' => '/api/auth/login'
    'SCRIPT_NAME' => '/index.php'
    'PHP_SELF' => '/index.php'
    'REQUEST_TIME_FLOAT' => 1767658698.7442
    'REQUEST_TIME' => 1767658698
]
2026-01-06 00:19:30 [::1][-][-][error][yii\base\UnknownPropertyException] yii\base\UnknownPropertyException: Getting unknown property: common\models\User::estado in /home/pedro/facul/website-VeiGest/veigest/vendor/yiisoft/yii2/base/Component.php:154
Stack trace:
#0 /home/pedro/facul/website-VeiGest/veigest/vendor/yiisoft/yii2/db/BaseActiveRecord.php(296): yii\base\Component->__get()
#1 /home/pedro/facul/website-VeiGest/veigest/backend/modules/api/components/ApiAuthenticator.php(67): yii\db\BaseActiveRecord->__get()
#2 /home/pedro/facul/website-VeiGest/veigest/vendor/yiisoft/yii2/filters/auth/AuthMethod.php(58): backend\modules\api\components\ApiAuthenticator->authenticate()
#3 /home/pedro/facul/website-VeiGest/veigest/vendor/yiisoft/yii2/base/ActionFilter.php(77): yii\filters\auth\AuthMethod->beforeAction()
#4 [internal function]: yii\base\ActionFilter->beforeFilter()
#5 /home/pedro/facul/website-VeiGest/veigest/vendor/yiisoft/yii2/base/Component.php(648): call_user_func()
#6 /home/pedro/facul/website-VeiGest/veigest/vendor/yiisoft/yii2/base/Controller.php(303): yii\base\Component->trigger()
#7 /home/pedro/facul/website-VeiGest/veigest/vendor/yiisoft/yii2/web/Controller.php(318): yii\base\Controller->beforeAction()
#8 /home/pedro/facul/website-VeiGest/veigest/vendor/yiisoft/yii2/base/Controller.php(182): yii\web\Controller->beforeAction()
#9 /home/pedro/facul/website-VeiGest/veigest/vendor/yiisoft/yii2/base/Module.php(555): yii\base\Controller->runAction()
#10 /home/pedro/facul/website-VeiGest/veigest/vendor/yiisoft/yii2/web/Application.php(103): yii\base\Module->runAction()
#11 /home/pedro/facul/website-VeiGest/veigest/vendor/yiisoft/yii2/base/Application.php(387): yii\web\Application->handleRequest()
#12 /home/pedro/facul/website-VeiGest/veigest/backend/web/index.php(18): yii\base\Application->run()
#13 {main}
2026-01-06 00:19:30 [::1][-][-][info][application] $_GET = []

$_POST = []

$_FILES = []

$_COOKIE = []

$_SERVER = [
    'REDIRECT_STATUS' => '200'
    'HTTP_HOST' => 'localhost:8002'
    'HTTP_USER_AGENT' => 'curl/8.5.0'
    'HTTP_ACCEPT' => '*/*'
    'CONTENT_TYPE' => 'application/json'
    'CONTENT_LENGTH' => '169'
    'PATH' => '/usr/local/sbin:/usr/local/bin:/usr/sbin:/usr/bin:/snap/bin'
    'SERVER_SIGNATURE' => '<address>Apache/2.4.58 (Ubuntu) Server at localhost Port 8002</address>
'
    'SERVER_SOFTWARE' => 'Apache/2.4.58 (Ubuntu)'
    'SERVER_NAME' => 'localhost'
    'SERVER_ADDR' => '::1'
    'SERVER_PORT' => '8002'
    'REMOTE_ADDR' => '::1'
    'DOCUMENT_ROOT' => '/home/pedro/facul/website-VeiGest/veigest/backend/web'
    'REQUEST_SCHEME' => 'http'
    'CONTEXT_PREFIX' => ''
    'CONTEXT_DOCUMENT_ROOT' => '/home/pedro/facul/website-VeiGest/veigest/backend/web'
    'SERVER_ADMIN' => '[no address given]'
    'SCRIPT_FILENAME' => '/home/pedro/facul/website-VeiGest/veigest/backend/web/index.php'
    'REMOTE_PORT' => '37454'
    'REDIRECT_URL' => '/api/alert'
    'GATEWAY_INTERFACE' => 'CGI/1.1'
    'SERVER_PROTOCOL' => 'HTTP/1.1'
    'REQUEST_METHOD' => 'POST'
    'QUERY_STRING' => ''
    'REQUEST_URI' => '/api/alert'
    'SCRIPT_NAME' => '/index.php'
    'PHP_SELF' => '/index.php'
    'REQUEST_TIME_FLOAT' => 1767658770.4957
    'REQUEST_TIME' => 1767658770
]
2026-01-06 00:21:11 [::1][-][-][warning][mqtt] MQTT: Não foi possível conectar ao broker - php_network_getaddresses: getaddrinfo for mosquitto failed: Name or service not known (0)
    in /home/pedro/facul/website-VeiGest/veigest/backend/modules/api/components/MqttPublisher.php:84
    in /home/pedro/facul/website-VeiGest/veigest/backend/modules/api/components/MqttPublisher.php:134
    in /home/pedro/facul/website-VeiGest/veigest/backend/modules/api/components/MqttPublisher.php:186
2026-01-06 00:21:11 [::1][-][-][warning][mqtt] MQTT: Mensagem não publicada (broker indisponível) - Topic: veigest/alerts/1
    in /home/pedro/facul/website-VeiGest/veigest/backend/modules/api/components/MqttPublisher.php:136
    in /home/pedro/facul/website-VeiGest/veigest/backend/modules/api/components/MqttPublisher.php:186
    in /home/pedro/facul/website-VeiGest/veigest/backend/modules/api/models/Alert.php:277
2026-01-06 00:21:11 [::1][-][-][warning][mqtt] MQTT: Não foi possível conectar ao broker - php_network_getaddresses: getaddrinfo for mosquitto failed: Name or service not known (0)
    in /home/pedro/facul/website-VeiGest/veigest/backend/modules/api/components/MqttPublisher.php:84
    in /home/pedro/facul/website-VeiGest/veigest/backend/modules/api/components/MqttPublisher.php:134
    in /home/pedro/facul/website-VeiGest/veigest/backend/modules/api/components/MqttPublisher.php:189
2026-01-06 00:21:11 [::1][-][-][warning][mqtt] MQTT: Mensagem não publicada (broker indisponível) - Topic: veigest/alerts/1/new
    in /home/pedro/facul/website-VeiGest/veigest/backend/modules/api/components/MqttPublisher.php:136
    in /home/pedro/facul/website-VeiGest/veigest/backend/modules/api/components/MqttPublisher.php:189
    in /home/pedro/facul/website-VeiGest/veigest/backend/modules/api/models/Alert.php:277
2026-01-06 00:21:11 [::1][-][-][warning][mqtt] MQTT: Não foi possível conectar ao broker - php_network_getaddresses: getaddrinfo for mosquitto failed: Name or service not known (0)
    in /home/pedro/facul/website-VeiGest/veigest/backend/modules/api/components/MqttPublisher.php:84
    in /home/pedro/facul/website-VeiGest/veigest/backend/modules/api/components/MqttPublisher.php:134
    in /home/pedro/facul/website-VeiGest/veigest/backend/modules/api/components/MqttPublisher.php:195
2026-01-06 00:21:11 [::1][-][-][warning][mqtt] MQTT: Mensagem não publicada (broker indisponível) - Topic: veigest/alerts/1/critical
    in /home/pedro/facul/website-VeiGest/veigest/backend/modules/api/components/MqttPublisher.php:136
    in /home/pedro/facul/website-VeiGest/veigest/backend/modules/api/components/MqttPublisher.php:195
    in /home/pedro/facul/website-VeiGest/veigest/backend/modules/api/models/Alert.php:277
2026-01-06 00:21:11 [::1][-][-][info][application] $_GET = []

$_POST = []

$_FILES = []

$_COOKIE = []

$_SERVER = [
    'REDIRECT_STATUS' => '200'
    'HTTP_HOST' => 'localhost:8002'
    'HTTP_USER_AGENT' => 'curl/8.5.0'
    'HTTP_ACCEPT' => '*/*'
    'CONTENT_TYPE' => 'application/json'
    'CONTENT_LENGTH' => '169'
    'PATH' => '/usr/local/sbin:/usr/local/bin:/usr/sbin:/usr/bin:/snap/bin'
    'SERVER_SIGNATURE' => '<address>Apache/2.4.58 (Ubuntu) Server at localhost Port 8002</address>
'
    'SERVER_SOFTWARE' => 'Apache/2.4.58 (Ubuntu)'
    'SERVER_NAME' => 'localhost'
    'SERVER_ADDR' => '::1'
    'SERVER_PORT' => '8002'
    'REMOTE_ADDR' => '::1'
    'DOCUMENT_ROOT' => '/home/pedro/facul/website-VeiGest/veigest/backend/web'
    'REQUEST_SCHEME' => 'http'
    'CONTEXT_PREFIX' => ''
    'CONTEXT_DOCUMENT_ROOT' => '/home/pedro/facul/website-VeiGest/veigest/backend/web'
    'SERVER_ADMIN' => '[no address given]'
    'SCRIPT_FILENAME' => '/home/pedro/facul/website-VeiGest/veigest/backend/web/index.php'
    'REMOTE_PORT' => '39838'
    'REDIRECT_URL' => '/api/alert'
    'GATEWAY_INTERFACE' => 'CGI/1.1'
    'SERVER_PROTOCOL' => 'HTTP/1.1'
    'REQUEST_METHOD' => 'POST'
    'QUERY_STRING' => ''
    'REQUEST_URI' => '/api/alert'
    'SCRIPT_NAME' => '/index.php'
    'PHP_SELF' => '/index.php'
    'REQUEST_TIME_FLOAT' => 1767658871.2481
    'REQUEST_TIME' => 1767658871
]
2026-01-06 00:31:07 [::1][-][-][error][yii\web\HttpException:404] yii\base\InvalidRouteException: Unable to resolve the request "api/routes". in /home/pedro/facul/website-VeiGest/veigest/vendor/yiisoft/yii2/base/Module.php:564
Stack trace:
#0 /home/pedro/facul/website-VeiGest/veigest/vendor/yiisoft/yii2/web/Application.php(103): yii\base\Module->runAction()
#1 /home/pedro/facul/website-VeiGest/veigest/vendor/yiisoft/yii2/base/Application.php(387): yii\web\Application->handleRequest()
#2 /home/pedro/facul/website-VeiGest/veigest/backend/web/index.php(18): yii\base\Application->run()
#3 {main}

Next yii\web\NotFoundHttpException: Page not found. in /home/pedro/facul/website-VeiGest/veigest/vendor/yiisoft/yii2/web/Application.php:115
Stack trace:
#0 /home/pedro/facul/website-VeiGest/veigest/vendor/yiisoft/yii2/base/Application.php(387): yii\web\Application->handleRequest()
#1 /home/pedro/facul/website-VeiGest/veigest/backend/web/index.php(18): yii\base\Application->run()
#2 {main}
2026-01-06 00:31:07 [::1][-][-][info][application] $_GET = []

$_POST = []

$_FILES = []

$_COOKIE = []

$_SERVER = [
    'REDIRECT_STATUS' => '200'
    'HTTP_HOST' => 'localhost:8002'
    'HTTP_USER_AGENT' => 'curl/8.5.0'
    'HTTP_ACCEPT' => '*/*'
    'PATH' => '/usr/local/sbin:/usr/local/bin:/usr/sbin:/usr/bin:/snap/bin'
    'SERVER_SIGNATURE' => '<address>Apache/2.4.58 (Ubuntu) Server at localhost Port 8002</address>
'
    'SERVER_SOFTWARE' => 'Apache/2.4.58 (Ubuntu)'
    'SERVER_NAME' => 'localhost'
    'SERVER_ADDR' => '::1'
    'SERVER_PORT' => '8002'
    'REMOTE_ADDR' => '::1'
    'DOCUMENT_ROOT' => '/home/pedro/facul/website-VeiGest/veigest/backend/web'
    'REQUEST_SCHEME' => 'http'
    'CONTEXT_PREFIX' => ''
    'CONTEXT_DOCUMENT_ROOT' => '/home/pedro/facul/website-VeiGest/veigest/backend/web'
    'SERVER_ADMIN' => '[no address given]'
    'SCRIPT_FILENAME' => '/home/pedro/facul/website-VeiGest/veigest/backend/web/index.php'
    'REMOTE_PORT' => '59808'
    'REDIRECT_URL' => '/api/routes'
    'GATEWAY_INTERFACE' => 'CGI/1.1'
    'SERVER_PROTOCOL' => 'HTTP/1.1'
    'REQUEST_METHOD' => 'GET'
    'QUERY_STRING' => ''
    'REQUEST_URI' => '/api/routes'
    'SCRIPT_NAME' => '/index.php'
    'PHP_SELF' => '/index.php'
    'REQUEST_TIME_FLOAT' => 1767659467.4396
    'REQUEST_TIME' => 1767659467
]
2026-01-06 00:31:25 [::1][-][-][error][yii\web\HttpException:404] yii\base\InvalidRouteException: Unable to resolve the request "api/routes". in /home/pedro/facul/website-VeiGest/veigest/vendor/yiisoft/yii2/base/Module.php:564
Stack trace:
#0 /home/pedro/facul/website-VeiGest/veigest/vendor/yiisoft/yii2/web/Application.php(103): yii\base\Module->runAction()
#1 /home/pedro/facul/website-VeiGest/veigest/vendor/yiisoft/yii2/base/Application.php(387): yii\web\Application->handleRequest()
#2 /home/pedro/facul/website-VeiGest/veigest/backend/web/index.php(18): yii\base\Application->run()
#3 {main}

Next yii\web\NotFoundHttpException: Page not found. in /home/pedro/facul/website-VeiGest/veigest/vendor/yiisoft/yii2/web/Application.php:115
Stack trace:
#0 /home/pedro/facul/website-VeiGest/veigest/vendor/yiisoft/yii2/base/Application.php(387): yii\web\Application->handleRequest()
#1 /home/pedro/facul/website-VeiGest/veigest/backend/web/index.php(18): yii\base\Application->run()
#2 {main}
2026-01-06 00:31:25 [::1][-][-][info][application] $_GET = []

$_POST = []

$_FILES = []

$_COOKIE = []

$_SERVER = [
    'REDIRECT_STATUS' => '200'
    'HTTP_HOST' => 'localhost:8002'
    'HTTP_USER_AGENT' => 'curl/8.5.0'
    'HTTP_ACCEPT' => '*/*'
    'PATH' => '/usr/local/sbin:/usr/local/bin:/usr/sbin:/usr/bin:/snap/bin'
    'SERVER_SIGNATURE' => '<address>Apache/2.4.58 (Ubuntu) Server at localhost Port 8002</address>
'
    'SERVER_SOFTWARE' => 'Apache/2.4.58 (Ubuntu)'
    'SERVER_NAME' => 'localhost'
    'SERVER_ADDR' => '::1'
    'SERVER_PORT' => '8002'
    'REMOTE_ADDR' => '::1'
    'DOCUMENT_ROOT' => '/home/pedro/facul/website-VeiGest/veigest/backend/web'
    'REQUEST_SCHEME' => 'http'
    'CONTEXT_PREFIX' => ''
    'CONTEXT_DOCUMENT_ROOT' => '/home/pedro/facul/website-VeiGest/veigest/backend/web'
    'SERVER_ADMIN' => '[no address given]'
    'SCRIPT_FILENAME' => '/home/pedro/facul/website-VeiGest/veigest/backend/web/index.php'
    'REMOTE_PORT' => '49840'
    'REDIRECT_URL' => '/api/routes'
    'GATEWAY_INTERFACE' => 'CGI/1.1'
    'SERVER_PROTOCOL' => 'HTTP/1.1'
    'REQUEST_METHOD' => 'GET'
    'QUERY_STRING' => ''
    'REQUEST_URI' => '/api/routes'
    'SCRIPT_NAME' => '/index.php'
    'PHP_SELF' => '/index.php'
    'REQUEST_TIME_FLOAT' => 1767659485.4861
    'REQUEST_TIME' => 1767659485
]
2026-01-06 00:31:33 [::1][-][-][error][yii\web\HttpException:404] yii\base\InvalidRouteException: Unable to resolve the request "api/routes". in /home/pedro/facul/website-VeiGest/veigest/vendor/yiisoft/yii2/base/Module.php:564
Stack trace:
#0 /home/pedro/facul/website-VeiGest/veigest/vendor/yiisoft/yii2/web/Application.php(103): yii\base\Module->runAction()
#1 /home/pedro/facul/website-VeiGest/veigest/vendor/yiisoft/yii2/base/Application.php(387): yii\web\Application->handleRequest()
#2 /home/pedro/facul/website-VeiGest/veigest/backend/web/index.php(18): yii\base\Application->run()
#3 {main}

Next yii\web\NotFoundHttpException: Page not found. in /home/pedro/facul/website-VeiGest/veigest/vendor/yiisoft/yii2/web/Application.php:115
Stack trace:
#0 /home/pedro/facul/website-VeiGest/veigest/vendor/yiisoft/yii2/base/Application.php(387): yii\web\Application->handleRequest()
#1 /home/pedro/facul/website-VeiGest/veigest/backend/web/index.php(18): yii\base\Application->run()
#2 {main}
2026-01-06 00:31:33 [::1][-][-][info][application] $_GET = []

$_POST = []

$_FILES = []

$_COOKIE = []

$_SERVER = [
    'REDIRECT_STATUS' => '200'
    'HTTP_HOST' => 'localhost:8002'
    'HTTP_USER_AGENT' => 'curl/8.5.0'
    'HTTP_ACCEPT' => '*/*'
    'PATH' => '/usr/local/sbin:/usr/local/bin:/usr/sbin:/usr/bin:/snap/bin'
    'SERVER_SIGNATURE' => '<address>Apache/2.4.58 (Ubuntu) Server at localhost Port 8002</address>
'
    'SERVER_SOFTWARE' => 'Apache/2.4.58 (Ubuntu)'
    'SERVER_NAME' => 'localhost'
    'SERVER_ADDR' => '::1'
    'SERVER_PORT' => '8002'
    'REMOTE_ADDR' => '::1'
    'DOCUMENT_ROOT' => '/home/pedro/facul/website-VeiGest/veigest/backend/web'
    'REQUEST_SCHEME' => 'http'
    'CONTEXT_PREFIX' => ''
    'CONTEXT_DOCUMENT_ROOT' => '/home/pedro/facul/website-VeiGest/veigest/backend/web'
    'SERVER_ADMIN' => '[no address given]'
    'SCRIPT_FILENAME' => '/home/pedro/facul/website-VeiGest/veigest/backend/web/index.php'
    'REMOTE_PORT' => '52038'
    'REDIRECT_URL' => '/api/routes'
    'GATEWAY_INTERFACE' => 'CGI/1.1'
    'SERVER_PROTOCOL' => 'HTTP/1.1'
    'REQUEST_METHOD' => 'GET'
    'QUERY_STRING' => ''
    'REQUEST_URI' => '/api/routes'
    'SCRIPT_NAME' => '/index.php'
    'PHP_SELF' => '/index.php'
    'REQUEST_TIME_FLOAT' => 1767659493.8061
    'REQUEST_TIME' => 1767659493
]
2026-01-06 00:32:03 [::1][-][-][error][yii\web\HttpException:404] yii\base\InvalidRouteException: Unable to resolve the request "api/ticket". in /home/pedro/facul/website-VeiGest/veigest/vendor/yiisoft/yii2/base/Module.php:564
Stack trace:
#0 /home/pedro/facul/website-VeiGest/veigest/vendor/yiisoft/yii2/web/Application.php(103): yii\base\Module->runAction()
#1 /home/pedro/facul/website-VeiGest/veigest/vendor/yiisoft/yii2/base/Application.php(387): yii\web\Application->handleRequest()
#2 /home/pedro/facul/website-VeiGest/veigest/backend/web/index.php(18): yii\base\Application->run()
#3 {main}

Next yii\web\NotFoundHttpException: Page not found. in /home/pedro/facul/website-VeiGest/veigest/vendor/yiisoft/yii2/web/Application.php:115
Stack trace:
#0 /home/pedro/facul/website-VeiGest/veigest/vendor/yiisoft/yii2/base/Application.php(387): yii\web\Application->handleRequest()
#1 /home/pedro/facul/website-VeiGest/veigest/backend/web/index.php(18): yii\base\Application->run()
#2 {main}
2026-01-06 00:32:03 [::1][-][-][info][application] $_GET = []

$_POST = []

$_FILES = []

$_COOKIE = []

$_SERVER = [
    'REDIRECT_STATUS' => '200'
    'HTTP_HOST' => 'localhost:8002'
    'HTTP_USER_AGENT' => 'curl/8.5.0'
    'HTTP_ACCEPT' => '*/*'
    'PATH' => '/usr/local/sbin:/usr/local/bin:/usr/sbin:/usr/bin:/snap/bin'
    'SERVER_SIGNATURE' => '<address>Apache/2.4.58 (Ubuntu) Server at localhost Port 8002</address>
'
    'SERVER_SOFTWARE' => 'Apache/2.4.58 (Ubuntu)'
    'SERVER_NAME' => 'localhost'
    'SERVER_ADDR' => '::1'
    'SERVER_PORT' => '8002'
    'REMOTE_ADDR' => '::1'
    'DOCUMENT_ROOT' => '/home/pedro/facul/website-VeiGest/veigest/backend/web'
    'REQUEST_SCHEME' => 'http'
    'CONTEXT_PREFIX' => ''
    'CONTEXT_DOCUMENT_ROOT' => '/home/pedro/facul/website-VeiGest/veigest/backend/web'
    'SERVER_ADMIN' => '[no address given]'
    'SCRIPT_FILENAME' => '/home/pedro/facul/website-VeiGest/veigest/backend/web/index.php'
    'REMOTE_PORT' => '57674'
    'REDIRECT_URL' => '/api/ticket'
    'GATEWAY_INTERFACE' => 'CGI/1.1'
    'SERVER_PROTOCOL' => 'HTTP/1.1'
    'REQUEST_METHOD' => 'GET'
    'QUERY_STRING' => ''
    'REQUEST_URI' => '/api/ticket'
    'SCRIPT_NAME' => '/index.php'
    'PHP_SELF' => '/index.php'
    'REQUEST_TIME_FLOAT' => 1767659523.9311
    'REQUEST_TIME' => 1767659523
]
2026-01-06 00:32:45 [127.0.0.1][-][-][error][yii\web\HttpException:401] yii\web\UnauthorizedHttpException: Credenciais inválidas in /home/pedro/facul/website-VeiGest/veigest/backend/modules/api/controllers/AuthController.php:100
Stack trace:
#0 [internal function]: backend\modules\api\controllers\AuthController->actionLogin()
#1 /home/pedro/facul/website-VeiGest/veigest/vendor/yiisoft/yii2/base/InlineAction.php(60): call_user_func_array()
#2 /home/pedro/facul/website-VeiGest/veigest/vendor/yiisoft/yii2/base/Controller.php(184): yii\base\InlineAction->runWithParams()
#3 /home/pedro/facul/website-VeiGest/veigest/vendor/yiisoft/yii2/base/Module.php(555): yii\base\Controller->runAction()
#4 /home/pedro/facul/website-VeiGest/veigest/vendor/yiisoft/yii2/web/Application.php(103): yii\base\Module->runAction()
#5 /home/pedro/facul/website-VeiGest/veigest/vendor/yiisoft/yii2/base/Application.php(387): yii\web\Application->handleRequest()
#6 /home/pedro/facul/website-VeiGest/veigest/backend/web/index.php(18): yii\base\Application->run()
#7 {main}
2026-01-06 00:32:45 [127.0.0.1][-][-][info][application] $_GET = []

$_POST = []

$_FILES = []

$_COOKIE = []

$_SERVER = [
    'REDIRECT_STATUS' => '200'
    'HTTP_HOST' => 'localhost:8002'
    'HTTP_CONNECTION' => 'keep-alive'
    'CONTENT_TYPE' => 'application/json'
    'HTTP_ACCEPT' => 'application/json'
    'HTTP_ACCEPT_LANGUAGE' => '*'
    'HTTP_SEC_FETCH_MODE' => 'cors'
    'HTTP_USER_AGENT' => 'node'
    'HTTP_ACCEPT_ENCODING' => 'gzip, deflate'
    'CONTENT_LENGTH' => '45'
    'PATH' => '/usr/local/sbin:/usr/local/bin:/usr/sbin:/usr/bin:/snap/bin'
    'SERVER_SIGNATURE' => '<address>Apache/2.4.58 (Ubuntu) Server at localhost Port 8002</address>
'
    'SERVER_SOFTWARE' => 'Apache/2.4.58 (Ubuntu)'
    'SERVER_NAME' => 'localhost'
    'SERVER_ADDR' => '127.0.0.1'
    'SERVER_PORT' => '8002'
    'REMOTE_ADDR' => '127.0.0.1'
    'DOCUMENT_ROOT' => '/home/pedro/facul/website-VeiGest/veigest/backend/web'
    'REQUEST_SCHEME' => 'http'
    'CONTEXT_PREFIX' => ''
    'CONTEXT_DOCUMENT_ROOT' => '/home/pedro/facul/website-VeiGest/veigest/backend/web'
    'SERVER_ADMIN' => '[no address given]'
    'SCRIPT_FILENAME' => '/home/pedro/facul/website-VeiGest/veigest/backend/web/index.php'
    'REMOTE_PORT' => '35006'
    'REDIRECT_URL' => '/api/auth/login'
    'GATEWAY_INTERFACE' => 'CGI/1.1'
    'SERVER_PROTOCOL' => 'HTTP/1.1'
    'REQUEST_METHOD' => 'POST'
    'QUERY_STRING' => ''
    'REQUEST_URI' => '/api/auth/login'
    'SCRIPT_NAME' => '/index.php'
    'PHP_SELF' => '/index.php'
    'REQUEST_TIME_FLOAT' => 1767659565.1632
    'REQUEST_TIME' => 1767659565
]
2026-01-06 00:32:45 [127.0.0.1][-][-][error][yii\web\HttpException:401] yii\web\UnauthorizedHttpException: Your request was made with invalid credentials. in /home/pedro/facul/website-VeiGest/veigest/vendor/yiisoft/yii2/filters/auth/AuthMethod.php:93
Stack trace:
#0 /home/pedro/facul/website-VeiGest/veigest/vendor/yiisoft/yii2/filters/auth/AuthMethod.php(76): yii\filters\auth\AuthMethod->handleFailure()
#1 /home/pedro/facul/website-VeiGest/veigest/vendor/yiisoft/yii2/base/ActionFilter.php(77): yii\filters\auth\AuthMethod->beforeAction()
#2 [internal function]: yii\base\ActionFilter->beforeFilter()
#3 /home/pedro/facul/website-VeiGest/veigest/vendor/yiisoft/yii2/base/Component.php(648): call_user_func()
#4 /home/pedro/facul/website-VeiGest/veigest/vendor/yiisoft/yii2/base/Controller.php(303): yii\base\Component->trigger()
#5 /home/pedro/facul/website-VeiGest/veigest/vendor/yiisoft/yii2/web/Controller.php(318): yii\base\Controller->beforeAction()
#6 /home/pedro/facul/website-VeiGest/veigest/vendor/yiisoft/yii2/base/Controller.php(182): yii\web\Controller->beforeAction()
#7 /home/pedro/facul/website-VeiGest/veigest/vendor/yiisoft/yii2/base/Module.php(555): yii\base\Controller->runAction()
#8 /home/pedro/facul/website-VeiGest/veigest/vendor/yiisoft/yii2/web/Application.php(103): yii\base\Module->runAction()
#9 /home/pedro/facul/website-VeiGest/veigest/vendor/yiisoft/yii2/base/Application.php(387): yii\web\Application->handleRequest()
#10 /home/pedro/facul/website-VeiGest/veigest/backend/web/index.php(18): yii\base\Application->run()
#11 {main}
2026-01-06 00:32:45 [127.0.0.1][-][-][info][application] $_GET = [
    'id' => '1'
]

$_POST = []

$_FILES = []

$_COOKIE = []

$_SERVER = [
    'REDIRECT_STATUS' => '200'
    'HTTP_HOST' => 'localhost:8002'
    'HTTP_CONNECTION' => 'keep-alive'
    'CONTENT_TYPE' => 'application/json'
    'HTTP_ACCEPT' => 'application/json'
    'HTTP_ACCEPT_LANGUAGE' => '*'
    'HTTP_SEC_FETCH_MODE' => 'cors'
    'HTTP_USER_AGENT' => 'node'
    'HTTP_ACCEPT_ENCODING' => 'gzip, deflate'
    'PATH' => '/usr/local/sbin:/usr/local/bin:/usr/sbin:/usr/bin:/snap/bin'
    'SERVER_SIGNATURE' => '<address>Apache/2.4.58 (Ubuntu) Server at localhost Port 8002</address>
'
    'SERVER_SOFTWARE' => 'Apache/2.4.58 (Ubuntu)'
    'SERVER_NAME' => 'localhost'
    'SERVER_ADDR' => '127.0.0.1'
    'SERVER_PORT' => '8002'
    'REMOTE_ADDR' => '127.0.0.1'
    'DOCUMENT_ROOT' => '/home/pedro/facul/website-VeiGest/veigest/backend/web'
    'REQUEST_SCHEME' => 'http'
    'CONTEXT_PREFIX' => ''
    'CONTEXT_DOCUMENT_ROOT' => '/home/pedro/facul/website-VeiGest/veigest/backend/web'
    'SERVER_ADMIN' => '[no address given]'
    'SCRIPT_FILENAME' => '/home/pedro/facul/website-VeiGest/veigest/backend/web/index.php'
    'REMOTE_PORT' => '35006'
    'REDIRECT_URL' => '/api/company/1'
    'GATEWAY_INTERFACE' => 'CGI/1.1'
    'SERVER_PROTOCOL' => 'HTTP/1.1'
    'REQUEST_METHOD' => 'GET'
    'QUERY_STRING' => ''
    'REQUEST_URI' => '/api/company/1'
    'SCRIPT_NAME' => '/index.php'
    'PHP_SELF' => '/index.php'
    'REQUEST_TIME_FLOAT' => 1767659565.6829
    'REQUEST_TIME' => 1767659565
]
2026-01-06 00:32:46 [127.0.0.1][-][-][error][yii\web\HttpException:404] yii\base\InvalidRouteException: Unable to resolve the request "api/vehicles". in /home/pedro/facul/website-VeiGest/veigest/vendor/yiisoft/yii2/base/Module.php:564
Stack trace:
#0 /home/pedro/facul/website-VeiGest/veigest/vendor/yiisoft/yii2/web/Application.php(103): yii\base\Module->runAction()
#1 /home/pedro/facul/website-VeiGest/veigest/vendor/yiisoft/yii2/base/Application.php(387): yii\web\Application->handleRequest()
#2 /home/pedro/facul/website-VeiGest/veigest/backend/web/index.php(18): yii\base\Application->run()
#3 {main}

Next yii\web\NotFoundHttpException: Page not found. in /home/pedro/facul/website-VeiGest/veigest/vendor/yiisoft/yii2/web/Application.php:115
Stack trace:
#0 /home/pedro/facul/website-VeiGest/veigest/vendor/yiisoft/yii2/base/Application.php(387): yii\web\Application->handleRequest()
#1 /home/pedro/facul/website-VeiGest/veigest/backend/web/index.php(18): yii\base\Application->run()
#2 {main}
2026-01-06 00:32:46 [127.0.0.1][-][-][info][application] $_GET = []

$_POST = []

$_FILES = []

$_COOKIE = []

$_SERVER = [
    'REDIRECT_STATUS' => '200'
    'HTTP_HOST' => 'localhost:8002'
    'HTTP_CONNECTION' => 'keep-alive'
    'CONTENT_TYPE' => 'application/json'
    'HTTP_ACCEPT' => 'application/json'
    'HTTP_ACCEPT_LANGUAGE' => '*'
    'HTTP_SEC_FETCH_MODE' => 'cors'
    'HTTP_USER_AGENT' => 'node'
    'HTTP_ACCEPT_ENCODING' => 'gzip, deflate'
    'PATH' => '/usr/local/sbin:/usr/local/bin:/usr/sbin:/usr/bin:/snap/bin'
    'SERVER_SIGNATURE' => '<address>Apache/2.4.58 (Ubuntu) Server at localhost Port 8002</address>
'
    'SERVER_SOFTWARE' => 'Apache/2.4.58 (Ubuntu)'
    'SERVER_NAME' => 'localhost'
    'SERVER_ADDR' => '127.0.0.1'
    'SERVER_PORT' => '8002'
    'REMOTE_ADDR' => '127.0.0.1'
    'DOCUMENT_ROOT' => '/home/pedro/facul/website-VeiGest/veigest/backend/web'
    'REQUEST_SCHEME' => 'http'
    'CONTEXT_PREFIX' => ''
    'CONTEXT_DOCUMENT_ROOT' => '/home/pedro/facul/website-VeiGest/veigest/backend/web'
    'SERVER_ADMIN' => '[no address given]'
    'SCRIPT_FILENAME' => '/home/pedro/facul/website-VeiGest/veigest/backend/web/index.php'
    'REMOTE_PORT' => '35006'
    'REDIRECT_URL' => '/api/vehicles'
    'GATEWAY_INTERFACE' => 'CGI/1.1'
    'SERVER_PROTOCOL' => 'HTTP/1.1'
    'REQUEST_METHOD' => 'GET'
    'QUERY_STRING' => ''
    'REQUEST_URI' => '/api/vehicles'
    'SCRIPT_NAME' => '/index.php'
    'PHP_SELF' => '/index.php'
    'REQUEST_TIME_FLOAT' => 1767659566.2028
    'REQUEST_TIME' => 1767659566
]
2026-01-06 00:32:46 [127.0.0.1][-][-][error][yii\web\HttpException:404] yii\base\InvalidRouteException: Unable to resolve the request "api/users". in /home/pedro/facul/website-VeiGest/veigest/vendor/yiisoft/yii2/base/Module.php:564
Stack trace:
#0 /home/pedro/facul/website-VeiGest/veigest/vendor/yiisoft/yii2/web/Application.php(103): yii\base\Module->runAction()
#1 /home/pedro/facul/website-VeiGest/veigest/vendor/yiisoft/yii2/base/Application.php(387): yii\web\Application->handleRequest()
#2 /home/pedro/facul/website-VeiGest/veigest/backend/web/index.php(18): yii\base\Application->run()
#3 {main}

Next yii\web\NotFoundHttpException: Page not found. in /home/pedro/facul/website-VeiGest/veigest/vendor/yiisoft/yii2/web/Application.php:115
Stack trace:
#0 /home/pedro/facul/website-VeiGest/veigest/vendor/yiisoft/yii2/base/Application.php(387): yii\web\Application->handleRequest()
#1 /home/pedro/facul/website-VeiGest/veigest/backend/web/index.php(18): yii\base\Application->run()
#2 {main}
2026-01-06 00:32:46 [127.0.0.1][-][-][info][application] $_GET = []

$_POST = []

$_FILES = []

$_COOKIE = []

$_SERVER = [
    'REDIRECT_STATUS' => '200'
    'HTTP_HOST' => 'localhost:8002'
    'HTTP_CONNECTION' => 'keep-alive'
    'CONTENT_TYPE' => 'application/json'
    'HTTP_ACCEPT' => 'application/json'
    'HTTP_ACCEPT_LANGUAGE' => '*'
    'HTTP_SEC_FETCH_MODE' => 'cors'
    'HTTP_USER_AGENT' => 'node'
    'HTTP_ACCEPT_ENCODING' => 'gzip, deflate'
    'PATH' => '/usr/local/sbin:/usr/local/bin:/usr/sbin:/usr/bin:/snap/bin'
    'SERVER_SIGNATURE' => '<address>Apache/2.4.58 (Ubuntu) Server at localhost Port 8002</address>
'
    'SERVER_SOFTWARE' => 'Apache/2.4.58 (Ubuntu)'
    'SERVER_NAME' => 'localhost'
    'SERVER_ADDR' => '127.0.0.1'
    'SERVER_PORT' => '8002'
    'REMOTE_ADDR' => '127.0.0.1'
    'DOCUMENT_ROOT' => '/home/pedro/facul/website-VeiGest/veigest/backend/web'
    'REQUEST_SCHEME' => 'http'
    'CONTEXT_PREFIX' => ''
    'CONTEXT_DOCUMENT_ROOT' => '/home/pedro/facul/website-VeiGest/veigest/backend/web'
    'SERVER_ADMIN' => '[no address given]'
    'SCRIPT_FILENAME' => '/home/pedro/facul/website-VeiGest/veigest/backend/web/index.php'
    'REMOTE_PORT' => '35006'
    'REDIRECT_URL' => '/api/users'
    'GATEWAY_INTERFACE' => 'CGI/1.1'
    'SERVER_PROTOCOL' => 'HTTP/1.1'
    'REQUEST_METHOD' => 'GET'
    'QUERY_STRING' => ''
    'REQUEST_URI' => '/api/users'
    'SCRIPT_NAME' => '/index.php'
    'PHP_SELF' => '/index.php'
    'REQUEST_TIME_FLOAT' => 1767659566.7104
    'REQUEST_TIME' => 1767659566
]
2026-01-06 00:32:47 [127.0.0.1][-][-][error][yii\web\HttpException:401] yii\web\UnauthorizedHttpException: Your request was made with invalid credentials. in /home/pedro/facul/website-VeiGest/veigest/vendor/yiisoft/yii2/filters/auth/AuthMethod.php:93
Stack trace:
#0 /home/pedro/facul/website-VeiGest/veigest/vendor/yiisoft/yii2/filters/auth/AuthMethod.php(76): yii\filters\auth\AuthMethod->handleFailure()
#1 /home/pedro/facul/website-VeiGest/veigest/vendor/yiisoft/yii2/base/ActionFilter.php(77): yii\filters\auth\AuthMethod->beforeAction()
#2 [internal function]: yii\base\ActionFilter->beforeFilter()
#3 /home/pedro/facul/website-VeiGest/veigest/vendor/yiisoft/yii2/base/Component.php(648): call_user_func()
#4 /home/pedro/facul/website-VeiGest/veigest/vendor/yiisoft/yii2/base/Controller.php(303): yii\base\Component->trigger()
#5 /home/pedro/facul/website-VeiGest/veigest/vendor/yiisoft/yii2/web/Controller.php(318): yii\base\Controller->beforeAction()
#6 /home/pedro/facul/website-VeiGest/veigest/vendor/yiisoft/yii2/base/Controller.php(182): yii\web\Controller->beforeAction()
#7 /home/pedro/facul/website-VeiGest/veigest/vendor/yiisoft/yii2/base/Module.php(555): yii\base\Controller->runAction()
#8 /home/pedro/facul/website-VeiGest/veigest/vendor/yiisoft/yii2/web/Application.php(103): yii\base\Module->runAction()
#9 /home/pedro/facul/website-VeiGest/veigest/vendor/yiisoft/yii2/base/Application.php(387): yii\web\Application->handleRequest()
#10 /home/pedro/facul/website-VeiGest/veigest/backend/web/index.php(18): yii\base\Application->run()
#11 {main}
2026-01-06 00:32:47 [127.0.0.1][-][-][info][application] $_GET = []

$_POST = []

$_FILES = []

$_COOKIE = []

$_SERVER = [
    'REDIRECT_STATUS' => '200'
    'HTTP_HOST' => 'localhost:8002'
    'HTTP_CONNECTION' => 'keep-alive'
    'CONTENT_TYPE' => 'application/json'
    'HTTP_ACCEPT' => 'application/json'
    'HTTP_ACCEPT_LANGUAGE' => '*'
    'HTTP_SEC_FETCH_MODE' => 'cors'
    'HTTP_USER_AGENT' => 'node'
    'HTTP_ACCEPT_ENCODING' => 'gzip, deflate'
    'PATH' => '/usr/local/sbin:/usr/local/bin:/usr/sbin:/usr/bin:/snap/bin'
    'SERVER_SIGNATURE' => '<address>Apache/2.4.58 (Ubuntu) Server at localhost Port 8002</address>
'
    'SERVER_SOFTWARE' => 'Apache/2.4.58 (Ubuntu)'
    'SERVER_NAME' => 'localhost'
    'SERVER_ADDR' => '127.0.0.1'
    'SERVER_PORT' => '8002'
    'REMOTE_ADDR' => '127.0.0.1'
    'DOCUMENT_ROOT' => '/home/pedro/facul/website-VeiGest/veigest/backend/web'
    'REQUEST_SCHEME' => 'http'
    'CONTEXT_PREFIX' => ''
    'CONTEXT_DOCUMENT_ROOT' => '/home/pedro/facul/website-VeiGest/veigest/backend/web'
    'SERVER_ADMIN' => '[no address given]'
    'SCRIPT_FILENAME' => '/home/pedro/facul/website-VeiGest/veigest/backend/web/index.php'
    'REMOTE_PORT' => '35006'
    'REDIRECT_URL' => '/api/maintenance'
    'GATEWAY_INTERFACE' => 'CGI/1.1'
    'SERVER_PROTOCOL' => 'HTTP/1.1'
    'REQUEST_METHOD' => 'GET'
    'QUERY_STRING' => ''
    'REQUEST_URI' => '/api/maintenance'
    'SCRIPT_NAME' => '/index.php'
    'PHP_SELF' => '/index.php'
    'REQUEST_TIME_FLOAT' => 1767659567.2255
    'REQUEST_TIME' => 1767659567
]
2026-01-06 00:32:47 [127.0.0.1][-][-][error][yii\web\HttpException:404] yii\base\InvalidRouteException: Unable to resolve the request "api/fuel-logs". in /home/pedro/facul/website-VeiGest/veigest/vendor/yiisoft/yii2/base/Module.php:564
Stack trace:
#0 /home/pedro/facul/website-VeiGest/veigest/vendor/yiisoft/yii2/web/Application.php(103): yii\base\Module->runAction()
#1 /home/pedro/facul/website-VeiGest/veigest/vendor/yiisoft/yii2/base/Application.php(387): yii\web\Application->handleRequest()
#2 /home/pedro/facul/website-VeiGest/veigest/backend/web/index.php(18): yii\base\Application->run()
#3 {main}

Next yii\web\NotFoundHttpException: Page not found. in /home/pedro/facul/website-VeiGest/veigest/vendor/yiisoft/yii2/web/Application.php:115
Stack trace:
#0 /home/pedro/facul/website-VeiGest/veigest/vendor/yiisoft/yii2/base/Application.php(387): yii\web\Application->handleRequest()
#1 /home/pedro/facul/website-VeiGest/veigest/backend/web/index.php(18): yii\base\Application->run()
#2 {main}
2026-01-06 00:32:47 [127.0.0.1][-][-][info][application] $_GET = []

$_POST = []

$_FILES = []

$_COOKIE = []

$_SERVER = [
    'REDIRECT_STATUS' => '200'
    'HTTP_HOST' => 'localhost:8002'
    'HTTP_CONNECTION' => 'keep-alive'
    'CONTENT_TYPE' => 'application/json'
    'HTTP_ACCEPT' => 'application/json'
    'HTTP_ACCEPT_LANGUAGE' => '*'
    'HTTP_SEC_FETCH_MODE' => 'cors'
    'HTTP_USER_AGENT' => 'node'
    'HTTP_ACCEPT_ENCODING' => 'gzip, deflate'
    'PATH' => '/usr/local/sbin:/usr/local/bin:/usr/sbin:/usr/bin:/snap/bin'
    'SERVER_SIGNATURE' => '<address>Apache/2.4.58 (Ubuntu) Server at localhost Port 8002</address>
'
    'SERVER_SOFTWARE' => 'Apache/2.4.58 (Ubuntu)'
    'SERVER_NAME' => 'localhost'
    'SERVER_ADDR' => '127.0.0.1'
    'SERVER_PORT' => '8002'
    'REMOTE_ADDR' => '127.0.0.1'
    'DOCUMENT_ROOT' => '/home/pedro/facul/website-VeiGest/veigest/backend/web'
    'REQUEST_SCHEME' => 'http'
    'CONTEXT_PREFIX' => ''
    'CONTEXT_DOCUMENT_ROOT' => '/home/pedro/facul/website-VeiGest/veigest/backend/web'
    'SERVER_ADMIN' => '[no address given]'
    'SCRIPT_FILENAME' => '/home/pedro/facul/website-VeiGest/veigest/backend/web/index.php'
    'REMOTE_PORT' => '35006'
    'REDIRECT_URL' => '/api/fuel-logs'
    'GATEWAY_INTERFACE' => 'CGI/1.1'
    'SERVER_PROTOCOL' => 'HTTP/1.1'
    'REQUEST_METHOD' => 'GET'
    'QUERY_STRING' => ''
    'REQUEST_URI' => '/api/fuel-logs'
    'SCRIPT_NAME' => '/index.php'
    'PHP_SELF' => '/index.php'
    'REQUEST_TIME_FLOAT' => 1767659567.7394
    'REQUEST_TIME' => 1767659567
]
2026-01-06 00:33:44 [127.0.0.1][-][-][error][yii\web\HttpException:401] yii\web\UnauthorizedHttpException: Your request was made with invalid credentials. in /home/pedro/facul/website-VeiGest/veigest/vendor/yiisoft/yii2/filters/auth/AuthMethod.php:93
Stack trace:
#0 /home/pedro/facul/website-VeiGest/veigest/vendor/yiisoft/yii2/filters/auth/AuthMethod.php(76): yii\filters\auth\AuthMethod->handleFailure()
#1 /home/pedro/facul/website-VeiGest/veigest/vendor/yiisoft/yii2/base/ActionFilter.php(77): yii\filters\auth\AuthMethod->beforeAction()
#2 [internal function]: yii\base\ActionFilter->beforeFilter()
#3 /home/pedro/facul/website-VeiGest/veigest/vendor/yiisoft/yii2/base/Component.php(648): call_user_func()
#4 /home/pedro/facul/website-VeiGest/veigest/vendor/yiisoft/yii2/base/Controller.php(303): yii\base\Component->trigger()
#5 /home/pedro/facul/website-VeiGest/veigest/vendor/yiisoft/yii2/web/Controller.php(318): yii\base\Controller->beforeAction()
#6 /home/pedro/facul/website-VeiGest/veigest/vendor/yiisoft/yii2/base/Controller.php(182): yii\web\Controller->beforeAction()
#7 /home/pedro/facul/website-VeiGest/veigest/vendor/yiisoft/yii2/base/Module.php(555): yii\base\Controller->runAction()
#8 /home/pedro/facul/website-VeiGest/veigest/vendor/yiisoft/yii2/web/Application.php(103): yii\base\Module->runAction()
#9 /home/pedro/facul/website-VeiGest/veigest/vendor/yiisoft/yii2/base/Application.php(387): yii\web\Application->handleRequest()
#10 /home/pedro/facul/website-VeiGest/veigest/backend/web/index.php(18): yii\base\Application->run()
#11 {main}
2026-01-06 00:33:44 [127.0.0.1][-][-][info][application] $_GET = [
    'id' => '1'
]

$_POST = []

$_FILES = []

$_COOKIE = []

$_SERVER = [
    'REDIRECT_STATUS' => '200'
    'HTTP_HOST' => 'localhost:8002'
    'HTTP_CONNECTION' => 'keep-alive'
    'CONTENT_TYPE' => 'application/json'
    'HTTP_ACCEPT' => 'application/json'
    'HTTP_ACCEPT_LANGUAGE' => '*'
    'HTTP_SEC_FETCH_MODE' => 'cors'
    'HTTP_USER_AGENT' => 'node'
    'HTTP_ACCEPT_ENCODING' => 'gzip, deflate'
    'PATH' => '/usr/local/sbin:/usr/local/bin:/usr/sbin:/usr/bin:/snap/bin'
    'SERVER_SIGNATURE' => '<address>Apache/2.4.58 (Ubuntu) Server at localhost Port 8002</address>
'
    'SERVER_SOFTWARE' => 'Apache/2.4.58 (Ubuntu)'
    'SERVER_NAME' => 'localhost'
    'SERVER_ADDR' => '127.0.0.1'
    'SERVER_PORT' => '8002'
    'REMOTE_ADDR' => '127.0.0.1'
    'DOCUMENT_ROOT' => '/home/pedro/facul/website-VeiGest/veigest/backend/web'
    'REQUEST_SCHEME' => 'http'
    'CONTEXT_PREFIX' => ''
    'CONTEXT_DOCUMENT_ROOT' => '/home/pedro/facul/website-VeiGest/veigest/backend/web'
    'SERVER_ADMIN' => '[no address given]'
    'SCRIPT_FILENAME' => '/home/pedro/facul/website-VeiGest/veigest/backend/web/index.php'
    'REMOTE_PORT' => '45736'
    'REDIRECT_URL' => '/api/company/1'
    'GATEWAY_INTERFACE' => 'CGI/1.1'
    'SERVER_PROTOCOL' => 'HTTP/1.1'
    'REQUEST_METHOD' => 'GET'
    'QUERY_STRING' => ''
    'REQUEST_URI' => '/api/company/1'
    'SCRIPT_NAME' => '/index.php'
    'PHP_SELF' => '/index.php'
    'REQUEST_TIME_FLOAT' => 1767659624.5432
    'REQUEST_TIME' => 1767659624
]
2026-01-06 00:33:45 [127.0.0.1][-][-][error][yii\web\HttpException:401] yii\web\UnauthorizedHttpException: Your request was made with invalid credentials. in /home/pedro/facul/website-VeiGest/veigest/vendor/yiisoft/yii2/filters/auth/AuthMethod.php:93
Stack trace:
#0 /home/pedro/facul/website-VeiGest/veigest/vendor/yiisoft/yii2/filters/auth/AuthMethod.php(76): yii\filters\auth\AuthMethod->handleFailure()
#1 /home/pedro/facul/website-VeiGest/veigest/vendor/yiisoft/yii2/base/ActionFilter.php(77): yii\filters\auth\AuthMethod->beforeAction()
#2 [internal function]: yii\base\ActionFilter->beforeFilter()
#3 /home/pedro/facul/website-VeiGest/veigest/vendor/yiisoft/yii2/base/Component.php(648): call_user_func()
#4 /home/pedro/facul/website-VeiGest/veigest/vendor/yiisoft/yii2/base/Controller.php(303): yii\base\Component->trigger()
#5 /home/pedro/facul/website-VeiGest/veigest/vendor/yiisoft/yii2/web/Controller.php(318): yii\base\Controller->beforeAction()
#6 /home/pedro/facul/website-VeiGest/veigest/vendor/yiisoft/yii2/base/Controller.php(182): yii\web\Controller->beforeAction()
#7 /home/pedro/facul/website-VeiGest/veigest/vendor/yiisoft/yii2/base/Module.php(555): yii\base\Controller->runAction()
#8 /home/pedro/facul/website-VeiGest/veigest/vendor/yiisoft/yii2/web/Application.php(103): yii\base\Module->runAction()
#9 /home/pedro/facul/website-VeiGest/veigest/vendor/yiisoft/yii2/base/Application.php(387): yii\web\Application->handleRequest()
#10 /home/pedro/facul/website-VeiGest/veigest/backend/web/index.php(18): yii\base\Application->run()
#11 {main}
2026-01-06 00:33:45 [127.0.0.1][-][-][info][application] $_GET = []

$_POST = []

$_FILES = []

$_COOKIE = []

$_SERVER = [
    'REDIRECT_STATUS' => '200'
    'HTTP_HOST' => 'localhost:8002'
    'HTTP_CONNECTION' => 'keep-alive'
    'CONTENT_TYPE' => 'application/json'
    'HTTP_ACCEPT' => 'application/json'
    'HTTP_ACCEPT_LANGUAGE' => '*'
    'HTTP_SEC_FETCH_MODE' => 'cors'
    'HTTP_USER_AGENT' => 'node'
    'HTTP_ACCEPT_ENCODING' => 'gzip, deflate'
    'PATH' => '/usr/local/sbin:/usr/local/bin:/usr/sbin:/usr/bin:/snap/bin'
    'SERVER_SIGNATURE' => '<address>Apache/2.4.58 (Ubuntu) Server at localhost Port 8002</address>
'
    'SERVER_SOFTWARE' => 'Apache/2.4.58 (Ubuntu)'
    'SERVER_NAME' => 'localhost'
    'SERVER_ADDR' => '127.0.0.1'
    'SERVER_PORT' => '8002'
    'REMOTE_ADDR' => '127.0.0.1'
    'DOCUMENT_ROOT' => '/home/pedro/facul/website-VeiGest/veigest/backend/web'
    'REQUEST_SCHEME' => 'http'
    'CONTEXT_PREFIX' => ''
    'CONTEXT_DOCUMENT_ROOT' => '/home/pedro/facul/website-VeiGest/veigest/backend/web'
    'SERVER_ADMIN' => '[no address given]'
    'SCRIPT_FILENAME' => '/home/pedro/facul/website-VeiGest/veigest/backend/web/index.php'
    'REMOTE_PORT' => '45736'
    'REDIRECT_URL' => '/api/vehicle'
    'GATEWAY_INTERFACE' => 'CGI/1.1'
    'SERVER_PROTOCOL' => 'HTTP/1.1'
    'REQUEST_METHOD' => 'GET'
    'QUERY_STRING' => ''
    'REQUEST_URI' => '/api/vehicle'
    'SCRIPT_NAME' => '/index.php'
    'PHP_SELF' => '/index.php'
    'REQUEST_TIME_FLOAT' => 1767659625.0565
    'REQUEST_TIME' => 1767659625
]
2026-01-06 00:33:45 [127.0.0.1][-][-][error][yii\web\HttpException:401] yii\web\UnauthorizedHttpException: Your request was made with invalid credentials. in /home/pedro/facul/website-VeiGest/veigest/vendor/yiisoft/yii2/filters/auth/AuthMethod.php:93
Stack trace:
#0 /home/pedro/facul/website-VeiGest/veigest/vendor/yiisoft/yii2/filters/auth/AuthMethod.php(76): yii\filters\auth\AuthMethod->handleFailure()
#1 /home/pedro/facul/website-VeiGest/veigest/vendor/yiisoft/yii2/base/ActionFilter.php(77): yii\filters\auth\AuthMethod->beforeAction()
#2 [internal function]: yii\base\ActionFilter->beforeFilter()
#3 /home/pedro/facul/website-VeiGest/veigest/vendor/yiisoft/yii2/base/Component.php(648): call_user_func()
#4 /home/pedro/facul/website-VeiGest/veigest/vendor/yiisoft/yii2/base/Controller.php(303): yii\base\Component->trigger()
#5 /home/pedro/facul/website-VeiGest/veigest/vendor/yiisoft/yii2/web/Controller.php(318): yii\base\Controller->beforeAction()
#6 /home/pedro/facul/website-VeiGest/veigest/vendor/yiisoft/yii2/base/Controller.php(182): yii\web\Controller->beforeAction()
#7 /home/pedro/facul/website-VeiGest/veigest/vendor/yiisoft/yii2/base/Module.php(555): yii\base\Controller->runAction()
#8 /home/pedro/facul/website-VeiGest/veigest/vendor/yiisoft/yii2/web/Application.php(103): yii\base\Module->runAction()
#9 /home/pedro/facul/website-VeiGest/veigest/vendor/yiisoft/yii2/base/Application.php(387): yii\web\Application->handleRequest()
#10 /home/pedro/facul/website-VeiGest/veigest/backend/web/index.php(18): yii\base\Application->run()
#11 {main}
2026-01-06 00:33:45 [127.0.0.1][-][-][info][application] $_GET = []

$_POST = []

$_FILES = []

$_COOKIE = []

$_SERVER = [
    'REDIRECT_STATUS' => '200'
    'HTTP_HOST' => 'localhost:8002'
    'HTTP_CONNECTION' => 'keep-alive'
    'CONTENT_TYPE' => 'application/json'
    'HTTP_ACCEPT' => 'application/json'
    'HTTP_ACCEPT_LANGUAGE' => '*'
    'HTTP_SEC_FETCH_MODE' => 'cors'
    'HTTP_USER_AGENT' => 'node'
    'HTTP_ACCEPT_ENCODING' => 'gzip, deflate'
    'PATH' => '/usr/local/sbin:/usr/local/bin:/usr/sbin:/usr/bin:/snap/bin'
    'SERVER_SIGNATURE' => '<address>Apache/2.4.58 (Ubuntu) Server at localhost Port 8002</address>
'
    'SERVER_SOFTWARE' => 'Apache/2.4.58 (Ubuntu)'
    'SERVER_NAME' => 'localhost'
    'SERVER_ADDR' => '127.0.0.1'
    'SERVER_PORT' => '8002'
    'REMOTE_ADDR' => '127.0.0.1'
    'DOCUMENT_ROOT' => '/home/pedro/facul/website-VeiGest/veigest/backend/web'
    'REQUEST_SCHEME' => 'http'
    'CONTEXT_PREFIX' => ''
    'CONTEXT_DOCUMENT_ROOT' => '/home/pedro/facul/website-VeiGest/veigest/backend/web'
    'SERVER_ADMIN' => '[no address given]'
    'SCRIPT_FILENAME' => '/home/pedro/facul/website-VeiGest/veigest/backend/web/index.php'
    'REMOTE_PORT' => '45736'
    'REDIRECT_URL' => '/api/user'
    'GATEWAY_INTERFACE' => 'CGI/1.1'
    'SERVER_PROTOCOL' => 'HTTP/1.1'
    'REQUEST_METHOD' => 'GET'
    'QUERY_STRING' => ''
    'REQUEST_URI' => '/api/user'
    'SCRIPT_NAME' => '/index.php'
    'PHP_SELF' => '/index.php'
    'REQUEST_TIME_FLOAT' => 1767659625.5778
    'REQUEST_TIME' => 1767659625
]
2026-01-06 00:33:46 [127.0.0.1][-][-][error][yii\web\HttpException:401] yii\web\UnauthorizedHttpException: Your request was made with invalid credentials. in /home/pedro/facul/website-VeiGest/veigest/vendor/yiisoft/yii2/filters/auth/AuthMethod.php:93
Stack trace:
#0 /home/pedro/facul/website-VeiGest/veigest/vendor/yiisoft/yii2/filters/auth/AuthMethod.php(76): yii\filters\auth\AuthMethod->handleFailure()
#1 /home/pedro/facul/website-VeiGest/veigest/vendor/yiisoft/yii2/base/ActionFilter.php(77): yii\filters\auth\AuthMethod->beforeAction()
#2 [internal function]: yii\base\ActionFilter->beforeFilter()
#3 /home/pedro/facul/website-VeiGest/veigest/vendor/yiisoft/yii2/base/Component.php(648): call_user_func()
#4 /home/pedro/facul/website-VeiGest/veigest/vendor/yiisoft/yii2/base/Controller.php(303): yii\base\Component->trigger()
#5 /home/pedro/facul/website-VeiGest/veigest/vendor/yiisoft/yii2/web/Controller.php(318): yii\base\Controller->beforeAction()
#6 /home/pedro/facul/website-VeiGest/veigest/vendor/yiisoft/yii2/base/Controller.php(182): yii\web\Controller->beforeAction()
#7 /home/pedro/facul/website-VeiGest/veigest/vendor/yiisoft/yii2/base/Module.php(555): yii\base\Controller->runAction()
#8 /home/pedro/facul/website-VeiGest/veigest/vendor/yiisoft/yii2/web/Application.php(103): yii\base\Module->runAction()
#9 /home/pedro/facul/website-VeiGest/veigest/vendor/yiisoft/yii2/base/Application.php(387): yii\web\Application->handleRequest()
#10 /home/pedro/facul/website-VeiGest/veigest/backend/web/index.php(18): yii\base\Application->run()
#11 {main}
2026-01-06 00:33:46 [127.0.0.1][-][-][info][application] $_GET = []

$_POST = []

$_FILES = []

$_COOKIE = []

$_SERVER = [
    'REDIRECT_STATUS' => '200'
    'HTTP_HOST' => 'localhost:8002'
    'HTTP_CONNECTION' => 'keep-alive'
    'CONTENT_TYPE' => 'application/json'
    'HTTP_ACCEPT' => 'application/json'
    'HTTP_ACCEPT_LANGUAGE' => '*'
    'HTTP_SEC_FETCH_MODE' => 'cors'
    'HTTP_USER_AGENT' => 'node'
    'HTTP_ACCEPT_ENCODING' => 'gzip, deflate'
    'PATH' => '/usr/local/sbin:/usr/local/bin:/usr/sbin:/usr/bin:/snap/bin'
    'SERVER_SIGNATURE' => '<address>Apache/2.4.58 (Ubuntu) Server at localhost Port 8002</address>
'
    'SERVER_SOFTWARE' => 'Apache/2.4.58 (Ubuntu)'
    'SERVER_NAME' => 'localhost'
    'SERVER_ADDR' => '127.0.0.1'
    'SERVER_PORT' => '8002'
    'REMOTE_ADDR' => '127.0.0.1'
    'DOCUMENT_ROOT' => '/home/pedro/facul/website-VeiGest/veigest/backend/web'
    'REQUEST_SCHEME' => 'http'
    'CONTEXT_PREFIX' => ''
    'CONTEXT_DOCUMENT_ROOT' => '/home/pedro/facul/website-VeiGest/veigest/backend/web'
    'SERVER_ADMIN' => '[no address given]'
    'SCRIPT_FILENAME' => '/home/pedro/facul/website-VeiGest/veigest/backend/web/index.php'
    'REMOTE_PORT' => '45736'
    'REDIRECT_URL' => '/api/maintenance'
    'GATEWAY_INTERFACE' => 'CGI/1.1'
    'SERVER_PROTOCOL' => 'HTTP/1.1'
    'REQUEST_METHOD' => 'GET'
    'QUERY_STRING' => ''
    'REQUEST_URI' => '/api/maintenance'
    'SCRIPT_NAME' => '/index.php'
    'PHP_SELF' => '/index.php'
    'REQUEST_TIME_FLOAT' => 1767659626.0892
    'REQUEST_TIME' => 1767659626
]
2026-01-06 00:33:46 [127.0.0.1][-][-][error][yii\web\HttpException:401] yii\web\UnauthorizedHttpException: Your request was made with invalid credentials. in /home/pedro/facul/website-VeiGest/veigest/vendor/yiisoft/yii2/filters/auth/AuthMethod.php:93
Stack trace:
#0 /home/pedro/facul/website-VeiGest/veigest/vendor/yiisoft/yii2/filters/auth/AuthMethod.php(76): yii\filters\auth\AuthMethod->handleFailure()
#1 /home/pedro/facul/website-VeiGest/veigest/vendor/yiisoft/yii2/base/ActionFilter.php(77): yii\filters\auth\AuthMethod->beforeAction()
#2 [internal function]: yii\base\ActionFilter->beforeFilter()
#3 /home/pedro/facul/website-VeiGest/veigest/vendor/yiisoft/yii2/base/Component.php(648): call_user_func()
#4 /home/pedro/facul/website-VeiGest/veigest/vendor/yiisoft/yii2/base/Controller.php(303): yii\base\Component->trigger()
#5 /home/pedro/facul/website-VeiGest/veigest/vendor/yiisoft/yii2/web/Controller.php(318): yii\base\Controller->beforeAction()
#6 /home/pedro/facul/website-VeiGest/veigest/vendor/yiisoft/yii2/base/Controller.php(182): yii\web\Controller->beforeAction()
#7 /home/pedro/facul/website-VeiGest/veigest/vendor/yiisoft/yii2/base/Module.php(555): yii\base\Controller->runAction()
#8 /home/pedro/facul/website-VeiGest/veigest/vendor/yiisoft/yii2/web/Application.php(103): yii\base\Module->runAction()
#9 /home/pedro/facul/website-VeiGest/veigest/vendor/yiisoft/yii2/base/Application.php(387): yii\web\Application->handleRequest()
#10 /home/pedro/facul/website-VeiGest/veigest/backend/web/index.php(18): yii\base\Application->run()
#11 {main}
2026-01-06 00:33:46 [127.0.0.1][-][-][info][application] $_GET = []

$_POST = []

$_FILES = []

$_COOKIE = []

$_SERVER = [
    'REDIRECT_STATUS' => '200'
    'HTTP_HOST' => 'localhost:8002'
    'HTTP_CONNECTION' => 'keep-alive'
    'CONTENT_TYPE' => 'application/json'
    'HTTP_ACCEPT' => 'application/json'
    'HTTP_ACCEPT_LANGUAGE' => '*'
    'HTTP_SEC_FETCH_MODE' => 'cors'
    'HTTP_USER_AGENT' => 'node'
    'HTTP_ACCEPT_ENCODING' => 'gzip, deflate'
    'PATH' => '/usr/local/sbin:/usr/local/bin:/usr/sbin:/usr/bin:/snap/bin'
    'SERVER_SIGNATURE' => '<address>Apache/2.4.58 (Ubuntu) Server at localhost Port 8002</address>
'
    'SERVER_SOFTWARE' => 'Apache/2.4.58 (Ubuntu)'
    'SERVER_NAME' => 'localhost'
    'SERVER_ADDR' => '127.0.0.1'
    'SERVER_PORT' => '8002'
    'REMOTE_ADDR' => '127.0.0.1'
    'DOCUMENT_ROOT' => '/home/pedro/facul/website-VeiGest/veigest/backend/web'
    'REQUEST_SCHEME' => 'http'
    'CONTEXT_PREFIX' => ''
    'CONTEXT_DOCUMENT_ROOT' => '/home/pedro/facul/website-VeiGest/veigest/backend/web'
    'SERVER_ADMIN' => '[no address given]'
    'SCRIPT_FILENAME' => '/home/pedro/facul/website-VeiGest/veigest/backend/web/index.php'
    'REMOTE_PORT' => '45736'
    'REDIRECT_URL' => '/api/fuel-log'
    'GATEWAY_INTERFACE' => 'CGI/1.1'
    'SERVER_PROTOCOL' => 'HTTP/1.1'
    'REQUEST_METHOD' => 'GET'
    'QUERY_STRING' => ''
    'REQUEST_URI' => '/api/fuel-log'
    'SCRIPT_NAME' => '/index.php'
    'PHP_SELF' => '/index.php'
    'REQUEST_TIME_FLOAT' => 1767659626.6095
    'REQUEST_TIME' => 1767659626
]
2026-01-06 00:33:47 [127.0.0.1][-][-][error][yii\web\HttpException:401] yii\web\UnauthorizedHttpException: Your request was made with invalid credentials. in /home/pedro/facul/website-VeiGest/veigest/vendor/yiisoft/yii2/filters/auth/AuthMethod.php:93
Stack trace:
#0 /home/pedro/facul/website-VeiGest/veigest/vendor/yiisoft/yii2/filters/auth/AuthMethod.php(76): yii\filters\auth\AuthMethod->handleFailure()
#1 /home/pedro/facul/website-VeiGest/veigest/vendor/yiisoft/yii2/base/ActionFilter.php(77): yii\filters\auth\AuthMethod->beforeAction()
#2 [internal function]: yii\base\ActionFilter->beforeFilter()
#3 /home/pedro/facul/website-VeiGest/veigest/vendor/yiisoft/yii2/base/Component.php(648): call_user_func()
#4 /home/pedro/facul/website-VeiGest/veigest/vendor/yiisoft/yii2/base/Controller.php(303): yii\base\Component->trigger()
#5 /home/pedro/facul/website-VeiGest/veigest/vendor/yiisoft/yii2/web/Controller.php(318): yii\base\Controller->beforeAction()
#6 /home/pedro/facul/website-VeiGest/veigest/vendor/yiisoft/yii2/base/Controller.php(182): yii\web\Controller->beforeAction()
#7 /home/pedro/facul/website-VeiGest/veigest/vendor/yiisoft/yii2/base/Module.php(555): yii\base\Controller->runAction()
#8 /home/pedro/facul/website-VeiGest/veigest/vendor/yiisoft/yii2/web/Application.php(103): yii\base\Module->runAction()
#9 /home/pedro/facul/website-VeiGest/veigest/vendor/yiisoft/yii2/base/Application.php(387): yii\web\Application->handleRequest()
#10 /home/pedro/facul/website-VeiGest/veigest/backend/web/index.php(18): yii\base\Application->run()
#11 {main}
2026-01-06 00:33:47 [127.0.0.1][-][-][info][application] $_GET = []

$_POST = []

$_FILES = []

$_COOKIE = []

$_SERVER = [
    'REDIRECT_STATUS' => '200'
    'HTTP_HOST' => 'localhost:8002'
    'HTTP_CONNECTION' => 'keep-alive'
    'CONTENT_TYPE' => 'application/json'
    'HTTP_ACCEPT' => 'application/json'
    'HTTP_ACCEPT_LANGUAGE' => '*'
    'HTTP_SEC_FETCH_MODE' => 'cors'
    'HTTP_USER_AGENT' => 'node'
    'HTTP_ACCEPT_ENCODING' => 'gzip, deflate'
    'PATH' => '/usr/local/sbin:/usr/local/bin:/usr/sbin:/usr/bin:/snap/bin'
    'SERVER_SIGNATURE' => '<address>Apache/2.4.58 (Ubuntu) Server at localhost Port 8002</address>
'
    'SERVER_SOFTWARE' => 'Apache/2.4.58 (Ubuntu)'
    'SERVER_NAME' => 'localhost'
    'SERVER_ADDR' => '127.0.0.1'
    'SERVER_PORT' => '8002'
    'REMOTE_ADDR' => '127.0.0.1'
    'DOCUMENT_ROOT' => '/home/pedro/facul/website-VeiGest/veigest/backend/web'
    'REQUEST_SCHEME' => 'http'
    'CONTEXT_PREFIX' => ''
    'CONTEXT_DOCUMENT_ROOT' => '/home/pedro/facul/website-VeiGest/veigest/backend/web'
    'SERVER_ADMIN' => '[no address given]'
    'SCRIPT_FILENAME' => '/home/pedro/facul/website-VeiGest/veigest/backend/web/index.php'
    'REMOTE_PORT' => '45736'
    'REDIRECT_URL' => '/api/route'
    'GATEWAY_INTERFACE' => 'CGI/1.1'
    'SERVER_PROTOCOL' => 'HTTP/1.1'
    'REQUEST_METHOD' => 'GET'
    'QUERY_STRING' => ''
    'REQUEST_URI' => '/api/route'
    'SCRIPT_NAME' => '/index.php'
    'PHP_SELF' => '/index.php'
    'REQUEST_TIME_FLOAT' => 1767659627.1222
    'REQUEST_TIME' => 1767659627
]
2026-01-06 00:33:47 [127.0.0.1][-][-][error][yii\web\HttpException:401] yii\web\UnauthorizedHttpException: Your request was made with invalid credentials. in /home/pedro/facul/website-VeiGest/veigest/vendor/yiisoft/yii2/filters/auth/AuthMethod.php:93
Stack trace:
#0 /home/pedro/facul/website-VeiGest/veigest/vendor/yiisoft/yii2/filters/auth/AuthMethod.php(76): yii\filters\auth\AuthMethod->handleFailure()
#1 /home/pedro/facul/website-VeiGest/veigest/vendor/yiisoft/yii2/base/ActionFilter.php(77): yii\filters\auth\AuthMethod->beforeAction()
#2 [internal function]: yii\base\ActionFilter->beforeFilter()
#3 /home/pedro/facul/website-VeiGest/veigest/vendor/yiisoft/yii2/base/Component.php(648): call_user_func()
#4 /home/pedro/facul/website-VeiGest/veigest/vendor/yiisoft/yii2/base/Controller.php(303): yii\base\Component->trigger()
#5 /home/pedro/facul/website-VeiGest/veigest/vendor/yiisoft/yii2/web/Controller.php(318): yii\base\Controller->beforeAction()
#6 /home/pedro/facul/website-VeiGest/veigest/vendor/yiisoft/yii2/base/Controller.php(182): yii\web\Controller->beforeAction()
#7 /home/pedro/facul/website-VeiGest/veigest/vendor/yiisoft/yii2/base/Module.php(555): yii\base\Controller->runAction()
#8 /home/pedro/facul/website-VeiGest/veigest/vendor/yiisoft/yii2/web/Application.php(103): yii\base\Module->runAction()
#9 /home/pedro/facul/website-VeiGest/veigest/vendor/yiisoft/yii2/base/Application.php(387): yii\web\Application->handleRequest()
#10 /home/pedro/facul/website-VeiGest/veigest/backend/web/index.php(18): yii\base\Application->run()
#11 {main}
2026-01-06 00:33:47 [127.0.0.1][-][-][info][application] $_GET = []

$_POST = []

$_FILES = []

$_COOKIE = []

$_SERVER = [
    'REDIRECT_STATUS' => '200'
    'HTTP_HOST' => 'localhost:8002'
    'HTTP_CONNECTION' => 'keep-alive'
    'CONTENT_TYPE' => 'application/json'
    'HTTP_ACCEPT' => 'application/json'
    'HTTP_ACCEPT_LANGUAGE' => '*'
    'HTTP_SEC_FETCH_MODE' => 'cors'
    'HTTP_USER_AGENT' => 'node'
    'HTTP_ACCEPT_ENCODING' => 'gzip, deflate'
    'PATH' => '/usr/local/sbin:/usr/local/bin:/usr/sbin:/usr/bin:/snap/bin'
    'SERVER_SIGNATURE' => '<address>Apache/2.4.58 (Ubuntu) Server at localhost Port 8002</address>
'
    'SERVER_SOFTWARE' => 'Apache/2.4.58 (Ubuntu)'
    'SERVER_NAME' => 'localhost'
    'SERVER_ADDR' => '127.0.0.1'
    'SERVER_PORT' => '8002'
    'REMOTE_ADDR' => '127.0.0.1'
    'DOCUMENT_ROOT' => '/home/pedro/facul/website-VeiGest/veigest/backend/web'
    'REQUEST_SCHEME' => 'http'
    'CONTEXT_PREFIX' => ''
    'CONTEXT_DOCUMENT_ROOT' => '/home/pedro/facul/website-VeiGest/veigest/backend/web'
    'SERVER_ADMIN' => '[no address given]'
    'SCRIPT_FILENAME' => '/home/pedro/facul/website-VeiGest/veigest/backend/web/index.php'
    'REMOTE_PORT' => '45736'
    'REDIRECT_URL' => '/api/alert'
    'GATEWAY_INTERFACE' => 'CGI/1.1'
    'SERVER_PROTOCOL' => 'HTTP/1.1'
    'REQUEST_METHOD' => 'GET'
    'QUERY_STRING' => ''
    'REQUEST_URI' => '/api/alert'
    'SCRIPT_NAME' => '/index.php'
    'PHP_SELF' => '/index.php'
    'REQUEST_TIME_FLOAT' => 1767659627.6361
    'REQUEST_TIME' => 1767659627
]
2026-01-06 00:33:48 [127.0.0.1][-][-][error][yii\web\HttpException:401] yii\web\UnauthorizedHttpException: Your request was made with invalid credentials. in /home/pedro/facul/website-VeiGest/veigest/vendor/yiisoft/yii2/filters/auth/AuthMethod.php:93
Stack trace:
#0 /home/pedro/facul/website-VeiGest/veigest/vendor/yiisoft/yii2/filters/auth/AuthMethod.php(76): yii\filters\auth\AuthMethod->handleFailure()
#1 /home/pedro/facul/website-VeiGest/veigest/vendor/yiisoft/yii2/base/ActionFilter.php(77): yii\filters\auth\AuthMethod->beforeAction()
#2 [internal function]: yii\base\ActionFilter->beforeFilter()
#3 /home/pedro/facul/website-VeiGest/veigest/vendor/yiisoft/yii2/base/Component.php(648): call_user_func()
#4 /home/pedro/facul/website-VeiGest/veigest/vendor/yiisoft/yii2/base/Controller.php(303): yii\base\Component->trigger()
#5 /home/pedro/facul/website-VeiGest/veigest/vendor/yiisoft/yii2/web/Controller.php(318): yii\base\Controller->beforeAction()
#6 /home/pedro/facul/website-VeiGest/veigest/vendor/yiisoft/yii2/base/Controller.php(182): yii\web\Controller->beforeAction()
#7 /home/pedro/facul/website-VeiGest/veigest/vendor/yiisoft/yii2/base/Module.php(555): yii\base\Controller->runAction()
#8 /home/pedro/facul/website-VeiGest/veigest/vendor/yiisoft/yii2/web/Application.php(103): yii\base\Module->runAction()
#9 /home/pedro/facul/website-VeiGest/veigest/vendor/yiisoft/yii2/base/Application.php(387): yii\web\Application->handleRequest()
#10 /home/pedro/facul/website-VeiGest/veigest/backend/web/index.php(18): yii\base\Application->run()
#11 {main}
2026-01-06 00:33:48 [127.0.0.1][-][-][info][application] $_GET = []

$_POST = []

$_FILES = []

$_COOKIE = []

$_SERVER = [
    'REDIRECT_STATUS' => '200'
    'HTTP_HOST' => 'localhost:8002'
    'HTTP_CONNECTION' => 'keep-alive'
    'CONTENT_TYPE' => 'application/json'
    'HTTP_ACCEPT' => 'application/json'
    'HTTP_ACCEPT_LANGUAGE' => '*'
    'HTTP_SEC_FETCH_MODE' => 'cors'
    'HTTP_USER_AGENT' => 'node'
    'HTTP_ACCEPT_ENCODING' => 'gzip, deflate'
    'PATH' => '/usr/local/sbin:/usr/local/bin:/usr/sbin:/usr/bin:/snap/bin'
    'SERVER_SIGNATURE' => '<address>Apache/2.4.58 (Ubuntu) Server at localhost Port 8002</address>
'
    'SERVER_SOFTWARE' => 'Apache/2.4.58 (Ubuntu)'
    'SERVER_NAME' => 'localhost'
    'SERVER_ADDR' => '127.0.0.1'
    'SERVER_PORT' => '8002'
    'REMOTE_ADDR' => '127.0.0.1'
    'DOCUMENT_ROOT' => '/home/pedro/facul/website-VeiGest/veigest/backend/web'
    'REQUEST_SCHEME' => 'http'
    'CONTEXT_PREFIX' => ''
    'CONTEXT_DOCUMENT_ROOT' => '/home/pedro/facul/website-VeiGest/veigest/backend/web'
    'SERVER_ADMIN' => '[no address given]'
    'SCRIPT_FILENAME' => '/home/pedro/facul/website-VeiGest/veigest/backend/web/index.php'
    'REMOTE_PORT' => '45736'
    'REDIRECT_URL' => '/api/document'
    'GATEWAY_INTERFACE' => 'CGI/1.1'
    'SERVER_PROTOCOL' => 'HTTP/1.1'
    'REQUEST_METHOD' => 'GET'
    'QUERY_STRING' => ''
    'REQUEST_URI' => '/api/document'
    'SCRIPT_NAME' => '/index.php'
    'PHP_SELF' => '/index.php'
    'REQUEST_TIME_FLOAT' => 1767659628.1448
    'REQUEST_TIME' => 1767659628
]
2026-01-06 00:34:10 [127.0.0.1][-][-][error][yii\db\Exception] PDOException: SQLSTATE[42S22]: Column not found: 1054 Unknown column 'estado' in 'where clause' in /home/pedro/facul/website-VeiGest/veigest/vendor/yiisoft/yii2/db/Command.php:1320
Stack trace:
#0 /home/pedro/facul/website-VeiGest/veigest/vendor/yiisoft/yii2/db/Command.php(1320): PDOStatement->execute()
#1 /home/pedro/facul/website-VeiGest/veigest/vendor/yiisoft/yii2/db/Command.php(1186): yii\db\Command->internalExecute()
#2 /home/pedro/facul/website-VeiGest/veigest/vendor/yiisoft/yii2/db/Command.php(443): yii\db\Command->queryInternal()
#3 /home/pedro/facul/website-VeiGest/veigest/vendor/yiisoft/yii2/db/Query.php(497): yii\db\Command->queryScalar()
#4 /home/pedro/facul/website-VeiGest/veigest/vendor/yiisoft/yii2/db/ActiveQuery.php(373): yii\db\Query->queryScalar()
#5 /home/pedro/facul/website-VeiGest/veigest/vendor/yiisoft/yii2/db/Query.php(368): yii\db\ActiveQuery->queryScalar()
#6 /home/pedro/facul/website-VeiGest/veigest/vendor/yiisoft/yii2/data/ActiveDataProvider.php(168): yii\db\Query->count()
#7 /home/pedro/facul/website-VeiGest/veigest/vendor/yiisoft/yii2/data/BaseDataProvider.php(170): yii\data\ActiveDataProvider->prepareTotalCount()
#8 /home/pedro/facul/website-VeiGest/veigest/vendor/yiisoft/yii2/data/ActiveDataProvider.php(105): yii\data\BaseDataProvider->getTotalCount()
#9 /home/pedro/facul/website-VeiGest/veigest/vendor/yiisoft/yii2/data/BaseDataProvider.php(102): yii\data\ActiveDataProvider->prepareModels()
#10 /home/pedro/facul/website-VeiGest/veigest/vendor/yiisoft/yii2/data/BaseDataProvider.php(115): yii\data\BaseDataProvider->prepare()
#11 /home/pedro/facul/website-VeiGest/veigest/vendor/yiisoft/yii2/rest/Serializer.php(194): yii\data\BaseDataProvider->getModels()
#12 /home/pedro/facul/website-VeiGest/veigest/vendor/yiisoft/yii2/rest/Serializer.php(154): yii\rest\Serializer->serializeDataProvider()
#13 /home/pedro/facul/website-VeiGest/veigest/vendor/yiisoft/yii2/rest/Controller.php(99): yii\rest\Serializer->serialize()
#14 /home/pedro/facul/website-VeiGest/veigest/vendor/yiisoft/yii2/rest/Controller.php(77): yii\rest\Controller->serializeData()
#15 /home/pedro/facul/website-VeiGest/veigest/vendor/yiisoft/yii2/base/Controller.php(186): yii\rest\Controller->afterAction()
#16 /home/pedro/facul/website-VeiGest/veigest/vendor/yiisoft/yii2/base/Module.php(555): yii\base\Controller->runAction()
#17 /home/pedro/facul/website-VeiGest/veigest/vendor/yiisoft/yii2/web/Application.php(103): yii\base\Module->runAction()
#18 /home/pedro/facul/website-VeiGest/veigest/vendor/yiisoft/yii2/base/Application.php(387): yii\web\Application->handleRequest()
#19 /home/pedro/facul/website-VeiGest/veigest/backend/web/index.php(18): yii\base\Application->run()
#20 {main}

Next yii\db\Exception: SQLSTATE[42S22]: Column not found: 1054 Unknown column 'estado' in 'where clause'
The SQL being executed was: SELECT COUNT(*) FROM `users` WHERE (`company_id`=1) AND (`estado`='ativo') in /home/pedro/facul/website-VeiGest/veigest/vendor/yiisoft/yii2/db/Schema.php:676
Stack trace:
#0 /home/pedro/facul/website-VeiGest/veigest/vendor/yiisoft/yii2/db/Command.php(1325): yii\db\Schema->convertException()
#1 /home/pedro/facul/website-VeiGest/veigest/vendor/yiisoft/yii2/db/Command.php(1186): yii\db\Command->internalExecute()
#2 /home/pedro/facul/website-VeiGest/veigest/vendor/yiisoft/yii2/db/Command.php(443): yii\db\Command->queryInternal()
#3 /home/pedro/facul/website-VeiGest/veigest/vendor/yiisoft/yii2/db/Query.php(497): yii\db\Command->queryScalar()
#4 /home/pedro/facul/website-VeiGest/veigest/vendor/yiisoft/yii2/db/ActiveQuery.php(373): yii\db\Query->queryScalar()
#5 /home/pedro/facul/website-VeiGest/veigest/vendor/yiisoft/yii2/db/Query.php(368): yii\db\ActiveQuery->queryScalar()
#6 /home/pedro/facul/website-VeiGest/veigest/vendor/yiisoft/yii2/data/ActiveDataProvider.php(168): yii\db\Query->count()
#7 /home/pedro/facul/website-VeiGest/veigest/vendor/yiisoft/yii2/data/BaseDataProvider.php(170): yii\data\ActiveDataProvider->prepareTotalCount()
#8 /home/pedro/facul/website-VeiGest/veigest/vendor/yiisoft/yii2/data/ActiveDataProvider.php(105): yii\data\BaseDataProvider->getTotalCount()
#9 /home/pedro/facul/website-VeiGest/veigest/vendor/yiisoft/yii2/data/BaseDataProvider.php(102): yii\data\ActiveDataProvider->prepareModels()
#10 /home/pedro/facul/website-VeiGest/veigest/vendor/yiisoft/yii2/data/BaseDataProvider.php(115): yii\data\BaseDataProvider->prepare()
#11 /home/pedro/facul/website-VeiGest/veigest/vendor/yiisoft/yii2/rest/Serializer.php(194): yii\data\BaseDataProvider->getModels()
#12 /home/pedro/facul/website-VeiGest/veigest/vendor/yiisoft/yii2/rest/Serializer.php(154): yii\rest\Serializer->serializeDataProvider()
#13 /home/pedro/facul/website-VeiGest/veigest/vendor/yiisoft/yii2/rest/Controller.php(99): yii\rest\Serializer->serialize()
#14 /home/pedro/facul/website-VeiGest/veigest/vendor/yiisoft/yii2/rest/Controller.php(77): yii\rest\Controller->serializeData()
#15 /home/pedro/facul/website-VeiGest/veigest/vendor/yiisoft/yii2/base/Controller.php(186): yii\rest\Controller->afterAction()
#16 /home/pedro/facul/website-VeiGest/veigest/vendor/yiisoft/yii2/base/Module.php(555): yii\base\Controller->runAction()
#17 /home/pedro/facul/website-VeiGest/veigest/vendor/yiisoft/yii2/web/Application.php(103): yii\base\Module->runAction()
#18 /home/pedro/facul/website-VeiGest/veigest/vendor/yiisoft/yii2/base/Application.php(387): yii\web\Application->handleRequest()
#19 /home/pedro/facul/website-VeiGest/veigest/backend/web/index.php(18): yii\base\Application->run()
#20 {main}
Additional Information:
Array
(
    [0] => 42S22
    [1] => 1054
    [2] => Unknown column 'estado' in 'where clause'
)

2026-01-06 00:34:10 [127.0.0.1][-][-][info][application] $_GET = []

$_POST = []

$_FILES = []

$_COOKIE = []

$_SERVER = [
    'REDIRECT_STATUS' => '200'
    'HTTP_HOST' => 'localhost:8002'
    'HTTP_CONNECTION' => 'keep-alive'
    'CONTENT_TYPE' => 'application/json'
    'HTTP_ACCEPT' => 'application/json'
    'HTTP_ACCEPT_LANGUAGE' => '*'
    'HTTP_SEC_FETCH_MODE' => 'cors'
    'HTTP_USER_AGENT' => 'node'
    'HTTP_ACCEPT_ENCODING' => 'gzip, deflate'
    'PATH' => '/usr/local/sbin:/usr/local/bin:/usr/sbin:/usr/bin:/snap/bin'
    'SERVER_SIGNATURE' => '<address>Apache/2.4.58 (Ubuntu) Server at localhost Port 8002</address>
'
    'SERVER_SOFTWARE' => 'Apache/2.4.58 (Ubuntu)'
    'SERVER_NAME' => 'localhost'
    'SERVER_ADDR' => '127.0.0.1'
    'SERVER_PORT' => '8002'
    'REMOTE_ADDR' => '127.0.0.1'
    'DOCUMENT_ROOT' => '/home/pedro/facul/website-VeiGest/veigest/backend/web'
    'REQUEST_SCHEME' => 'http'
    'CONTEXT_PREFIX' => ''
    'CONTEXT_DOCUMENT_ROOT' => '/home/pedro/facul/website-VeiGest/veigest/backend/web'
    'SERVER_ADMIN' => '[no address given]'
    'SCRIPT_FILENAME' => '/home/pedro/facul/website-VeiGest/veigest/backend/web/index.php'
    'REMOTE_PORT' => '50140'
    'REDIRECT_URL' => '/api/user'
    'GATEWAY_INTERFACE' => 'CGI/1.1'
    'SERVER_PROTOCOL' => 'HTTP/1.1'
    'REQUEST_METHOD' => 'GET'
    'QUERY_STRING' => ''
    'REQUEST_URI' => '/api/user'
    'SCRIPT_NAME' => '/index.php'
    'PHP_SELF' => '/index.php'
    'REQUEST_TIME_FLOAT' => 1767659650.6548
    'REQUEST_TIME' => 1767659650
]
2026-01-06 00:34:11 [127.0.0.1][-][-][error][yii\db\Exception] PDOException: SQLSTATE[42S22]: Column not found: 1054 Unknown column 'data_manutencao' in 'order clause' in /home/pedro/facul/website-VeiGest/veigest/vendor/yiisoft/yii2/db/Command.php:1320
Stack trace:
#0 /home/pedro/facul/website-VeiGest/veigest/vendor/yiisoft/yii2/db/Command.php(1320): PDOStatement->execute()
#1 /home/pedro/facul/website-VeiGest/veigest/vendor/yiisoft/yii2/db/Command.php(1186): yii\db\Command->internalExecute()
#2 /home/pedro/facul/website-VeiGest/veigest/vendor/yiisoft/yii2/db/Command.php(417): yii\db\Command->queryInternal()
#3 /home/pedro/facul/website-VeiGest/veigest/vendor/yiisoft/yii2/db/Query.php(249): yii\db\Command->queryAll()
#4 /home/pedro/facul/website-VeiGest/veigest/vendor/yiisoft/yii2/db/ActiveQuery.php(152): yii\db\Query->all()
#5 /home/pedro/facul/website-VeiGest/veigest/vendor/yiisoft/yii2/data/ActiveDataProvider.php(115): yii\db\ActiveQuery->all()
#6 /home/pedro/facul/website-VeiGest/veigest/vendor/yiisoft/yii2/data/BaseDataProvider.php(102): yii\data\ActiveDataProvider->prepareModels()
#7 /home/pedro/facul/website-VeiGest/veigest/vendor/yiisoft/yii2/data/BaseDataProvider.php(115): yii\data\BaseDataProvider->prepare()
#8 /home/pedro/facul/website-VeiGest/veigest/vendor/yiisoft/yii2/rest/Serializer.php(194): yii\data\BaseDataProvider->getModels()
#9 /home/pedro/facul/website-VeiGest/veigest/vendor/yiisoft/yii2/rest/Serializer.php(154): yii\rest\Serializer->serializeDataProvider()
#10 /home/pedro/facul/website-VeiGest/veigest/vendor/yiisoft/yii2/rest/Controller.php(99): yii\rest\Serializer->serialize()
#11 /home/pedro/facul/website-VeiGest/veigest/vendor/yiisoft/yii2/rest/Controller.php(77): yii\rest\Controller->serializeData()
#12 /home/pedro/facul/website-VeiGest/veigest/vendor/yiisoft/yii2/base/Controller.php(186): yii\rest\Controller->afterAction()
#13 /home/pedro/facul/website-VeiGest/veigest/vendor/yiisoft/yii2/base/Module.php(555): yii\base\Controller->runAction()
#14 /home/pedro/facul/website-VeiGest/veigest/vendor/yiisoft/yii2/web/Application.php(103): yii\base\Module->runAction()
#15 /home/pedro/facul/website-VeiGest/veigest/vendor/yiisoft/yii2/base/Application.php(387): yii\web\Application->handleRequest()
#16 /home/pedro/facul/website-VeiGest/veigest/backend/web/index.php(18): yii\base\Application->run()
#17 {main}

Next yii\db\Exception: SQLSTATE[42S22]: Column not found: 1054 Unknown column 'data_manutencao' in 'order clause'
The SQL being executed was: SELECT `maintenances`.* FROM `maintenances` LEFT JOIN `vehicles` ON `maintenances`.`vehicle_id` = `vehicles`.`id` WHERE `vehicles`.`company_id`=1 ORDER BY `data_manutencao` DESC LIMIT 20 in /home/pedro/facul/website-VeiGest/veigest/vendor/yiisoft/yii2/db/Schema.php:676
Stack trace:
#0 /home/pedro/facul/website-VeiGest/veigest/vendor/yiisoft/yii2/db/Command.php(1325): yii\db\Schema->convertException()
#1 /home/pedro/facul/website-VeiGest/veigest/vendor/yiisoft/yii2/db/Command.php(1186): yii\db\Command->internalExecute()
#2 /home/pedro/facul/website-VeiGest/veigest/vendor/yiisoft/yii2/db/Command.php(417): yii\db\Command->queryInternal()
#3 /home/pedro/facul/website-VeiGest/veigest/vendor/yiisoft/yii2/db/Query.php(249): yii\db\Command->queryAll()
#4 /home/pedro/facul/website-VeiGest/veigest/vendor/yiisoft/yii2/db/ActiveQuery.php(152): yii\db\Query->all()
#5 /home/pedro/facul/website-VeiGest/veigest/vendor/yiisoft/yii2/data/ActiveDataProvider.php(115): yii\db\ActiveQuery->all()
#6 /home/pedro/facul/website-VeiGest/veigest/vendor/yiisoft/yii2/data/BaseDataProvider.php(102): yii\data\ActiveDataProvider->prepareModels()
#7 /home/pedro/facul/website-VeiGest/veigest/vendor/yiisoft/yii2/data/BaseDataProvider.php(115): yii\data\BaseDataProvider->prepare()
#8 /home/pedro/facul/website-VeiGest/veigest/vendor/yiisoft/yii2/rest/Serializer.php(194): yii\data\BaseDataProvider->getModels()
#9 /home/pedro/facul/website-VeiGest/veigest/vendor/yiisoft/yii2/rest/Serializer.php(154): yii\rest\Serializer->serializeDataProvider()
#10 /home/pedro/facul/website-VeiGest/veigest/vendor/yiisoft/yii2/rest/Controller.php(99): yii\rest\Serializer->serialize()
#11 /home/pedro/facul/website-VeiGest/veigest/vendor/yiisoft/yii2/rest/Controller.php(77): yii\rest\Controller->serializeData()
#12 /home/pedro/facul/website-VeiGest/veigest/vendor/yiisoft/yii2/base/Controller.php(186): yii\rest\Controller->afterAction()
#13 /home/pedro/facul/website-VeiGest/veigest/vendor/yiisoft/yii2/base/Module.php(555): yii\base\Controller->runAction()
#14 /home/pedro/facul/website-VeiGest/veigest/vendor/yiisoft/yii2/web/Application.php(103): yii\base\Module->runAction()
#15 /home/pedro/facul/website-VeiGest/veigest/vendor/yiisoft/yii2/base/Application.php(387): yii\web\Application->handleRequest()
#16 /home/pedro/facul/website-VeiGest/veigest/backend/web/index.php(18): yii\base\Application->run()
#17 {main}
Additional Information:
Array
(
    [0] => 42S22
    [1] => 1054
    [2] => Unknown column 'data_manutencao' in 'order clause'
)

2026-01-06 00:34:11 [127.0.0.1][-][-][info][application] $_GET = []

$_POST = []

$_FILES = []

$_COOKIE = []

$_SERVER = [
    'REDIRECT_STATUS' => '200'
    'HTTP_HOST' => 'localhost:8002'
    'HTTP_CONNECTION' => 'keep-alive'
    'CONTENT_TYPE' => 'application/json'
    'HTTP_ACCEPT' => 'application/json'
    'HTTP_ACCEPT_LANGUAGE' => '*'
    'HTTP_SEC_FETCH_MODE' => 'cors'
    'HTTP_USER_AGENT' => 'node'
    'HTTP_ACCEPT_ENCODING' => 'gzip, deflate'
    'PATH' => '/usr/local/sbin:/usr/local/bin:/usr/sbin:/usr/bin:/snap/bin'
    'SERVER_SIGNATURE' => '<address>Apache/2.4.58 (Ubuntu) Server at localhost Port 8002</address>
'
    'SERVER_SOFTWARE' => 'Apache/2.4.58 (Ubuntu)'
    'SERVER_NAME' => 'localhost'
    'SERVER_ADDR' => '127.0.0.1'
    'SERVER_PORT' => '8002'
    'REMOTE_ADDR' => '127.0.0.1'
    'DOCUMENT_ROOT' => '/home/pedro/facul/website-VeiGest/veigest/backend/web'
    'REQUEST_SCHEME' => 'http'
    'CONTEXT_PREFIX' => ''
    'CONTEXT_DOCUMENT_ROOT' => '/home/pedro/facul/website-VeiGest/veigest/backend/web'
    'SERVER_ADMIN' => '[no address given]'
    'SCRIPT_FILENAME' => '/home/pedro/facul/website-VeiGest/veigest/backend/web/index.php'
    'REMOTE_PORT' => '35630'
    'REDIRECT_URL' => '/api/maintenance'
    'GATEWAY_INTERFACE' => 'CGI/1.1'
    'SERVER_PROTOCOL' => 'HTTP/1.1'
    'REQUEST_METHOD' => 'GET'
    'QUERY_STRING' => ''
    'REQUEST_URI' => '/api/maintenance'
    'SCRIPT_NAME' => '/index.php'
    'PHP_SELF' => '/index.php'
    'REQUEST_TIME_FLOAT' => 1767659651.1784
    'REQUEST_TIME' => 1767659651
]
2026-01-06 00:34:11 [127.0.0.1][-][-][error][yii\db\Exception] PDOException: SQLSTATE[42S22]: Column not found: 1054 Unknown column 'data_abastecimento' in 'order clause' in /home/pedro/facul/website-VeiGest/veigest/vendor/yiisoft/yii2/db/Command.php:1320
Stack trace:
#0 /home/pedro/facul/website-VeiGest/veigest/vendor/yiisoft/yii2/db/Command.php(1320): PDOStatement->execute()
#1 /home/pedro/facul/website-VeiGest/veigest/vendor/yiisoft/yii2/db/Command.php(1186): yii\db\Command->internalExecute()
#2 /home/pedro/facul/website-VeiGest/veigest/vendor/yiisoft/yii2/db/Command.php(417): yii\db\Command->queryInternal()
#3 /home/pedro/facul/website-VeiGest/veigest/vendor/yiisoft/yii2/db/Query.php(249): yii\db\Command->queryAll()
#4 /home/pedro/facul/website-VeiGest/veigest/vendor/yiisoft/yii2/db/ActiveQuery.php(152): yii\db\Query->all()
#5 /home/pedro/facul/website-VeiGest/veigest/vendor/yiisoft/yii2/data/ActiveDataProvider.php(115): yii\db\ActiveQuery->all()
#6 /home/pedro/facul/website-VeiGest/veigest/vendor/yiisoft/yii2/data/BaseDataProvider.php(102): yii\data\ActiveDataProvider->prepareModels()
#7 /home/pedro/facul/website-VeiGest/veigest/vendor/yiisoft/yii2/data/BaseDataProvider.php(115): yii\data\BaseDataProvider->prepare()
#8 /home/pedro/facul/website-VeiGest/veigest/vendor/yiisoft/yii2/rest/Serializer.php(194): yii\data\BaseDataProvider->getModels()
#9 /home/pedro/facul/website-VeiGest/veigest/vendor/yiisoft/yii2/rest/Serializer.php(154): yii\rest\Serializer->serializeDataProvider()
#10 /home/pedro/facul/website-VeiGest/veigest/vendor/yiisoft/yii2/rest/Controller.php(99): yii\rest\Serializer->serialize()
#11 /home/pedro/facul/website-VeiGest/veigest/vendor/yiisoft/yii2/rest/Controller.php(77): yii\rest\Controller->serializeData()
#12 /home/pedro/facul/website-VeiGest/veigest/vendor/yiisoft/yii2/base/Controller.php(186): yii\rest\Controller->afterAction()
#13 /home/pedro/facul/website-VeiGest/veigest/vendor/yiisoft/yii2/base/Module.php(555): yii\base\Controller->runAction()
#14 /home/pedro/facul/website-VeiGest/veigest/vendor/yiisoft/yii2/web/Application.php(103): yii\base\Module->runAction()
#15 /home/pedro/facul/website-VeiGest/veigest/vendor/yiisoft/yii2/base/Application.php(387): yii\web\Application->handleRequest()
#16 /home/pedro/facul/website-VeiGest/veigest/backend/web/index.php(18): yii\base\Application->run()
#17 {main}

Next yii\db\Exception: SQLSTATE[42S22]: Column not found: 1054 Unknown column 'data_abastecimento' in 'order clause'
The SQL being executed was: SELECT `fuel_logs`.* FROM `fuel_logs` LEFT JOIN `vehicles` ON `fuel_logs`.`vehicle_id` = `vehicles`.`id` WHERE `vehicles`.`company_id`=1 ORDER BY `data_abastecimento` DESC LIMIT 20 in /home/pedro/facul/website-VeiGest/veigest/vendor/yiisoft/yii2/db/Schema.php:676
Stack trace:
#0 /home/pedro/facul/website-VeiGest/veigest/vendor/yiisoft/yii2/db/Command.php(1325): yii\db\Schema->convertException()
#1 /home/pedro/facul/website-VeiGest/veigest/vendor/yiisoft/yii2/db/Command.php(1186): yii\db\Command->internalExecute()
#2 /home/pedro/facul/website-VeiGest/veigest/vendor/yiisoft/yii2/db/Command.php(417): yii\db\Command->queryInternal()
#3 /home/pedro/facul/website-VeiGest/veigest/vendor/yiisoft/yii2/db/Query.php(249): yii\db\Command->queryAll()
#4 /home/pedro/facul/website-VeiGest/veigest/vendor/yiisoft/yii2/db/ActiveQuery.php(152): yii\db\Query->all()
#5 /home/pedro/facul/website-VeiGest/veigest/vendor/yiisoft/yii2/data/ActiveDataProvider.php(115): yii\db\ActiveQuery->all()
#6 /home/pedro/facul/website-VeiGest/veigest/vendor/yiisoft/yii2/data/BaseDataProvider.php(102): yii\data\ActiveDataProvider->prepareModels()
#7 /home/pedro/facul/website-VeiGest/veigest/vendor/yiisoft/yii2/data/BaseDataProvider.php(115): yii\data\BaseDataProvider->prepare()
#8 /home/pedro/facul/website-VeiGest/veigest/vendor/yiisoft/yii2/rest/Serializer.php(194): yii\data\BaseDataProvider->getModels()
#9 /home/pedro/facul/website-VeiGest/veigest/vendor/yiisoft/yii2/rest/Serializer.php(154): yii\rest\Serializer->serializeDataProvider()
#10 /home/pedro/facul/website-VeiGest/veigest/vendor/yiisoft/yii2/rest/Controller.php(99): yii\rest\Serializer->serialize()
#11 /home/pedro/facul/website-VeiGest/veigest/vendor/yiisoft/yii2/rest/Controller.php(77): yii\rest\Controller->serializeData()
#12 /home/pedro/facul/website-VeiGest/veigest/vendor/yiisoft/yii2/base/Controller.php(186): yii\rest\Controller->afterAction()
#13 /home/pedro/facul/website-VeiGest/veigest/vendor/yiisoft/yii2/base/Module.php(555): yii\base\Controller->runAction()
#14 /home/pedro/facul/website-VeiGest/veigest/vendor/yiisoft/yii2/web/Application.php(103): yii\base\Module->runAction()
#15 /home/pedro/facul/website-VeiGest/veigest/vendor/yiisoft/yii2/base/Application.php(387): yii\web\Application->handleRequest()
#16 /home/pedro/facul/website-VeiGest/veigest/backend/web/index.php(18): yii\base\Application->run()
#17 {main}
Additional Information:
Array
(
    [0] => 42S22
    [1] => 1054
    [2] => Unknown column 'data_abastecimento' in 'order clause'
)

2026-01-06 00:34:11 [127.0.0.1][-][-][info][application] $_GET = []

$_POST = []

$_FILES = []

$_COOKIE = []

$_SERVER = [
    'REDIRECT_STATUS' => '200'
    'HTTP_HOST' => 'localhost:8002'
    'HTTP_CONNECTION' => 'keep-alive'
    'CONTENT_TYPE' => 'application/json'
    'HTTP_ACCEPT' => 'application/json'
    'HTTP_ACCEPT_LANGUAGE' => '*'
    'HTTP_SEC_FETCH_MODE' => 'cors'
    'HTTP_USER_AGENT' => 'node'
    'HTTP_ACCEPT_ENCODING' => 'gzip, deflate'
    'PATH' => '/usr/local/sbin:/usr/local/bin:/usr/sbin:/usr/bin:/snap/bin'
    'SERVER_SIGNATURE' => '<address>Apache/2.4.58 (Ubuntu) Server at localhost Port 8002</address>
'
    'SERVER_SOFTWARE' => 'Apache/2.4.58 (Ubuntu)'
    'SERVER_NAME' => 'localhost'
    'SERVER_ADDR' => '127.0.0.1'
    'SERVER_PORT' => '8002'
    'REMOTE_ADDR' => '127.0.0.1'
    'DOCUMENT_ROOT' => '/home/pedro/facul/website-VeiGest/veigest/backend/web'
    'REQUEST_SCHEME' => 'http'
    'CONTEXT_PREFIX' => ''
    'CONTEXT_DOCUMENT_ROOT' => '/home/pedro/facul/website-VeiGest/veigest/backend/web'
    'SERVER_ADMIN' => '[no address given]'
    'SCRIPT_FILENAME' => '/home/pedro/facul/website-VeiGest/veigest/backend/web/index.php'
    'REMOTE_PORT' => '35646'
    'REDIRECT_URL' => '/api/fuel-log'
    'GATEWAY_INTERFACE' => 'CGI/1.1'
    'SERVER_PROTOCOL' => 'HTTP/1.1'
    'REQUEST_METHOD' => 'GET'
    'QUERY_STRING' => ''
    'REQUEST_URI' => '/api/fuel-log'
    'SCRIPT_NAME' => '/index.php'
    'PHP_SELF' => '/index.php'
    'REQUEST_TIME_FLOAT' => 1767659651.7173
    'REQUEST_TIME' => 1767659651
]
2026-01-06 02:38:45 [185.247.137.240][-][-][warning][yii\debug\Module::checkAccess] Access to debugger is denied due to IP address restriction. The requesting IP address is 185.247.137.240
2026-01-06 02:38:45 [185.247.137.240][-][-][info][application] $_GET = []

$_POST = []

$_FILES = []

$_COOKIE = []

$_SERVER = [
    'HTTP_HOST' => '148.71.29.109:8002'
    'HTTP_USER_AGENT' => 'Mozilla/5.0 (compatible; InternetMeasurement/1.0; +https://internet-measurement.com/)'
    'HTTP_CONNECTION' => 'close'
    'HTTP_ACCEPT' => '*/*'
    'HTTP_ACCEPT_ENCODING' => 'gzip'
    'PATH' => '/usr/local/sbin:/usr/local/bin:/usr/sbin:/usr/bin:/snap/bin'
    'SERVER_SIGNATURE' => '<address>Apache/2.4.58 (Ubuntu) Server at 148.71.29.109 Port 8002</address>
'
    'SERVER_SOFTWARE' => 'Apache/2.4.58 (Ubuntu)'
    'SERVER_NAME' => '148.71.29.109'
    'SERVER_ADDR' => '192.168.1.100'
    'SERVER_PORT' => '8002'
    'REMOTE_ADDR' => '185.247.137.240'
    'DOCUMENT_ROOT' => '/home/pedro/facul/website-VeiGest/veigest/backend/web'
    'REQUEST_SCHEME' => 'http'
    'CONTEXT_PREFIX' => ''
    'CONTEXT_DOCUMENT_ROOT' => '/home/pedro/facul/website-VeiGest/veigest/backend/web'
    'SERVER_ADMIN' => '[no address given]'
    'SCRIPT_FILENAME' => '/home/pedro/facul/website-VeiGest/veigest/backend/web/index.php'
    'REMOTE_PORT' => '58355'
    'GATEWAY_INTERFACE' => 'CGI/1.1'
    'SERVER_PROTOCOL' => 'HTTP/1.1'
    'REQUEST_METHOD' => 'GET'
    'QUERY_STRING' => ''
    'REQUEST_URI' => '/'
    'SCRIPT_NAME' => '/index.php'
    'PHP_SELF' => '/index.php'
    'REQUEST_TIME_FLOAT' => 1767667125.4874
    'REQUEST_TIME' => 1767667125
]
2026-01-06 02:38:45 [185.247.137.240][-][-][warning][yii\debug\Module::checkAccess] Access to debugger is denied due to IP address restriction. The requesting IP address is 185.247.137.240
    in /home/pedro/facul/website-VeiGest/veigest/backend/views/layouts/blank.php:30
    in /home/pedro/facul/website-VeiGest/veigest/backend/controllers/SiteController.php:154
2026-01-06 02:38:45 [185.247.137.240][-][-][warning][yii\debug\Module::checkAccess] Access to debugger is denied due to IP address restriction. The requesting IP address is 185.247.137.240
2026-01-06 02:38:45 [185.247.137.240][-][-][info][application] $_GET = []

$_POST = []

$_FILES = []

$_COOKIE = []

$_SERVER = [
    'REDIRECT_STATUS' => '200'
    'HTTP_HOST' => '148.71.29.109:8002'
    'HTTP_USER_AGENT' => 'Mozilla/5.0 (compatible; InternetMeasurement/1.0; +https://internet-measurement.com/)'
    'HTTP_ACCEPT' => '*/*'
    'HTTP_REFERER' => 'http://148.71.29.109:8002'
    'HTTP_ACCEPT_ENCODING' => 'gzip'
    'HTTP_CONNECTION' => 'close'
    'PATH' => '/usr/local/sbin:/usr/local/bin:/usr/sbin:/usr/bin:/snap/bin'
    'SERVER_SIGNATURE' => '<address>Apache/2.4.58 (Ubuntu) Server at 148.71.29.109 Port 8002</address>
'
    'SERVER_SOFTWARE' => 'Apache/2.4.58 (Ubuntu)'
    'SERVER_NAME' => '148.71.29.109'
    'SERVER_ADDR' => '192.168.1.100'
    'SERVER_PORT' => '8002'
    'REMOTE_ADDR' => '185.247.137.240'
    'DOCUMENT_ROOT' => '/home/pedro/facul/website-VeiGest/veigest/backend/web'
    'REQUEST_SCHEME' => 'http'
    'CONTEXT_PREFIX' => ''
    'CONTEXT_DOCUMENT_ROOT' => '/home/pedro/facul/website-VeiGest/veigest/backend/web'
    'SERVER_ADMIN' => '[no address given]'
    'SCRIPT_FILENAME' => '/home/pedro/facul/website-VeiGest/veigest/backend/web/index.php'
    'REMOTE_PORT' => '36067'
    'REDIRECT_URL' => '/site/login'
    'GATEWAY_INTERFACE' => 'CGI/1.1'
    'SERVER_PROTOCOL' => 'HTTP/1.1'
    'REQUEST_METHOD' => 'GET'
    'QUERY_STRING' => ''
    'REQUEST_URI' => '/site/login'
    'SCRIPT_NAME' => '/index.php'
    'PHP_SELF' => '/index.php'
    'REQUEST_TIME_FLOAT' => 1767667125.5869
    'REQUEST_TIME' => 1767667125
]
2026-01-06 02:51:31 [192.168.1.105][-][-][warning][yii\debug\Module::checkAccess] Access to debugger is denied due to IP address restriction. The requesting IP address is 192.168.1.105
2026-01-06 02:51:31 [192.168.1.105][-][-][info][application] $_GET = []

$_POST = []

$_FILES = []

$_COOKIE = [
    'pma_lang' => 'pt'
    'VeiGestSession' => 'ogcp08c3plp9dvljbitpethfm1'
    '_csrf-frontend' => '593891c6eb8d0ecf820a1c3bde8d2a6a779888a26baa3a68a5dfcb87f49e9d16a:2:{i:0;s:14:\"_csrf-frontend\";i:1;s:32:\"RfH7QkABhorjRZHrGfx3-s8ixCKr_wfm\";}'
    '_csrf-backend' => '0f16115e6281b48f90f21bf89c009e034481d0d5370737b9013c5d36f0016743a:2:{i:0;s:13:\"_csrf-backend\";i:1;s:32:\"Gjm2s8VECjA_jUcbaZ2Iyc4EvLaAgDJi\";}'
    '_identity' => '7f33b0b9defe0df9438fdefaac2bcffaf2ccd00a5da6cdf91ad762346cf4f5f1a:2:{i:0;s:9:\"_identity\";i:1;s:46:\"[1,\"0678af5b8ba3c03fd251bb27e44b7760\",2592000]\";}'
]

$_SESSION = [
    '__flash' => []
]

$_SERVER = [
    'HTTP_HOST' => '192.168.1.100:8002'
    'HTTP_USER_AGENT' => 'Mozilla/5.0 (Windows NT 10.0; Win64; x64; rv:146.0) Gecko/20100101 Firefox/146.0'
    'HTTP_ACCEPT' => 'text/html,application/xhtml+xml,application/xml;q=0.9,*/*;q=0.8'
    'HTTP_ACCEPT_LANGUAGE' => 'pt-PT,pt;q=0.8,en-US;q=0.5,en;q=0.3'
    'HTTP_ACCEPT_ENCODING' => 'gzip, deflate'
    'HTTP_CONNECTION' => 'keep-alive'
    'HTTP_COOKIE' => 'pma_lang=pt; VeiGestSession=ogcp08c3plp9dvljbitpethfm1; _csrf-frontend=593891c6eb8d0ecf820a1c3bde8d2a6a779888a26baa3a68a5dfcb87f49e9d16a%3A2%3A%7Bi%3A0%3Bs%3A14%3A%22_csrf-frontend%22%3Bi%3A1%3Bs%3A32%3A%22RfH7QkABhorjRZHrGfx3-s8ixCKr_wfm%22%3B%7D; _csrf-backend=0f16115e6281b48f90f21bf89c009e034481d0d5370737b9013c5d36f0016743a%3A2%3A%7Bi%3A0%3Bs%3A13%3A%22_csrf-backend%22%3Bi%3A1%3Bs%3A32%3A%22Gjm2s8VECjA_jUcbaZ2Iyc4EvLaAgDJi%22%3B%7D; _identity=7f33b0b9defe0df9438fdefaac2bcffaf2ccd00a5da6cdf91ad762346cf4f5f1a%3A2%3A%7Bi%3A0%3Bs%3A9%3A%22_identity%22%3Bi%3A1%3Bs%3A46%3A%22%5B1%2C%220678af5b8ba3c03fd251bb27e44b7760%22%2C2592000%5D%22%3B%7D'
    'HTTP_UPGRADE_INSECURE_REQUESTS' => '1'
    'HTTP_SEC_GPC' => '1'
    'HTTP_PRIORITY' => 'u=0, i'
    'PATH' => '/usr/local/sbin:/usr/local/bin:/usr/sbin:/usr/bin:/snap/bin'
    'SERVER_SIGNATURE' => '<address>Apache/2.4.58 (Ubuntu) Server at 192.168.1.100 Port 8002</address>
'
    'SERVER_SOFTWARE' => 'Apache/2.4.58 (Ubuntu)'
    'SERVER_NAME' => '192.168.1.100'
    'SERVER_ADDR' => '192.168.1.100'
    'SERVER_PORT' => '8002'
    'REMOTE_ADDR' => '192.168.1.105'
    'DOCUMENT_ROOT' => '/home/pedro/facul/website-VeiGest/veigest/backend/web'
    'REQUEST_SCHEME' => 'http'
    'CONTEXT_PREFIX' => ''
    'CONTEXT_DOCUMENT_ROOT' => '/home/pedro/facul/website-VeiGest/veigest/backend/web'
    'SERVER_ADMIN' => '[no address given]'
    'SCRIPT_FILENAME' => '/home/pedro/facul/website-VeiGest/veigest/backend/web/index.php'
    'REMOTE_PORT' => '60687'
    'GATEWAY_INTERFACE' => 'CGI/1.1'
    'SERVER_PROTOCOL' => 'HTTP/1.1'
    'REQUEST_METHOD' => 'GET'
    'QUERY_STRING' => ''
    'REQUEST_URI' => '/'
    'SCRIPT_NAME' => '/index.php'
    'PHP_SELF' => '/index.php'
    'REQUEST_TIME_FLOAT' => 1767667891.1415
    'REQUEST_TIME' => 1767667891
]
2026-01-06 02:51:31 [192.168.1.105][-][-][warning][yii\debug\Module::checkAccess] Access to debugger is denied due to IP address restriction. The requesting IP address is 192.168.1.105
    in /home/pedro/facul/website-VeiGest/veigest/backend/views/layouts/blank.php:30
    in /home/pedro/facul/website-VeiGest/veigest/backend/controllers/SiteController.php:154
2026-01-06 02:51:31 [192.168.1.105][-][-][warning][yii\debug\Module::checkAccess] Access to debugger is denied due to IP address restriction. The requesting IP address is 192.168.1.105
2026-01-06 02:51:31 [192.168.1.105][-][-][info][application] $_GET = []

$_POST = []

$_FILES = []

$_COOKIE = [
    'pma_lang' => 'pt'
    'VeiGestSession' => 'ogcp08c3plp9dvljbitpethfm1'
    '_csrf-frontend' => '593891c6eb8d0ecf820a1c3bde8d2a6a779888a26baa3a68a5dfcb87f49e9d16a:2:{i:0;s:14:\"_csrf-frontend\";i:1;s:32:\"RfH7QkABhorjRZHrGfx3-s8ixCKr_wfm\";}'
    '_csrf-backend' => '0f16115e6281b48f90f21bf89c009e034481d0d5370737b9013c5d36f0016743a:2:{i:0;s:13:\"_csrf-backend\";i:1;s:32:\"Gjm2s8VECjA_jUcbaZ2Iyc4EvLaAgDJi\";}'
    '_identity' => '7f33b0b9defe0df9438fdefaac2bcffaf2ccd00a5da6cdf91ad762346cf4f5f1a:2:{i:0;s:9:\"_identity\";i:1;s:46:\"[1,\"0678af5b8ba3c03fd251bb27e44b7760\",2592000]\";}'
]

$_SESSION = [
    '__flash' => []
]

$_SERVER = [
    'REDIRECT_STATUS' => '200'
    'HTTP_HOST' => '192.168.1.100:8002'
    'HTTP_USER_AGENT' => 'Mozilla/5.0 (Windows NT 10.0; Win64; x64; rv:146.0) Gecko/20100101 Firefox/146.0'
    'HTTP_ACCEPT' => 'text/html,application/xhtml+xml,application/xml;q=0.9,*/*;q=0.8'
    'HTTP_ACCEPT_LANGUAGE' => 'pt-PT,pt;q=0.8,en-US;q=0.5,en;q=0.3'
    'HTTP_ACCEPT_ENCODING' => 'gzip, deflate'
    'HTTP_CONNECTION' => 'keep-alive'
    'HTTP_COOKIE' => 'pma_lang=pt; VeiGestSession=ogcp08c3plp9dvljbitpethfm1; _csrf-frontend=593891c6eb8d0ecf820a1c3bde8d2a6a779888a26baa3a68a5dfcb87f49e9d16a%3A2%3A%7Bi%3A0%3Bs%3A14%3A%22_csrf-frontend%22%3Bi%3A1%3Bs%3A32%3A%22RfH7QkABhorjRZHrGfx3-s8ixCKr_wfm%22%3B%7D; _csrf-backend=0f16115e6281b48f90f21bf89c009e034481d0d5370737b9013c5d36f0016743a%3A2%3A%7Bi%3A0%3Bs%3A13%3A%22_csrf-backend%22%3Bi%3A1%3Bs%3A32%3A%22Gjm2s8VECjA_jUcbaZ2Iyc4EvLaAgDJi%22%3B%7D; _identity=7f33b0b9defe0df9438fdefaac2bcffaf2ccd00a5da6cdf91ad762346cf4f5f1a%3A2%3A%7Bi%3A0%3Bs%3A9%3A%22_identity%22%3Bi%3A1%3Bs%3A46%3A%22%5B1%2C%220678af5b8ba3c03fd251bb27e44b7760%22%2C2592000%5D%22%3B%7D'
    'HTTP_UPGRADE_INSECURE_REQUESTS' => '1'
    'HTTP_SEC_GPC' => '1'
    'HTTP_PRIORITY' => 'u=0, i'
    'PATH' => '/usr/local/sbin:/usr/local/bin:/usr/sbin:/usr/bin:/snap/bin'
    'SERVER_SIGNATURE' => '<address>Apache/2.4.58 (Ubuntu) Server at 192.168.1.100 Port 8002</address>
'
    'SERVER_SOFTWARE' => 'Apache/2.4.58 (Ubuntu)'
    'SERVER_NAME' => '192.168.1.100'
    'SERVER_ADDR' => '192.168.1.100'
    'SERVER_PORT' => '8002'
    'REMOTE_ADDR' => '192.168.1.105'
    'DOCUMENT_ROOT' => '/home/pedro/facul/website-VeiGest/veigest/backend/web'
    'REQUEST_SCHEME' => 'http'
    'CONTEXT_PREFIX' => ''
    'CONTEXT_DOCUMENT_ROOT' => '/home/pedro/facul/website-VeiGest/veigest/backend/web'
    'SERVER_ADMIN' => '[no address given]'
    'SCRIPT_FILENAME' => '/home/pedro/facul/website-VeiGest/veigest/backend/web/index.php'
    'REMOTE_PORT' => '60687'
    'REDIRECT_URL' => '/site/login'
    'GATEWAY_INTERFACE' => 'CGI/1.1'
    'SERVER_PROTOCOL' => 'HTTP/1.1'
    'REQUEST_METHOD' => 'GET'
    'QUERY_STRING' => ''
    'REQUEST_URI' => '/site/login'
    'SCRIPT_NAME' => '/index.php'
    'PHP_SELF' => '/index.php'
    'REQUEST_TIME_FLOAT' => 1767667891.1725
    'REQUEST_TIME' => 1767667891
]
2026-01-06 03:13:46 [127.0.0.1][1][38623dvqvvhrjdhrem8pdh1c8a][error][yii\web\HttpException:404] yii\base\InvalidRouteException: Unable to resolve the request "img/user-placeholder.png". in /home/pedro/facul/website-VeiGest/veigest/vendor/yiisoft/yii2/base/Module.php:564
Stack trace:
#0 /home/pedro/facul/website-VeiGest/veigest/vendor/yiisoft/yii2/web/Application.php(103): yii\base\Module->runAction()
#1 /home/pedro/facul/website-VeiGest/veigest/vendor/yiisoft/yii2/base/Application.php(387): yii\web\Application->handleRequest()
#2 /home/pedro/facul/website-VeiGest/veigest/backend/web/index.php(18): yii\base\Application->run()
#3 {main}

Next yii\web\NotFoundHttpException: Page not found. in /home/pedro/facul/website-VeiGest/veigest/vendor/yiisoft/yii2/web/Application.php:115
Stack trace:
#0 /home/pedro/facul/website-VeiGest/veigest/vendor/yiisoft/yii2/base/Application.php(387): yii\web\Application->handleRequest()
#1 /home/pedro/facul/website-VeiGest/veigest/backend/web/index.php(18): yii\base\Application->run()
#2 {main}
2026-01-06 03:13:46 [127.0.0.1][1][38623dvqvvhrjdhrem8pdh1c8a][info][application] $_GET = []

$_POST = []

$_FILES = []

$_COOKIE = [
    'VeiGestSession' => '38623dvqvvhrjdhrem8pdh1c8a'
    '_csrf' => 'f9b6d02af0357bd7dcc4ef736ee95e6813e4f6852a5a0ac4e911f5694f0358fda:2:{i:0;s:5:\"_csrf\";i:1;s:32:\"elTu5QVZ6x3u_A83FW8Yn6eXod2kNIoG\";}'
]

$_SESSION = [
    '__flash' => []
    '__id' => 1
    '__authKey' => 'd02deafde97d6cf7e1a839ddd51541de'
]

$_SERVER = [
    'REDIRECT_STATUS' => '200'
    'HTTP_HOST' => 'veigestback.dryadlang.org'
    'HTTP_USER_AGENT' => 'Mozilla/5.0 (Windows NT 10.0; Win64; x64; rv:146.0) Gecko/20100101 Firefox/146.0'
    'HTTP_ACCEPT' => 'image/avif,image/webp,image/png,image/svg+xml,image/*;q=0.8,*/*;q=0.5'
    'HTTP_ACCEPT_ENCODING' => 'gzip'
    'HTTP_ACCEPT_LANGUAGE' => 'pt-PT,pt;q=0.8,en-US;q=0.5,en;q=0.3'
    'HTTP_CDN_LOOP' => 'cloudflare; loops=1'
    'HTTP_CF_CONNECTING_IP' => '2001:818:e848:8200:24fc:64a9:6d8c:5ccb'
    'HTTP_CF_IPCOUNTRY' => 'PT'
    'HTTP_CF_RAY' => '9b980a9c2e61c156-LIS'
    'HTTP_CF_VISITOR' => '{\"scheme\":\"http\"}'
    'HTTP_CF_WARP_TAG_ID' => 'f5bcc1c9-1522-405b-9562-82cfc34acae8'
    'HTTP_CONNECTION' => 'keep-alive'
    'HTTP_COOKIE' => 'VeiGestSession=38623dvqvvhrjdhrem8pdh1c8a; _csrf=f9b6d02af0357bd7dcc4ef736ee95e6813e4f6852a5a0ac4e911f5694f0358fda%3A2%3A%7Bi%3A0%3Bs%3A5%3A%22_csrf%22%3Bi%3A1%3Bs%3A32%3A%22elTu5QVZ6x3u_A83FW8Yn6eXod2kNIoG%22%3B%7D'
    'HTTP_PRIORITY' => 'u=5, i'
    'HTTP_REFERER' => 'http://veigestback.dryadlang.org/'
    'HTTP_SEC_GPC' => '1'
    'HTTP_X_FORWARDED_FOR' => '2001:818:e848:8200:24fc:64a9:6d8c:5ccb'
    'HTTP_X_FORWARDED_PROTO' => 'http'
    'PATH' => '/usr/local/sbin:/usr/local/bin:/usr/sbin:/usr/bin:/snap/bin'
    'SERVER_SIGNATURE' => '<address>Apache/2.4.58 (Ubuntu) Server at veigestback.dryadlang.org Port 8002</address>
'
    'SERVER_SOFTWARE' => 'Apache/2.4.58 (Ubuntu)'
    'SERVER_NAME' => 'veigestback.dryadlang.org'
    'SERVER_ADDR' => '127.0.0.1'
    'SERVER_PORT' => '8002'
    'REMOTE_ADDR' => '127.0.0.1'
    'DOCUMENT_ROOT' => '/home/pedro/facul/website-VeiGest/veigest/backend/web'
    'REQUEST_SCHEME' => 'http'
    'CONTEXT_PREFIX' => ''
    'CONTEXT_DOCUMENT_ROOT' => '/home/pedro/facul/website-VeiGest/veigest/backend/web'
    'SERVER_ADMIN' => '[no address given]'
    'SCRIPT_FILENAME' => '/home/pedro/facul/website-VeiGest/veigest/backend/web/index.php'
    'REMOTE_PORT' => '53384'
    'REDIRECT_URL' => '/img/user-placeholder.png'
    'GATEWAY_INTERFACE' => 'CGI/1.1'
    'SERVER_PROTOCOL' => 'HTTP/1.1'
    'REQUEST_METHOD' => 'GET'
    'QUERY_STRING' => ''
    'REQUEST_URI' => '/img/user-placeholder.png'
    'SCRIPT_NAME' => '/index.php'
    'PHP_SELF' => '/index.php'
    'REQUEST_TIME_FLOAT' => 1767669226.9335
    'REQUEST_TIME' => 1767669226
]
2026-01-06 03:32:20 [127.0.0.1][1][kvp9fh136dvra93rq7615v4mvf][error][yii\web\HttpException:404] yii\base\InvalidRouteException: Unable to resolve the request "img/user-placeholder.png". in /home/pedro/facul/website-VeiGest/veigest/vendor/yiisoft/yii2/base/Module.php:564
Stack trace:
#0 /home/pedro/facul/website-VeiGest/veigest/vendor/yiisoft/yii2/web/Application.php(103): yii\base\Module->runAction()
#1 /home/pedro/facul/website-VeiGest/veigest/vendor/yiisoft/yii2/base/Application.php(387): yii\web\Application->handleRequest()
#2 /home/pedro/facul/website-VeiGest/veigest/backend/web/index.php(18): yii\base\Application->run()
#3 {main}

Next yii\web\NotFoundHttpException: Page not found. in /home/pedro/facul/website-VeiGest/veigest/vendor/yiisoft/yii2/web/Application.php:115
Stack trace:
#0 /home/pedro/facul/website-VeiGest/veigest/vendor/yiisoft/yii2/base/Application.php(387): yii\web\Application->handleRequest()
#1 /home/pedro/facul/website-VeiGest/veigest/backend/web/index.php(18): yii\base\Application->run()
#2 {main}
2026-01-06 03:32:20 [127.0.0.1][1][kvp9fh136dvra93rq7615v4mvf][info][application] $_GET = []

$_POST = []

$_FILES = []

$_COOKIE = [
    'VeiGestSession' => 'kvp9fh136dvra93rq7615v4mvf'
    '_csrf' => 'e4dc9a67ae82ef299d4e995ba5065778fab4a383437e5eb12bd2ff1c004b5b5aa:2:{i:0;s:5:\"_csrf\";i:1;s:32:\"C3nvqn4jpQj-tW55vT7vV1r7SyUcARkx\";}'
]

$_SESSION = [
    '__flash' => []
    '__id' => 1
    '__authKey' => 'd02deafde97d6cf7e1a839ddd51541de'
]

$_SERVER = [
    'REDIRECT_STATUS' => '200'
    'HTTP_HOST' => 'veigestback.dryadlang.org'
    'HTTP_USER_AGENT' => 'Mozilla/5.0 (Windows NT 10.0; Win64; x64; rv:146.0) Gecko/20100101 Firefox/146.0'
    'HTTP_ACCEPT' => 'image/avif,image/webp,image/png,image/svg+xml,image/*;q=0.8,*/*;q=0.5'
    'HTTP_ACCEPT_ENCODING' => 'gzip'
    'HTTP_ACCEPT_LANGUAGE' => 'pt-PT,pt;q=0.8,en-US;q=0.5,en;q=0.3'
    'HTTP_CDN_LOOP' => 'cloudflare; loops=1'
    'HTTP_CF_CONNECTING_IP' => '2001:818:e848:8200:24fc:64a9:6d8c:5ccb'
    'HTTP_CF_IPCOUNTRY' => 'PT'
    'HTTP_CF_RAY' => '9b9825cc2eae16a5-LIS'
    'HTTP_CF_VISITOR' => '{\"scheme\":\"http\"}'
    'HTTP_CF_WARP_TAG_ID' => 'f5bcc1c9-1522-405b-9562-82cfc34acae8'
    'HTTP_CONNECTION' => 'keep-alive'
    'HTTP_COOKIE' => 'VeiGestSession=kvp9fh136dvra93rq7615v4mvf; _csrf=e4dc9a67ae82ef299d4e995ba5065778fab4a383437e5eb12bd2ff1c004b5b5aa%3A2%3A%7Bi%3A0%3Bs%3A5%3A%22_csrf%22%3Bi%3A1%3Bs%3A32%3A%22C3nvqn4jpQj-tW55vT7vV1r7SyUcARkx%22%3B%7D'
    'HTTP_PRIORITY' => 'u=5, i'
    'HTTP_REFERER' => 'http://veigestback.dryadlang.org/'
    'HTTP_SEC_GPC' => '1'
    'HTTP_X_FORWARDED_FOR' => '2001:818:e848:8200:24fc:64a9:6d8c:5ccb'
    'HTTP_X_FORWARDED_PROTO' => 'http'
    'PATH' => '/usr/local/sbin:/usr/local/bin:/usr/sbin:/usr/bin:/snap/bin'
    'SERVER_SIGNATURE' => '<address>Apache/2.4.58 (Ubuntu) Server at veigestback.dryadlang.org Port 8002</address>
'
    'SERVER_SOFTWARE' => 'Apache/2.4.58 (Ubuntu)'
    'SERVER_NAME' => 'veigestback.dryadlang.org'
    'SERVER_ADDR' => '127.0.0.1'
    'SERVER_PORT' => '8002'
    'REMOTE_ADDR' => '127.0.0.1'
    'DOCUMENT_ROOT' => '/home/pedro/facul/website-VeiGest/veigest/backend/web'
    'REQUEST_SCHEME' => 'http'
    'CONTEXT_PREFIX' => ''
    'CONTEXT_DOCUMENT_ROOT' => '/home/pedro/facul/website-VeiGest/veigest/backend/web'
    'SERVER_ADMIN' => '[no address given]'
    'SCRIPT_FILENAME' => '/home/pedro/facul/website-VeiGest/veigest/backend/web/index.php'
    'REMOTE_PORT' => '36256'
    'REDIRECT_URL' => '/img/user-placeholder.png'
    'GATEWAY_INTERFACE' => 'CGI/1.1'
    'SERVER_PROTOCOL' => 'HTTP/1.1'
    'REQUEST_METHOD' => 'GET'
    'QUERY_STRING' => ''
    'REQUEST_URI' => '/img/user-placeholder.png'
    'SCRIPT_NAME' => '/index.php'
    'PHP_SELF' => '/index.php'
    'REQUEST_TIME_FLOAT' => 1767670340.5212
    'REQUEST_TIME' => 1767670340
]
2026-01-06 03:40:41 [127.0.0.1][1][vgq4fipnevr1h18hdp7kmo1sjs][error][yii\web\HttpException:404] yii\base\InvalidRouteException: Unable to resolve the request "img/user-placeholder.png". in /home/pedro/facul/website-VeiGest/veigest/vendor/yiisoft/yii2/base/Module.php:564
Stack trace:
#0 /home/pedro/facul/website-VeiGest/veigest/vendor/yiisoft/yii2/web/Application.php(103): yii\base\Module->runAction()
#1 /home/pedro/facul/website-VeiGest/veigest/vendor/yiisoft/yii2/base/Application.php(387): yii\web\Application->handleRequest()
#2 /home/pedro/facul/website-VeiGest/veigest/backend/web/index.php(18): yii\base\Application->run()
#3 {main}

Next yii\web\NotFoundHttpException: Page not found. in /home/pedro/facul/website-VeiGest/veigest/vendor/yiisoft/yii2/web/Application.php:115
Stack trace:
#0 /home/pedro/facul/website-VeiGest/veigest/vendor/yiisoft/yii2/base/Application.php(387): yii\web\Application->handleRequest()
#1 /home/pedro/facul/website-VeiGest/veigest/backend/web/index.php(18): yii\base\Application->run()
#2 {main}
2026-01-06 03:40:41 [127.0.0.1][1][vgq4fipnevr1h18hdp7kmo1sjs][info][application] $_GET = []

$_POST = []

$_FILES = []

$_COOKIE = [
    'VeiGestSession' => 'vgq4fipnevr1h18hdp7kmo1sjs'
    '_csrf' => '5d13557abda89bab040ccd6c11ef79bd916ad17cbc0568e04a4a4138b90a5cb2a:2:{i:0;s:5:\"_csrf\";i:1;s:32:\"ZcmHi9Me7tTq8lxRSEk-tiJIb7fzrMEn\";}'
]

$_SESSION = [
    '__flash' => []
    '__id' => 1
    '__authKey' => 'd02deafde97d6cf7e1a839ddd51541de'
]

$_SERVER = [
    'REDIRECT_STATUS' => '200'
    'HTTP_HOST' => 'veigestback.dryadlang.org'
    'HTTP_USER_AGENT' => 'Mozilla/5.0 (Windows NT 10.0; Win64; x64; rv:146.0) Gecko/20100101 Firefox/146.0'
    'HTTP_ACCEPT' => 'image/avif,image/webp,image/png,image/svg+xml,image/*;q=0.8,*/*;q=0.5'
    'HTTP_ACCEPT_ENCODING' => 'gzip'
    'HTTP_ACCEPT_LANGUAGE' => 'pt-PT,pt;q=0.8,en-US;q=0.5,en;q=0.3'
    'HTTP_CDN_LOOP' => 'cloudflare; loops=1'
    'HTTP_CF_CONNECTING_IP' => '2001:818:e848:8200:24fc:64a9:6d8c:5ccb'
    'HTTP_CF_IPCOUNTRY' => 'PT'
    'HTTP_CF_RAY' => '9b9832051e9be3b0-LIS'
    'HTTP_CF_VISITOR' => '{\"scheme\":\"http\"}'
    'HTTP_CF_WARP_TAG_ID' => 'f5bcc1c9-1522-405b-9562-82cfc34acae8'
    'HTTP_CONNECTION' => 'keep-alive'
    'HTTP_COOKIE' => 'VeiGestSession=vgq4fipnevr1h18hdp7kmo1sjs; _csrf=5d13557abda89bab040ccd6c11ef79bd916ad17cbc0568e04a4a4138b90a5cb2a%3A2%3A%7Bi%3A0%3Bs%3A5%3A%22_csrf%22%3Bi%3A1%3Bs%3A32%3A%22ZcmHi9Me7tTq8lxRSEk-tiJIb7fzrMEn%22%3B%7D'
    'HTTP_PRIORITY' => 'u=5, i'
    'HTTP_REFERER' => 'http://veigestback.dryadlang.org/'
    'HTTP_SEC_GPC' => '1'
    'HTTP_X_FORWARDED_FOR' => '2001:818:e848:8200:24fc:64a9:6d8c:5ccb'
    'HTTP_X_FORWARDED_PROTO' => 'http'
    'PATH' => '/usr/local/sbin:/usr/local/bin:/usr/sbin:/usr/bin:/snap/bin'
    'SERVER_SIGNATURE' => '<address>Apache/2.4.58 (Ubuntu) Server at veigestback.dryadlang.org Port 8002</address>
'
    'SERVER_SOFTWARE' => 'Apache/2.4.58 (Ubuntu)'
    'SERVER_NAME' => 'veigestback.dryadlang.org'
    'SERVER_ADDR' => '127.0.0.1'
    'SERVER_PORT' => '8002'
    'REMOTE_ADDR' => '127.0.0.1'
    'DOCUMENT_ROOT' => '/home/pedro/facul/website-VeiGest/veigest/backend/web'
    'REQUEST_SCHEME' => 'http'
    'CONTEXT_PREFIX' => ''
    'CONTEXT_DOCUMENT_ROOT' => '/home/pedro/facul/website-VeiGest/veigest/backend/web'
    'SERVER_ADMIN' => '[no address given]'
    'SCRIPT_FILENAME' => '/home/pedro/facul/website-VeiGest/veigest/backend/web/index.php'
    'REMOTE_PORT' => '32802'
    'REDIRECT_URL' => '/img/user-placeholder.png'
    'GATEWAY_INTERFACE' => 'CGI/1.1'
    'SERVER_PROTOCOL' => 'HTTP/1.1'
    'REQUEST_METHOD' => 'GET'
    'QUERY_STRING' => ''
    'REQUEST_URI' => '/img/user-placeholder.png'
    'SCRIPT_NAME' => '/index.php'
    'PHP_SELF' => '/index.php'
    'REQUEST_TIME_FLOAT' => 1767670841.143
    'REQUEST_TIME' => 1767670841
]
2026-01-06 03:40:43 [127.0.0.1][1][vgq4fipnevr1h18hdp7kmo1sjs][error][yii\web\HttpException:404] yii\base\InvalidRouteException: Unable to resolve the request "img/user-placeholder.png". in /home/pedro/facul/website-VeiGest/veigest/vendor/yiisoft/yii2/base/Module.php:564
Stack trace:
#0 /home/pedro/facul/website-VeiGest/veigest/vendor/yiisoft/yii2/web/Application.php(103): yii\base\Module->runAction()
#1 /home/pedro/facul/website-VeiGest/veigest/vendor/yiisoft/yii2/base/Application.php(387): yii\web\Application->handleRequest()
#2 /home/pedro/facul/website-VeiGest/veigest/backend/web/index.php(18): yii\base\Application->run()
#3 {main}

Next yii\web\NotFoundHttpException: Page not found. in /home/pedro/facul/website-VeiGest/veigest/vendor/yiisoft/yii2/web/Application.php:115
Stack trace:
#0 /home/pedro/facul/website-VeiGest/veigest/vendor/yiisoft/yii2/base/Application.php(387): yii\web\Application->handleRequest()
#1 /home/pedro/facul/website-VeiGest/veigest/backend/web/index.php(18): yii\base\Application->run()
#2 {main}
2026-01-06 03:40:43 [127.0.0.1][1][vgq4fipnevr1h18hdp7kmo1sjs][info][application] $_GET = []

$_POST = []

$_FILES = []

$_COOKIE = [
    'VeiGestSession' => 'vgq4fipnevr1h18hdp7kmo1sjs'
    '_csrf' => '5d13557abda89bab040ccd6c11ef79bd916ad17cbc0568e04a4a4138b90a5cb2a:2:{i:0;s:5:\"_csrf\";i:1;s:32:\"ZcmHi9Me7tTq8lxRSEk-tiJIb7fzrMEn\";}'
]

$_SESSION = [
    '__flash' => []
    '__id' => 1
    '__authKey' => 'd02deafde97d6cf7e1a839ddd51541de'
]

$_SERVER = [
    'REDIRECT_STATUS' => '200'
    'HTTP_HOST' => 'veigestback.dryadlang.org'
    'HTTP_USER_AGENT' => 'Mozilla/5.0 (Windows NT 10.0; Win64; x64; rv:146.0) Gecko/20100101 Firefox/146.0'
    'HTTP_ACCEPT' => 'image/avif,image/webp,image/png,image/svg+xml,image/*;q=0.8,*/*;q=0.5'
    'HTTP_ACCEPT_ENCODING' => 'gzip'
    'HTTP_ACCEPT_LANGUAGE' => 'pt-PT,pt;q=0.8,en-US;q=0.5,en;q=0.3'
    'HTTP_CDN_LOOP' => 'cloudflare; loops=1'
    'HTTP_CF_CONNECTING_IP' => '2001:818:e848:8200:24fc:64a9:6d8c:5ccb'
    'HTTP_CF_IPCOUNTRY' => 'PT'
    'HTTP_CF_RAY' => '9b983216b8cee3b0-LIS'
    'HTTP_CF_VISITOR' => '{\"scheme\":\"http\"}'
    'HTTP_CF_WARP_TAG_ID' => 'f5bcc1c9-1522-405b-9562-82cfc34acae8'
    'HTTP_CONNECTION' => 'keep-alive'
    'HTTP_COOKIE' => 'VeiGestSession=vgq4fipnevr1h18hdp7kmo1sjs; _csrf=5d13557abda89bab040ccd6c11ef79bd916ad17cbc0568e04a4a4138b90a5cb2a%3A2%3A%7Bi%3A0%3Bs%3A5%3A%22_csrf%22%3Bi%3A1%3Bs%3A32%3A%22ZcmHi9Me7tTq8lxRSEk-tiJIb7fzrMEn%22%3B%7D'
    'HTTP_PRIORITY' => 'u=5, i'
    'HTTP_REFERER' => 'http://veigestback.dryadlang.org/ticket/index'
    'HTTP_SEC_GPC' => '1'
    'HTTP_X_FORWARDED_FOR' => '2001:818:e848:8200:24fc:64a9:6d8c:5ccb'
    'HTTP_X_FORWARDED_PROTO' => 'http'
    'PATH' => '/usr/local/sbin:/usr/local/bin:/usr/sbin:/usr/bin:/snap/bin'
    'SERVER_SIGNATURE' => '<address>Apache/2.4.58 (Ubuntu) Server at veigestback.dryadlang.org Port 8002</address>
'
    'SERVER_SOFTWARE' => 'Apache/2.4.58 (Ubuntu)'
    'SERVER_NAME' => 'veigestback.dryadlang.org'
    'SERVER_ADDR' => '127.0.0.1'
    'SERVER_PORT' => '8002'
    'REMOTE_ADDR' => '127.0.0.1'
    'DOCUMENT_ROOT' => '/home/pedro/facul/website-VeiGest/veigest/backend/web'
    'REQUEST_SCHEME' => 'http'
    'CONTEXT_PREFIX' => ''
    'CONTEXT_DOCUMENT_ROOT' => '/home/pedro/facul/website-VeiGest/veigest/backend/web'
    'SERVER_ADMIN' => '[no address given]'
    'SCRIPT_FILENAME' => '/home/pedro/facul/website-VeiGest/veigest/backend/web/index.php'
    'REMOTE_PORT' => '32802'
    'REDIRECT_URL' => '/img/user-placeholder.png'
    'GATEWAY_INTERFACE' => 'CGI/1.1'
    'SERVER_PROTOCOL' => 'HTTP/1.1'
    'REQUEST_METHOD' => 'GET'
    'QUERY_STRING' => ''
    'REQUEST_URI' => '/img/user-placeholder.png'
    'SCRIPT_NAME' => '/index.php'
    'PHP_SELF' => '/index.php'
    'REQUEST_TIME_FLOAT' => 1767670843.9659
    'REQUEST_TIME' => 1767670843
]
2026-01-06 03:40:48 [127.0.0.1][1][vgq4fipnevr1h18hdp7kmo1sjs][error][yii\web\HttpException:404] yii\base\InvalidRouteException: Unable to resolve the request "img/user-placeholder.png". in /home/pedro/facul/website-VeiGest/veigest/vendor/yiisoft/yii2/base/Module.php:564
Stack trace:
#0 /home/pedro/facul/website-VeiGest/veigest/vendor/yiisoft/yii2/web/Application.php(103): yii\base\Module->runAction()
#1 /home/pedro/facul/website-VeiGest/veigest/vendor/yiisoft/yii2/base/Application.php(387): yii\web\Application->handleRequest()
#2 /home/pedro/facul/website-VeiGest/veigest/backend/web/index.php(18): yii\base\Application->run()
#3 {main}

Next yii\web\NotFoundHttpException: Page not found. in /home/pedro/facul/website-VeiGest/veigest/vendor/yiisoft/yii2/web/Application.php:115
Stack trace:
#0 /home/pedro/facul/website-VeiGest/veigest/vendor/yiisoft/yii2/base/Application.php(387): yii\web\Application->handleRequest()
#1 /home/pedro/facul/website-VeiGest/veigest/backend/web/index.php(18): yii\base\Application->run()
#2 {main}
2026-01-06 03:40:48 [127.0.0.1][1][vgq4fipnevr1h18hdp7kmo1sjs][info][application] $_GET = []

$_POST = []

$_FILES = []

$_COOKIE = [
    'VeiGestSession' => 'vgq4fipnevr1h18hdp7kmo1sjs'
    '_csrf' => '5d13557abda89bab040ccd6c11ef79bd916ad17cbc0568e04a4a4138b90a5cb2a:2:{i:0;s:5:\"_csrf\";i:1;s:32:\"ZcmHi9Me7tTq8lxRSEk-tiJIb7fzrMEn\";}'
]

$_SESSION = [
    '__flash' => []
    '__id' => 1
    '__authKey' => 'd02deafde97d6cf7e1a839ddd51541de'
]

$_SERVER = [
    'REDIRECT_STATUS' => '200'
    'HTTP_HOST' => 'veigestback.dryadlang.org'
    'HTTP_USER_AGENT' => 'Mozilla/5.0 (Windows NT 10.0; Win64; x64; rv:146.0) Gecko/20100101 Firefox/146.0'
    'HTTP_ACCEPT' => 'image/avif,image/webp,image/png,image/svg+xml,image/*;q=0.8,*/*;q=0.5'
    'HTTP_ACCEPT_ENCODING' => 'gzip'
    'HTTP_ACCEPT_LANGUAGE' => 'pt-PT,pt;q=0.8,en-US;q=0.5,en;q=0.3'
    'HTTP_CDN_LOOP' => 'cloudflare; loops=1'
    'HTTP_CF_CONNECTING_IP' => '2001:818:e848:8200:24fc:64a9:6d8c:5ccb'
    'HTTP_CF_IPCOUNTRY' => 'PT'
    'HTTP_CF_RAY' => '9b9832354f0de3b0-LIS'
    'HTTP_CF_VISITOR' => '{\"scheme\":\"http\"}'
    'HTTP_CF_WARP_TAG_ID' => 'f5bcc1c9-1522-405b-9562-82cfc34acae8'
    'HTTP_CONNECTION' => 'keep-alive'
    'HTTP_COOKIE' => 'VeiGestSession=vgq4fipnevr1h18hdp7kmo1sjs; _csrf=5d13557abda89bab040ccd6c11ef79bd916ad17cbc0568e04a4a4138b90a5cb2a%3A2%3A%7Bi%3A0%3Bs%3A5%3A%22_csrf%22%3Bi%3A1%3Bs%3A32%3A%22ZcmHi9Me7tTq8lxRSEk-tiJIb7fzrMEn%22%3B%7D'
    'HTTP_PRIORITY' => 'u=5, i'
    'HTTP_REFERER' => 'http://veigestback.dryadlang.org/system/settings'
    'HTTP_SEC_GPC' => '1'
    'HTTP_X_FORWARDED_FOR' => '2001:818:e848:8200:24fc:64a9:6d8c:5ccb'
    'HTTP_X_FORWARDED_PROTO' => 'http'
    'PATH' => '/usr/local/sbin:/usr/local/bin:/usr/sbin:/usr/bin:/snap/bin'
    'SERVER_SIGNATURE' => '<address>Apache/2.4.58 (Ubuntu) Server at veigestback.dryadlang.org Port 8002</address>
'
    'SERVER_SOFTWARE' => 'Apache/2.4.58 (Ubuntu)'
    'SERVER_NAME' => 'veigestback.dryadlang.org'
    'SERVER_ADDR' => '127.0.0.1'
    'SERVER_PORT' => '8002'
    'REMOTE_ADDR' => '127.0.0.1'
    'DOCUMENT_ROOT' => '/home/pedro/facul/website-VeiGest/veigest/backend/web'
    'REQUEST_SCHEME' => 'http'
    'CONTEXT_PREFIX' => ''
    'CONTEXT_DOCUMENT_ROOT' => '/home/pedro/facul/website-VeiGest/veigest/backend/web'
    'SERVER_ADMIN' => '[no address given]'
    'SCRIPT_FILENAME' => '/home/pedro/facul/website-VeiGest/veigest/backend/web/index.php'
    'REMOTE_PORT' => '32802'
    'REDIRECT_URL' => '/img/user-placeholder.png'
    'GATEWAY_INTERFACE' => 'CGI/1.1'
    'SERVER_PROTOCOL' => 'HTTP/1.1'
    'REQUEST_METHOD' => 'GET'
    'QUERY_STRING' => ''
    'REQUEST_URI' => '/img/user-placeholder.png'
    'SCRIPT_NAME' => '/index.php'
    'PHP_SELF' => '/index.php'
    'REQUEST_TIME_FLOAT' => 1767670848.8504
    'REQUEST_TIME' => 1767670848
]
2026-01-06 03:40:49 [127.0.0.1][1][vgq4fipnevr1h18hdp7kmo1sjs][error][yii\web\HttpException:404] yii\base\InvalidRouteException: Unable to resolve the request "img/user-placeholder.png". in /home/pedro/facul/website-VeiGest/veigest/vendor/yiisoft/yii2/base/Module.php:564
Stack trace:
#0 /home/pedro/facul/website-VeiGest/veigest/vendor/yiisoft/yii2/web/Application.php(103): yii\base\Module->runAction()
#1 /home/pedro/facul/website-VeiGest/veigest/vendor/yiisoft/yii2/base/Application.php(387): yii\web\Application->handleRequest()
#2 /home/pedro/facul/website-VeiGest/veigest/backend/web/index.php(18): yii\base\Application->run()
#3 {main}

Next yii\web\NotFoundHttpException: Page not found. in /home/pedro/facul/website-VeiGest/veigest/vendor/yiisoft/yii2/web/Application.php:115
Stack trace:
#0 /home/pedro/facul/website-VeiGest/veigest/vendor/yiisoft/yii2/base/Application.php(387): yii\web\Application->handleRequest()
#1 /home/pedro/facul/website-VeiGest/veigest/backend/web/index.php(18): yii\base\Application->run()
#2 {main}
2026-01-06 03:40:49 [127.0.0.1][1][vgq4fipnevr1h18hdp7kmo1sjs][info][application] $_GET = []

$_POST = []

$_FILES = []

$_COOKIE = [
    'VeiGestSession' => 'vgq4fipnevr1h18hdp7kmo1sjs'
    '_csrf' => '5d13557abda89bab040ccd6c11ef79bd916ad17cbc0568e04a4a4138b90a5cb2a:2:{i:0;s:5:\"_csrf\";i:1;s:32:\"ZcmHi9Me7tTq8lxRSEk-tiJIb7fzrMEn\";}'
]

$_SESSION = [
    '__flash' => []
    '__id' => 1
    '__authKey' => 'd02deafde97d6cf7e1a839ddd51541de'
]

$_SERVER = [
    'REDIRECT_STATUS' => '200'
    'HTTP_HOST' => 'veigestback.dryadlang.org'
    'HTTP_USER_AGENT' => 'Mozilla/5.0 (Windows NT 10.0; Win64; x64; rv:146.0) Gecko/20100101 Firefox/146.0'
    'HTTP_ACCEPT' => 'image/avif,image/webp,image/png,image/svg+xml,image/*;q=0.8,*/*;q=0.5'
    'HTTP_ACCEPT_ENCODING' => 'gzip'
    'HTTP_ACCEPT_LANGUAGE' => 'pt-PT,pt;q=0.8,en-US;q=0.5,en;q=0.3'
    'HTTP_CDN_LOOP' => 'cloudflare; loops=1'
    'HTTP_CF_CONNECTING_IP' => '2001:818:e848:8200:24fc:64a9:6d8c:5ccb'
    'HTTP_CF_IPCOUNTRY' => 'PT'
    'HTTP_CF_RAY' => '9b98323a7be6e3b0-LIS'
    'HTTP_CF_VISITOR' => '{\"scheme\":\"http\"}'
    'HTTP_CF_WARP_TAG_ID' => 'f5bcc1c9-1522-405b-9562-82cfc34acae8'
    'HTTP_CONNECTION' => 'keep-alive'
    'HTTP_COOKIE' => 'VeiGestSession=vgq4fipnevr1h18hdp7kmo1sjs; _csrf=5d13557abda89bab040ccd6c11ef79bd916ad17cbc0568e04a4a4138b90a5cb2a%3A2%3A%7Bi%3A0%3Bs%3A5%3A%22_csrf%22%3Bi%3A1%3Bs%3A32%3A%22ZcmHi9Me7tTq8lxRSEk-tiJIb7fzrMEn%22%3B%7D'
    'HTTP_PRIORITY' => 'u=5, i'
    'HTTP_REFERER' => 'http://veigestback.dryadlang.org/user/index'
    'HTTP_SEC_GPC' => '1'
    'HTTP_X_FORWARDED_FOR' => '2001:818:e848:8200:24fc:64a9:6d8c:5ccb'
    'HTTP_X_FORWARDED_PROTO' => 'http'
    'PATH' => '/usr/local/sbin:/usr/local/bin:/usr/sbin:/usr/bin:/snap/bin'
    'SERVER_SIGNATURE' => '<address>Apache/2.4.58 (Ubuntu) Server at veigestback.dryadlang.org Port 8002</address>
'
    'SERVER_SOFTWARE' => 'Apache/2.4.58 (Ubuntu)'
    'SERVER_NAME' => 'veigestback.dryadlang.org'
    'SERVER_ADDR' => '127.0.0.1'
    'SERVER_PORT' => '8002'
    'REMOTE_ADDR' => '127.0.0.1'
    'DOCUMENT_ROOT' => '/home/pedro/facul/website-VeiGest/veigest/backend/web'
    'REQUEST_SCHEME' => 'http'
    'CONTEXT_PREFIX' => ''
    'CONTEXT_DOCUMENT_ROOT' => '/home/pedro/facul/website-VeiGest/veigest/backend/web'
    'SERVER_ADMIN' => '[no address given]'
    'SCRIPT_FILENAME' => '/home/pedro/facul/website-VeiGest/veigest/backend/web/index.php'
    'REMOTE_PORT' => '32802'
    'REDIRECT_URL' => '/img/user-placeholder.png'
    'GATEWAY_INTERFACE' => 'CGI/1.1'
    'SERVER_PROTOCOL' => 'HTTP/1.1'
    'REQUEST_METHOD' => 'GET'
    'QUERY_STRING' => ''
    'REQUEST_URI' => '/img/user-placeholder.png'
    'SCRIPT_NAME' => '/index.php'
    'PHP_SELF' => '/index.php'
    'REQUEST_TIME_FLOAT' => 1767670849.6843
    'REQUEST_TIME' => 1767670849
]
2026-01-06 03:40:50 [127.0.0.1][1][vgq4fipnevr1h18hdp7kmo1sjs][error][yii\web\HttpException:404] yii\base\InvalidRouteException: Unable to resolve the request "img/user-placeholder.png". in /home/pedro/facul/website-VeiGest/veigest/vendor/yiisoft/yii2/base/Module.php:564
Stack trace:
#0 /home/pedro/facul/website-VeiGest/veigest/vendor/yiisoft/yii2/web/Application.php(103): yii\base\Module->runAction()
#1 /home/pedro/facul/website-VeiGest/veigest/vendor/yiisoft/yii2/base/Application.php(387): yii\web\Application->handleRequest()
#2 /home/pedro/facul/website-VeiGest/veigest/backend/web/index.php(18): yii\base\Application->run()
#3 {main}

Next yii\web\NotFoundHttpException: Page not found. in /home/pedro/facul/website-VeiGest/veigest/vendor/yiisoft/yii2/web/Application.php:115
Stack trace:
#0 /home/pedro/facul/website-VeiGest/veigest/vendor/yiisoft/yii2/base/Application.php(387): yii\web\Application->handleRequest()
#1 /home/pedro/facul/website-VeiGest/veigest/backend/web/index.php(18): yii\base\Application->run()
#2 {main}
2026-01-06 03:40:50 [127.0.0.1][1][vgq4fipnevr1h18hdp7kmo1sjs][info][application] $_GET = []

$_POST = []

$_FILES = []

$_COOKIE = [
    'VeiGestSession' => 'vgq4fipnevr1h18hdp7kmo1sjs'
    '_csrf' => '5d13557abda89bab040ccd6c11ef79bd916ad17cbc0568e04a4a4138b90a5cb2a:2:{i:0;s:5:\"_csrf\";i:1;s:32:\"ZcmHi9Me7tTq8lxRSEk-tiJIb7fzrMEn\";}'
]

$_SESSION = [
    '__flash' => []
    '__id' => 1
    '__authKey' => 'd02deafde97d6cf7e1a839ddd51541de'
]

$_SERVER = [
    'REDIRECT_STATUS' => '200'
    'HTTP_HOST' => 'veigestback.dryadlang.org'
    'HTTP_USER_AGENT' => 'Mozilla/5.0 (Windows NT 10.0; Win64; x64; rv:146.0) Gecko/20100101 Firefox/146.0'
    'HTTP_ACCEPT' => 'image/avif,image/webp,image/png,image/svg+xml,image/*;q=0.8,*/*;q=0.5'
    'HTTP_ACCEPT_ENCODING' => 'gzip'
    'HTTP_ACCEPT_LANGUAGE' => 'pt-PT,pt;q=0.8,en-US;q=0.5,en;q=0.3'
    'HTTP_CDN_LOOP' => 'cloudflare; loops=1'
    'HTTP_CF_CONNECTING_IP' => '2001:818:e848:8200:24fc:64a9:6d8c:5ccb'
    'HTTP_CF_IPCOUNTRY' => 'PT'
    'HTTP_CF_RAY' => '9b98324008d0e3b0-LIS'
    'HTTP_CF_VISITOR' => '{\"scheme\":\"http\"}'
    'HTTP_CF_WARP_TAG_ID' => 'f5bcc1c9-1522-405b-9562-82cfc34acae8'
    'HTTP_CONNECTION' => 'keep-alive'
    'HTTP_COOKIE' => 'VeiGestSession=vgq4fipnevr1h18hdp7kmo1sjs; _csrf=5d13557abda89bab040ccd6c11ef79bd916ad17cbc0568e04a4a4138b90a5cb2a%3A2%3A%7Bi%3A0%3Bs%3A5%3A%22_csrf%22%3Bi%3A1%3Bs%3A32%3A%22ZcmHi9Me7tTq8lxRSEk-tiJIb7fzrMEn%22%3B%7D'
    'HTTP_PRIORITY' => 'u=5, i'
    'HTTP_REFERER' => 'http://veigestback.dryadlang.org/system/settings'
    'HTTP_SEC_GPC' => '1'
    'HTTP_X_FORWARDED_FOR' => '2001:818:e848:8200:24fc:64a9:6d8c:5ccb'
    'HTTP_X_FORWARDED_PROTO' => 'http'
    'PATH' => '/usr/local/sbin:/usr/local/bin:/usr/sbin:/usr/bin:/snap/bin'
    'SERVER_SIGNATURE' => '<address>Apache/2.4.58 (Ubuntu) Server at veigestback.dryadlang.org Port 8002</address>
'
    'SERVER_SOFTWARE' => 'Apache/2.4.58 (Ubuntu)'
    'SERVER_NAME' => 'veigestback.dryadlang.org'
    'SERVER_ADDR' => '127.0.0.1'
    'SERVER_PORT' => '8002'
    'REMOTE_ADDR' => '127.0.0.1'
    'DOCUMENT_ROOT' => '/home/pedro/facul/website-VeiGest/veigest/backend/web'
    'REQUEST_SCHEME' => 'http'
    'CONTEXT_PREFIX' => ''
    'CONTEXT_DOCUMENT_ROOT' => '/home/pedro/facul/website-VeiGest/veigest/backend/web'
    'SERVER_ADMIN' => '[no address given]'
    'SCRIPT_FILENAME' => '/home/pedro/facul/website-VeiGest/veigest/backend/web/index.php'
    'REMOTE_PORT' => '32802'
    'REDIRECT_URL' => '/img/user-placeholder.png'
    'GATEWAY_INTERFACE' => 'CGI/1.1'
    'SERVER_PROTOCOL' => 'HTTP/1.1'
    'REQUEST_METHOD' => 'GET'
    'QUERY_STRING' => ''
    'REQUEST_URI' => '/img/user-placeholder.png'
    'SCRIPT_NAME' => '/index.php'
    'PHP_SELF' => '/index.php'
    'REQUEST_TIME_FLOAT' => 1767670850.5726
    'REQUEST_TIME' => 1767670850
]
2026-01-06 03:40:54 [127.0.0.1][1][vgq4fipnevr1h18hdp7kmo1sjs][error][yii\web\HttpException:404] yii\base\InvalidRouteException: Unable to resolve the request "img/user-placeholder.png". in /home/pedro/facul/website-VeiGest/veigest/vendor/yiisoft/yii2/base/Module.php:564
Stack trace:
#0 /home/pedro/facul/website-VeiGest/veigest/vendor/yiisoft/yii2/web/Application.php(103): yii\base\Module->runAction()
#1 /home/pedro/facul/website-VeiGest/veigest/vendor/yiisoft/yii2/base/Application.php(387): yii\web\Application->handleRequest()
#2 /home/pedro/facul/website-VeiGest/veigest/backend/web/index.php(18): yii\base\Application->run()
#3 {main}

Next yii\web\NotFoundHttpException: Page not found. in /home/pedro/facul/website-VeiGest/veigest/vendor/yiisoft/yii2/web/Application.php:115
Stack trace:
#0 /home/pedro/facul/website-VeiGest/veigest/vendor/yiisoft/yii2/base/Application.php(387): yii\web\Application->handleRequest()
#1 /home/pedro/facul/website-VeiGest/veigest/backend/web/index.php(18): yii\base\Application->run()
#2 {main}
2026-01-06 03:40:54 [127.0.0.1][1][vgq4fipnevr1h18hdp7kmo1sjs][info][application] $_GET = []

$_POST = []

$_FILES = []

$_COOKIE = [
    'VeiGestSession' => 'vgq4fipnevr1h18hdp7kmo1sjs'
    '_csrf' => '5d13557abda89bab040ccd6c11ef79bd916ad17cbc0568e04a4a4138b90a5cb2a:2:{i:0;s:5:\"_csrf\";i:1;s:32:\"ZcmHi9Me7tTq8lxRSEk-tiJIb7fzrMEn\";}'
]

$_SESSION = [
    '__flash' => []
    '__id' => 1
    '__authKey' => 'd02deafde97d6cf7e1a839ddd51541de'
]

$_SERVER = [
    'REDIRECT_STATUS' => '200'
    'HTTP_HOST' => 'veigestback.dryadlang.org'
    'HTTP_USER_AGENT' => 'Mozilla/5.0 (Windows NT 10.0; Win64; x64; rv:146.0) Gecko/20100101 Firefox/146.0'
    'HTTP_ACCEPT' => 'image/avif,image/webp,image/png,image/svg+xml,image/*;q=0.8,*/*;q=0.5'
    'HTTP_ACCEPT_ENCODING' => 'gzip'
    'HTTP_ACCEPT_LANGUAGE' => 'pt-PT,pt;q=0.8,en-US;q=0.5,en;q=0.3'
    'HTTP_CDN_LOOP' => 'cloudflare; loops=1'
    'HTTP_CF_CONNECTING_IP' => '2001:818:e848:8200:24fc:64a9:6d8c:5ccb'
    'HTTP_CF_IPCOUNTRY' => 'PT'
    'HTTP_CF_RAY' => '9b983256b94de3b0-LIS'
    'HTTP_CF_VISITOR' => '{\"scheme\":\"http\"}'
    'HTTP_CF_WARP_TAG_ID' => 'f5bcc1c9-1522-405b-9562-82cfc34acae8'
    'HTTP_CONNECTION' => 'keep-alive'
    'HTTP_COOKIE' => 'VeiGestSession=vgq4fipnevr1h18hdp7kmo1sjs; _csrf=5d13557abda89bab040ccd6c11ef79bd916ad17cbc0568e04a4a4138b90a5cb2a%3A2%3A%7Bi%3A0%3Bs%3A5%3A%22_csrf%22%3Bi%3A1%3Bs%3A32%3A%22ZcmHi9Me7tTq8lxRSEk-tiJIb7fzrMEn%22%3B%7D'
    'HTTP_PRIORITY' => 'u=4, i'
    'HTTP_REFERER' => 'http://veigestback.dryadlang.org/company/index'
    'HTTP_SEC_GPC' => '1'
    'HTTP_X_FORWARDED_FOR' => '2001:818:e848:8200:24fc:64a9:6d8c:5ccb'
    'HTTP_X_FORWARDED_PROTO' => 'http'
    'PATH' => '/usr/local/sbin:/usr/local/bin:/usr/sbin:/usr/bin:/snap/bin'
    'SERVER_SIGNATURE' => '<address>Apache/2.4.58 (Ubuntu) Server at veigestback.dryadlang.org Port 8002</address>
'
    'SERVER_SOFTWARE' => 'Apache/2.4.58 (Ubuntu)'
    'SERVER_NAME' => 'veigestback.dryadlang.org'
    'SERVER_ADDR' => '127.0.0.1'
    'SERVER_PORT' => '8002'
    'REMOTE_ADDR' => '127.0.0.1'
    'DOCUMENT_ROOT' => '/home/pedro/facul/website-VeiGest/veigest/backend/web'
    'REQUEST_SCHEME' => 'http'
    'CONTEXT_PREFIX' => ''
    'CONTEXT_DOCUMENT_ROOT' => '/home/pedro/facul/website-VeiGest/veigest/backend/web'
    'SERVER_ADMIN' => '[no address given]'
    'SCRIPT_FILENAME' => '/home/pedro/facul/website-VeiGest/veigest/backend/web/index.php'
    'REMOTE_PORT' => '32802'
    'REDIRECT_URL' => '/img/user-placeholder.png'
    'GATEWAY_INTERFACE' => 'CGI/1.1'
    'SERVER_PROTOCOL' => 'HTTP/1.1'
    'REQUEST_METHOD' => 'GET'
    'QUERY_STRING' => ''
    'REQUEST_URI' => '/img/user-placeholder.png'
    'SCRIPT_NAME' => '/index.php'
    'PHP_SELF' => '/index.php'
    'REQUEST_TIME_FLOAT' => 1767670854.2057
    'REQUEST_TIME' => 1767670854
]
2026-01-06 03:41:08 [127.0.0.1][1][vgq4fipnevr1h18hdp7kmo1sjs][error][yii\web\HttpException:404] yii\base\InvalidRouteException: Unable to resolve the request "img/user-placeholder.png". in /home/pedro/facul/website-VeiGest/veigest/vendor/yiisoft/yii2/base/Module.php:564
Stack trace:
#0 /home/pedro/facul/website-VeiGest/veigest/vendor/yiisoft/yii2/web/Application.php(103): yii\base\Module->runAction()
#1 /home/pedro/facul/website-VeiGest/veigest/vendor/yiisoft/yii2/base/Application.php(387): yii\web\Application->handleRequest()
#2 /home/pedro/facul/website-VeiGest/veigest/backend/web/index.php(18): yii\base\Application->run()
#3 {main}

Next yii\web\NotFoundHttpException: Page not found. in /home/pedro/facul/website-VeiGest/veigest/vendor/yiisoft/yii2/web/Application.php:115
Stack trace:
#0 /home/pedro/facul/website-VeiGest/veigest/vendor/yiisoft/yii2/base/Application.php(387): yii\web\Application->handleRequest()
#1 /home/pedro/facul/website-VeiGest/veigest/backend/web/index.php(18): yii\base\Application->run()
#2 {main}
2026-01-06 03:41:08 [127.0.0.1][1][vgq4fipnevr1h18hdp7kmo1sjs][info][application] $_GET = []

$_POST = []

$_FILES = []

$_COOKIE = [
    'VeiGestSession' => 'vgq4fipnevr1h18hdp7kmo1sjs'
    '_csrf' => '5d13557abda89bab040ccd6c11ef79bd916ad17cbc0568e04a4a4138b90a5cb2a:2:{i:0;s:5:\"_csrf\";i:1;s:32:\"ZcmHi9Me7tTq8lxRSEk-tiJIb7fzrMEn\";}'
]

$_SESSION = [
    '__flash' => []
    '__id' => 1
    '__authKey' => 'd02deafde97d6cf7e1a839ddd51541de'
]

$_SERVER = [
    'REDIRECT_STATUS' => '200'
    'HTTP_HOST' => 'veigestback.dryadlang.org'
    'HTTP_USER_AGENT' => 'Mozilla/5.0 (Windows NT 10.0; Win64; x64; rv:146.0) Gecko/20100101 Firefox/146.0'
    'HTTP_ACCEPT' => 'image/avif,image/webp,image/png,image/svg+xml,image/*;q=0.8,*/*;q=0.5'
    'HTTP_ACCEPT_ENCODING' => 'gzip'
    'HTTP_ACCEPT_LANGUAGE' => 'pt-PT,pt;q=0.8,en-US;q=0.5,en;q=0.3'
    'HTTP_CDN_LOOP' => 'cloudflare; loops=1'
    'HTTP_CF_CONNECTING_IP' => '2001:818:e848:8200:24fc:64a9:6d8c:5ccb'
    'HTTP_CF_IPCOUNTRY' => 'PT'
    'HTTP_CF_RAY' => '9b9832b26face3b0-LIS'
    'HTTP_CF_VISITOR' => '{\"scheme\":\"http\"}'
    'HTTP_CF_WARP_TAG_ID' => 'f5bcc1c9-1522-405b-9562-82cfc34acae8'
    'HTTP_CONNECTION' => 'keep-alive'
    'HTTP_COOKIE' => 'VeiGestSession=vgq4fipnevr1h18hdp7kmo1sjs; _csrf=5d13557abda89bab040ccd6c11ef79bd916ad17cbc0568e04a4a4138b90a5cb2a%3A2%3A%7Bi%3A0%3Bs%3A5%3A%22_csrf%22%3Bi%3A1%3Bs%3A32%3A%22ZcmHi9Me7tTq8lxRSEk-tiJIb7fzrMEn%22%3B%7D'
    'HTTP_PRIORITY' => 'u=4, i'
    'HTTP_REFERER' => 'http://veigestback.dryadlang.org/company/create'
    'HTTP_SEC_GPC' => '1'
    'HTTP_X_FORWARDED_FOR' => '2001:818:e848:8200:24fc:64a9:6d8c:5ccb'
    'HTTP_X_FORWARDED_PROTO' => 'http'
    'PATH' => '/usr/local/sbin:/usr/local/bin:/usr/sbin:/usr/bin:/snap/bin'
    'SERVER_SIGNATURE' => '<address>Apache/2.4.58 (Ubuntu) Server at veigestback.dryadlang.org Port 8002</address>
'
    'SERVER_SOFTWARE' => 'Apache/2.4.58 (Ubuntu)'
    'SERVER_NAME' => 'veigestback.dryadlang.org'
    'SERVER_ADDR' => '127.0.0.1'
    'SERVER_PORT' => '8002'
    'REMOTE_ADDR' => '127.0.0.1'
    'DOCUMENT_ROOT' => '/home/pedro/facul/website-VeiGest/veigest/backend/web'
    'REQUEST_SCHEME' => 'http'
    'CONTEXT_PREFIX' => ''
    'CONTEXT_DOCUMENT_ROOT' => '/home/pedro/facul/website-VeiGest/veigest/backend/web'
    'SERVER_ADMIN' => '[no address given]'
    'SCRIPT_FILENAME' => '/home/pedro/facul/website-VeiGest/veigest/backend/web/index.php'
    'REMOTE_PORT' => '49652'
    'REDIRECT_URL' => '/img/user-placeholder.png'
    'GATEWAY_INTERFACE' => 'CGI/1.1'
    'SERVER_PROTOCOL' => 'HTTP/1.1'
    'REQUEST_METHOD' => 'GET'
    'QUERY_STRING' => ''
    'REQUEST_URI' => '/img/user-placeholder.png'
    'SCRIPT_NAME' => '/index.php'
    'PHP_SELF' => '/index.php'
    'REQUEST_TIME_FLOAT' => 1767670868.8714
    'REQUEST_TIME' => 1767670868
]
2026-01-06 03:41:10 [127.0.0.1][1][vgq4fipnevr1h18hdp7kmo1sjs][error][yii\web\HttpException:404] yii\base\InvalidRouteException: Unable to resolve the request "img/user-placeholder.png". in /home/pedro/facul/website-VeiGest/veigest/vendor/yiisoft/yii2/base/Module.php:564
Stack trace:
#0 /home/pedro/facul/website-VeiGest/veigest/vendor/yiisoft/yii2/web/Application.php(103): yii\base\Module->runAction()
#1 /home/pedro/facul/website-VeiGest/veigest/vendor/yiisoft/yii2/base/Application.php(387): yii\web\Application->handleRequest()
#2 /home/pedro/facul/website-VeiGest/veigest/backend/web/index.php(18): yii\base\Application->run()
#3 {main}

Next yii\web\NotFoundHttpException: Page not found. in /home/pedro/facul/website-VeiGest/veigest/vendor/yiisoft/yii2/web/Application.php:115
Stack trace:
#0 /home/pedro/facul/website-VeiGest/veigest/vendor/yiisoft/yii2/base/Application.php(387): yii\web\Application->handleRequest()
#1 /home/pedro/facul/website-VeiGest/veigest/backend/web/index.php(18): yii\base\Application->run()
#2 {main}
2026-01-06 03:41:10 [127.0.0.1][1][vgq4fipnevr1h18hdp7kmo1sjs][info][application] $_GET = []

$_POST = []

$_FILES = []

$_COOKIE = [
    'VeiGestSession' => 'vgq4fipnevr1h18hdp7kmo1sjs'
    '_csrf' => '5d13557abda89bab040ccd6c11ef79bd916ad17cbc0568e04a4a4138b90a5cb2a:2:{i:0;s:5:\"_csrf\";i:1;s:32:\"ZcmHi9Me7tTq8lxRSEk-tiJIb7fzrMEn\";}'
]

$_SESSION = [
    '__flash' => []
    '__id' => 1
    '__authKey' => 'd02deafde97d6cf7e1a839ddd51541de'
]

$_SERVER = [
    'REDIRECT_STATUS' => '200'
    'HTTP_HOST' => 'veigestback.dryadlang.org'
    'HTTP_USER_AGENT' => 'Mozilla/5.0 (Windows NT 10.0; Win64; x64; rv:146.0) Gecko/20100101 Firefox/146.0'
    'HTTP_ACCEPT' => 'image/avif,image/webp,image/png,image/svg+xml,image/*;q=0.8,*/*;q=0.5'
    'HTTP_ACCEPT_ENCODING' => 'gzip'
    'HTTP_ACCEPT_LANGUAGE' => 'pt-PT,pt;q=0.8,en-US;q=0.5,en;q=0.3'
    'HTTP_CDN_LOOP' => 'cloudflare; loops=1'
    'HTTP_CF_CONNECTING_IP' => '2001:818:e848:8200:24fc:64a9:6d8c:5ccb'
    'HTTP_CF_IPCOUNTRY' => 'PT'
    'HTTP_CF_RAY' => '9b9832be7b48e3b0-LIS'
    'HTTP_CF_VISITOR' => '{\"scheme\":\"http\"}'
    'HTTP_CF_WARP_TAG_ID' => 'f5bcc1c9-1522-405b-9562-82cfc34acae8'
    'HTTP_CONNECTION' => 'keep-alive'
    'HTTP_COOKIE' => 'VeiGestSession=vgq4fipnevr1h18hdp7kmo1sjs; _csrf=5d13557abda89bab040ccd6c11ef79bd916ad17cbc0568e04a4a4138b90a5cb2a%3A2%3A%7Bi%3A0%3Bs%3A5%3A%22_csrf%22%3Bi%3A1%3Bs%3A32%3A%22ZcmHi9Me7tTq8lxRSEk-tiJIb7fzrMEn%22%3B%7D'
    'HTTP_PRIORITY' => 'u=4, i'
    'HTTP_REFERER' => 'http://veigestback.dryadlang.org/company/index'
    'HTTP_SEC_GPC' => '1'
    'HTTP_X_FORWARDED_FOR' => '2001:818:e848:8200:24fc:64a9:6d8c:5ccb'
    'HTTP_X_FORWARDED_PROTO' => 'http'
    'PATH' => '/usr/local/sbin:/usr/local/bin:/usr/sbin:/usr/bin:/snap/bin'
    'SERVER_SIGNATURE' => '<address>Apache/2.4.58 (Ubuntu) Server at veigestback.dryadlang.org Port 8002</address>
'
    'SERVER_SOFTWARE' => 'Apache/2.4.58 (Ubuntu)'
    'SERVER_NAME' => 'veigestback.dryadlang.org'
    'SERVER_ADDR' => '127.0.0.1'
    'SERVER_PORT' => '8002'
    'REMOTE_ADDR' => '127.0.0.1'
    'DOCUMENT_ROOT' => '/home/pedro/facul/website-VeiGest/veigest/backend/web'
    'REQUEST_SCHEME' => 'http'
    'CONTEXT_PREFIX' => ''
    'CONTEXT_DOCUMENT_ROOT' => '/home/pedro/facul/website-VeiGest/veigest/backend/web'
    'SERVER_ADMIN' => '[no address given]'
    'SCRIPT_FILENAME' => '/home/pedro/facul/website-VeiGest/veigest/backend/web/index.php'
    'REMOTE_PORT' => '49652'
    'REDIRECT_URL' => '/img/user-placeholder.png'
    'GATEWAY_INTERFACE' => 'CGI/1.1'
    'SERVER_PROTOCOL' => 'HTTP/1.1'
    'REQUEST_METHOD' => 'GET'
    'QUERY_STRING' => ''
    'REQUEST_URI' => '/img/user-placeholder.png'
    'SCRIPT_NAME' => '/index.php'
    'PHP_SELF' => '/index.php'
    'REQUEST_TIME_FLOAT' => 1767670870.8018
    'REQUEST_TIME' => 1767670870
]
2026-01-06 03:41:14 [127.0.0.1][1][vgq4fipnevr1h18hdp7kmo1sjs][error][yii\web\HttpException:404] yii\base\InvalidRouteException: Unable to resolve the request "img/user-placeholder.png". in /home/pedro/facul/website-VeiGest/veigest/vendor/yiisoft/yii2/base/Module.php:564
Stack trace:
#0 /home/pedro/facul/website-VeiGest/veigest/vendor/yiisoft/yii2/web/Application.php(103): yii\base\Module->runAction()
#1 /home/pedro/facul/website-VeiGest/veigest/vendor/yiisoft/yii2/base/Application.php(387): yii\web\Application->handleRequest()
#2 /home/pedro/facul/website-VeiGest/veigest/backend/web/index.php(18): yii\base\Application->run()
#3 {main}

Next yii\web\NotFoundHttpException: Page not found. in /home/pedro/facul/website-VeiGest/veigest/vendor/yiisoft/yii2/web/Application.php:115
Stack trace:
#0 /home/pedro/facul/website-VeiGest/veigest/vendor/yiisoft/yii2/base/Application.php(387): yii\web\Application->handleRequest()
#1 /home/pedro/facul/website-VeiGest/veigest/backend/web/index.php(18): yii\base\Application->run()
#2 {main}
2026-01-06 03:41:14 [127.0.0.1][1][vgq4fipnevr1h18hdp7kmo1sjs][info][application] $_GET = []

$_POST = []

$_FILES = []

$_COOKIE = [
    'VeiGestSession' => 'vgq4fipnevr1h18hdp7kmo1sjs'
    '_csrf' => '5d13557abda89bab040ccd6c11ef79bd916ad17cbc0568e04a4a4138b90a5cb2a:2:{i:0;s:5:\"_csrf\";i:1;s:32:\"ZcmHi9Me7tTq8lxRSEk-tiJIb7fzrMEn\";}'
]

$_SESSION = [
    '__flash' => []
    '__id' => 1
    '__authKey' => 'd02deafde97d6cf7e1a839ddd51541de'
]

$_SERVER = [
    'REDIRECT_STATUS' => '200'
    'HTTP_HOST' => 'veigestback.dryadlang.org'
    'HTTP_USER_AGENT' => 'Mozilla/5.0 (Windows NT 10.0; Win64; x64; rv:146.0) Gecko/20100101 Firefox/146.0'
    'HTTP_ACCEPT' => 'image/avif,image/webp,image/png,image/svg+xml,image/*;q=0.8,*/*;q=0.5'
    'HTTP_ACCEPT_ENCODING' => 'gzip'
    'HTTP_ACCEPT_LANGUAGE' => 'pt-PT,pt;q=0.8,en-US;q=0.5,en;q=0.3'
    'HTTP_CDN_LOOP' => 'cloudflare; loops=1'
    'HTTP_CF_CONNECTING_IP' => '2001:818:e848:8200:24fc:64a9:6d8c:5ccb'
    'HTTP_CF_IPCOUNTRY' => 'PT'
    'HTTP_CF_RAY' => '9b9832d88c03e3b0-LIS'
    'HTTP_CF_VISITOR' => '{\"scheme\":\"http\"}'
    'HTTP_CF_WARP_TAG_ID' => 'f5bcc1c9-1522-405b-9562-82cfc34acae8'
    'HTTP_CONNECTION' => 'keep-alive'
    'HTTP_COOKIE' => 'VeiGestSession=vgq4fipnevr1h18hdp7kmo1sjs; _csrf=5d13557abda89bab040ccd6c11ef79bd916ad17cbc0568e04a4a4138b90a5cb2a%3A2%3A%7Bi%3A0%3Bs%3A5%3A%22_csrf%22%3Bi%3A1%3Bs%3A32%3A%22ZcmHi9Me7tTq8lxRSEk-tiJIb7fzrMEn%22%3B%7D'
    'HTTP_PRIORITY' => 'u=5, i'
    'HTTP_REFERER' => 'http://veigestback.dryadlang.org/site/index'
    'HTTP_SEC_GPC' => '1'
    'HTTP_X_FORWARDED_FOR' => '2001:818:e848:8200:24fc:64a9:6d8c:5ccb'
    'HTTP_X_FORWARDED_PROTO' => 'http'
    'PATH' => '/usr/local/sbin:/usr/local/bin:/usr/sbin:/usr/bin:/snap/bin'
    'SERVER_SIGNATURE' => '<address>Apache/2.4.58 (Ubuntu) Server at veigestback.dryadlang.org Port 8002</address>
'
    'SERVER_SOFTWARE' => 'Apache/2.4.58 (Ubuntu)'
    'SERVER_NAME' => 'veigestback.dryadlang.org'
    'SERVER_ADDR' => '127.0.0.1'
    'SERVER_PORT' => '8002'
    'REMOTE_ADDR' => '127.0.0.1'
    'DOCUMENT_ROOT' => '/home/pedro/facul/website-VeiGest/veigest/backend/web'
    'REQUEST_SCHEME' => 'http'
    'CONTEXT_PREFIX' => ''
    'CONTEXT_DOCUMENT_ROOT' => '/home/pedro/facul/website-VeiGest/veigest/backend/web'
    'SERVER_ADMIN' => '[no address given]'
    'SCRIPT_FILENAME' => '/home/pedro/facul/website-VeiGest/veigest/backend/web/index.php'
    'REMOTE_PORT' => '49652'
    'REDIRECT_URL' => '/img/user-placeholder.png'
    'GATEWAY_INTERFACE' => 'CGI/1.1'
    'SERVER_PROTOCOL' => 'HTTP/1.1'
    'REQUEST_METHOD' => 'GET'
    'QUERY_STRING' => ''
    'REQUEST_URI' => '/img/user-placeholder.png'
    'SCRIPT_NAME' => '/index.php'
    'PHP_SELF' => '/index.php'
    'REQUEST_TIME_FLOAT' => 1767670874.9744
    'REQUEST_TIME' => 1767670874
]
2026-01-06 03:41:43 [127.0.0.1][1][vgq4fipnevr1h18hdp7kmo1sjs][error][yii\web\HttpException:404] yii\base\InvalidRouteException: Unable to resolve the request "img/user-placeholder.png". in /home/pedro/facul/website-VeiGest/veigest/vendor/yiisoft/yii2/base/Module.php:564
Stack trace:
#0 /home/pedro/facul/website-VeiGest/veigest/vendor/yiisoft/yii2/web/Application.php(103): yii\base\Module->runAction()
#1 /home/pedro/facul/website-VeiGest/veigest/vendor/yiisoft/yii2/base/Application.php(387): yii\web\Application->handleRequest()
#2 /home/pedro/facul/website-VeiGest/veigest/backend/web/index.php(18): yii\base\Application->run()
#3 {main}

Next yii\web\NotFoundHttpException: Page not found. in /home/pedro/facul/website-VeiGest/veigest/vendor/yiisoft/yii2/web/Application.php:115
Stack trace:
#0 /home/pedro/facul/website-VeiGest/veigest/vendor/yiisoft/yii2/base/Application.php(387): yii\web\Application->handleRequest()
#1 /home/pedro/facul/website-VeiGest/veigest/backend/web/index.php(18): yii\base\Application->run()
#2 {main}
2026-01-06 03:41:43 [127.0.0.1][1][vgq4fipnevr1h18hdp7kmo1sjs][info][application] $_GET = []

$_POST = []

$_FILES = []

$_COOKIE = [
    'VeiGestSession' => 'vgq4fipnevr1h18hdp7kmo1sjs'
    '_csrf' => '5d13557abda89bab040ccd6c11ef79bd916ad17cbc0568e04a4a4138b90a5cb2a:2:{i:0;s:5:\"_csrf\";i:1;s:32:\"ZcmHi9Me7tTq8lxRSEk-tiJIb7fzrMEn\";}'
]

$_SESSION = [
    '__flash' => []
    '__id' => 1
    '__authKey' => 'd02deafde97d6cf7e1a839ddd51541de'
]

$_SERVER = [
    'REDIRECT_STATUS' => '200'
    'HTTP_HOST' => 'veigestback.dryadlang.org'
    'HTTP_USER_AGENT' => 'Mozilla/5.0 (Windows NT 10.0; Win64; x64; rv:146.0) Gecko/20100101 Firefox/146.0'
    'HTTP_ACCEPT' => 'image/avif,image/webp,image/png,image/svg+xml,image/*;q=0.8,*/*;q=0.5'
    'HTTP_ACCEPT_ENCODING' => 'gzip'
    'HTTP_ACCEPT_LANGUAGE' => 'pt-PT,pt;q=0.8,en-US;q=0.5,en;q=0.3'
    'HTTP_CDN_LOOP' => 'cloudflare; loops=1'
    'HTTP_CF_CONNECTING_IP' => '2001:818:e848:8200:24fc:64a9:6d8c:5ccb'
    'HTTP_CF_IPCOUNTRY' => 'PT'
    'HTTP_CF_RAY' => '9b98338cdc7fe3b0-LIS'
    'HTTP_CF_VISITOR' => '{\"scheme\":\"http\"}'
    'HTTP_CF_WARP_TAG_ID' => 'f5bcc1c9-1522-405b-9562-82cfc34acae8'
    'HTTP_CONNECTION' => 'keep-alive'
    'HTTP_COOKIE' => 'VeiGestSession=vgq4fipnevr1h18hdp7kmo1sjs; _csrf=5d13557abda89bab040ccd6c11ef79bd916ad17cbc0568e04a4a4138b90a5cb2a%3A2%3A%7Bi%3A0%3Bs%3A5%3A%22_csrf%22%3Bi%3A1%3Bs%3A32%3A%22ZcmHi9Me7tTq8lxRSEk-tiJIb7fzrMEn%22%3B%7D'
    'HTTP_PRIORITY' => 'u=5, i'
    'HTTP_REFERER' => 'http://veigestback.dryadlang.org/user/view?id=1'
    'HTTP_SEC_GPC' => '1'
    'HTTP_X_FORWARDED_FOR' => '2001:818:e848:8200:24fc:64a9:6d8c:5ccb'
    'HTTP_X_FORWARDED_PROTO' => 'http'
    'PATH' => '/usr/local/sbin:/usr/local/bin:/usr/sbin:/usr/bin:/snap/bin'
    'SERVER_SIGNATURE' => '<address>Apache/2.4.58 (Ubuntu) Server at veigestback.dryadlang.org Port 8002</address>
'
    'SERVER_SOFTWARE' => 'Apache/2.4.58 (Ubuntu)'
    'SERVER_NAME' => 'veigestback.dryadlang.org'
    'SERVER_ADDR' => '127.0.0.1'
    'SERVER_PORT' => '8002'
    'REMOTE_ADDR' => '127.0.0.1'
    'DOCUMENT_ROOT' => '/home/pedro/facul/website-VeiGest/veigest/backend/web'
    'REQUEST_SCHEME' => 'http'
    'CONTEXT_PREFIX' => ''
    'CONTEXT_DOCUMENT_ROOT' => '/home/pedro/facul/website-VeiGest/veigest/backend/web'
    'SERVER_ADMIN' => '[no address given]'
    'SCRIPT_FILENAME' => '/home/pedro/facul/website-VeiGest/veigest/backend/web/index.php'
    'REMOTE_PORT' => '38498'
    'REDIRECT_URL' => '/img/user-placeholder.png'
    'GATEWAY_INTERFACE' => 'CGI/1.1'
    'SERVER_PROTOCOL' => 'HTTP/1.1'
    'REQUEST_METHOD' => 'GET'
    'QUERY_STRING' => ''
    'REQUEST_URI' => '/img/user-placeholder.png'
    'SCRIPT_NAME' => '/index.php'
    'PHP_SELF' => '/index.php'
    'REQUEST_TIME_FLOAT' => 1767670903.8249
    'REQUEST_TIME' => 1767670903
]
2026-01-06 03:41:53 [127.0.0.1][1][vgq4fipnevr1h18hdp7kmo1sjs][error][yii\web\HttpException:404] yii\base\InvalidRouteException: Unable to resolve the request "img/user-placeholder.png". in /home/pedro/facul/website-VeiGest/veigest/vendor/yiisoft/yii2/base/Module.php:564
Stack trace:
#0 /home/pedro/facul/website-VeiGest/veigest/vendor/yiisoft/yii2/web/Application.php(103): yii\base\Module->runAction()
#1 /home/pedro/facul/website-VeiGest/veigest/vendor/yiisoft/yii2/base/Application.php(387): yii\web\Application->handleRequest()
#2 /home/pedro/facul/website-VeiGest/veigest/backend/web/index.php(18): yii\base\Application->run()
#3 {main}

Next yii\web\NotFoundHttpException: Page not found. in /home/pedro/facul/website-VeiGest/veigest/vendor/yiisoft/yii2/web/Application.php:115
Stack trace:
#0 /home/pedro/facul/website-VeiGest/veigest/vendor/yiisoft/yii2/base/Application.php(387): yii\web\Application->handleRequest()
#1 /home/pedro/facul/website-VeiGest/veigest/backend/web/index.php(18): yii\base\Application->run()
#2 {main}
2026-01-06 03:41:53 [127.0.0.1][1][vgq4fipnevr1h18hdp7kmo1sjs][info][application] $_GET = []

$_POST = []

$_FILES = []

$_COOKIE = [
    'VeiGestSession' => 'vgq4fipnevr1h18hdp7kmo1sjs'
    '_csrf' => '5d13557abda89bab040ccd6c11ef79bd916ad17cbc0568e04a4a4138b90a5cb2a:2:{i:0;s:5:\"_csrf\";i:1;s:32:\"ZcmHi9Me7tTq8lxRSEk-tiJIb7fzrMEn\";}'
]

$_SESSION = [
    '__flash' => []
    '__id' => 1
    '__authKey' => 'd02deafde97d6cf7e1a839ddd51541de'
]

$_SERVER = [
    'REDIRECT_STATUS' => '200'
    'HTTP_HOST' => 'veigestback.dryadlang.org'
    'HTTP_USER_AGENT' => 'Mozilla/5.0 (Windows NT 10.0; Win64; x64; rv:146.0) Gecko/20100101 Firefox/146.0'
    'HTTP_ACCEPT' => 'image/avif,image/webp,image/png,image/svg+xml,image/*;q=0.8,*/*;q=0.5'
    'HTTP_ACCEPT_ENCODING' => 'gzip'
    'HTTP_ACCEPT_LANGUAGE' => 'pt-PT,pt;q=0.8,en-US;q=0.5,en;q=0.3'
    'HTTP_CDN_LOOP' => 'cloudflare; loops=1'
    'HTTP_CF_CONNECTING_IP' => '2001:818:e848:8200:24fc:64a9:6d8c:5ccb'
    'HTTP_CF_IPCOUNTRY' => 'PT'
    'HTTP_CF_RAY' => '9b9833c69d3ee3b0-LIS'
    'HTTP_CF_VISITOR' => '{\"scheme\":\"http\"}'
    'HTTP_CF_WARP_TAG_ID' => 'f5bcc1c9-1522-405b-9562-82cfc34acae8'
    'HTTP_CONNECTION' => 'keep-alive'
    'HTTP_COOKIE' => 'VeiGestSession=vgq4fipnevr1h18hdp7kmo1sjs; _csrf=5d13557abda89bab040ccd6c11ef79bd916ad17cbc0568e04a4a4138b90a5cb2a%3A2%3A%7Bi%3A0%3Bs%3A5%3A%22_csrf%22%3Bi%3A1%3Bs%3A32%3A%22ZcmHi9Me7tTq8lxRSEk-tiJIb7fzrMEn%22%3B%7D'
    'HTTP_PRIORITY' => 'u=5, i'
    'HTTP_REFERER' => 'http://veigestback.dryadlang.org/user/index'
    'HTTP_SEC_GPC' => '1'
    'HTTP_X_FORWARDED_FOR' => '2001:818:e848:8200:24fc:64a9:6d8c:5ccb'
    'HTTP_X_FORWARDED_PROTO' => 'http'
    'PATH' => '/usr/local/sbin:/usr/local/bin:/usr/sbin:/usr/bin:/snap/bin'
    'SERVER_SIGNATURE' => '<address>Apache/2.4.58 (Ubuntu) Server at veigestback.dryadlang.org Port 8002</address>
'
    'SERVER_SOFTWARE' => 'Apache/2.4.58 (Ubuntu)'
    'SERVER_NAME' => 'veigestback.dryadlang.org'
    'SERVER_ADDR' => '127.0.0.1'
    'SERVER_PORT' => '8002'
    'REMOTE_ADDR' => '127.0.0.1'
    'DOCUMENT_ROOT' => '/home/pedro/facul/website-VeiGest/veigest/backend/web'
    'REQUEST_SCHEME' => 'http'
    'CONTEXT_PREFIX' => ''
    'CONTEXT_DOCUMENT_ROOT' => '/home/pedro/facul/website-VeiGest/veigest/backend/web'
    'SERVER_ADMIN' => '[no address given]'
    'SCRIPT_FILENAME' => '/home/pedro/facul/website-VeiGest/veigest/backend/web/index.php'
    'REMOTE_PORT' => '39470'
    'REDIRECT_URL' => '/img/user-placeholder.png'
    'GATEWAY_INTERFACE' => 'CGI/1.1'
    'SERVER_PROTOCOL' => 'HTTP/1.1'
    'REQUEST_METHOD' => 'GET'
    'QUERY_STRING' => ''
    'REQUEST_URI' => '/img/user-placeholder.png'
    'SCRIPT_NAME' => '/index.php'
    'PHP_SELF' => '/index.php'
    'REQUEST_TIME_FLOAT' => 1767670913.0671
    'REQUEST_TIME' => 1767670913
]
2026-01-06 03:42:19 [127.0.0.1][1][t2cqtcea7cvb4ejalus1m8gqdt][error][yii\web\HttpException:404] yii\base\InvalidRouteException: Unable to resolve the request "img/user-placeholder.png". in /home/pedro/facul/website-VeiGest/veigest/vendor/yiisoft/yii2/base/Module.php:564
Stack trace:
#0 /home/pedro/facul/website-VeiGest/veigest/vendor/yiisoft/yii2/web/Application.php(103): yii\base\Module->runAction()
#1 /home/pedro/facul/website-VeiGest/veigest/vendor/yiisoft/yii2/base/Application.php(387): yii\web\Application->handleRequest()
#2 /home/pedro/facul/website-VeiGest/veigest/backend/web/index.php(18): yii\base\Application->run()
#3 {main}

Next yii\web\NotFoundHttpException: Page not found. in /home/pedro/facul/website-VeiGest/veigest/vendor/yiisoft/yii2/web/Application.php:115
Stack trace:
#0 /home/pedro/facul/website-VeiGest/veigest/vendor/yiisoft/yii2/base/Application.php(387): yii\web\Application->handleRequest()
#1 /home/pedro/facul/website-VeiGest/veigest/backend/web/index.php(18): yii\base\Application->run()
#2 {main}
2026-01-06 03:42:19 [127.0.0.1][1][t2cqtcea7cvb4ejalus1m8gqdt][info][application] $_GET = []

$_POST = []

$_FILES = []

$_COOKIE = [
    'VeiGestSession' => 't2cqtcea7cvb4ejalus1m8gqdt'
    '_csrf' => 'cfd5fe81661d36cab81c63faa6bd18551fb1e7d28c36e9f45364a340819891f5a:2:{i:0;s:5:\"_csrf\";i:1;s:32:\"W0yGOjglgjd40hi5N_iCRIjOLlnq7Lt7\";}'
]

$_SESSION = [
    '__flash' => []
    '__id' => 1
    '__authKey' => 'd02deafde97d6cf7e1a839ddd51541de'
]

$_SERVER = [
    'REDIRECT_STATUS' => '200'
    'HTTP_HOST' => 'veigestback.dryadlang.org'
    'HTTP_USER_AGENT' => 'Mozilla/5.0 (Windows NT 10.0; Win64; x64; rv:146.0) Gecko/20100101 Firefox/146.0'
    'HTTP_ACCEPT' => 'image/avif,image/webp,image/png,image/svg+xml,image/*;q=0.8,*/*;q=0.5'
    'HTTP_ACCEPT_ENCODING' => 'gzip'
    'HTTP_ACCEPT_LANGUAGE' => 'pt-PT,pt;q=0.8,en-US;q=0.5,en;q=0.3'
    'HTTP_CDN_LOOP' => 'cloudflare; loops=1'
    'HTTP_CF_CONNECTING_IP' => '2001:818:e848:8200:24fc:64a9:6d8c:5ccb'
    'HTTP_CF_IPCOUNTRY' => 'PT'
    'HTTP_CF_RAY' => '9b983468fd40e3b0-LIS'
    'HTTP_CF_VISITOR' => '{\"scheme\":\"http\"}'
    'HTTP_CF_WARP_TAG_ID' => 'f5bcc1c9-1522-405b-9562-82cfc34acae8'
    'HTTP_CONNECTION' => 'keep-alive'
    'HTTP_COOKIE' => 'VeiGestSession=t2cqtcea7cvb4ejalus1m8gqdt; _csrf=cfd5fe81661d36cab81c63faa6bd18551fb1e7d28c36e9f45364a340819891f5a%3A2%3A%7Bi%3A0%3Bs%3A5%3A%22_csrf%22%3Bi%3A1%3Bs%3A32%3A%22W0yGOjglgjd40hi5N_iCRIjOLlnq7Lt7%22%3B%7D'
    'HTTP_PRIORITY' => 'u=4, i'
    'HTTP_REFERER' => 'http://veigestback.dryadlang.org/'
    'HTTP_SEC_GPC' => '1'
    'HTTP_X_FORWARDED_FOR' => '2001:818:e848:8200:24fc:64a9:6d8c:5ccb'
    'HTTP_X_FORWARDED_PROTO' => 'http'
    'PATH' => '/usr/local/sbin:/usr/local/bin:/usr/sbin:/usr/bin:/snap/bin'
    'SERVER_SIGNATURE' => '<address>Apache/2.4.58 (Ubuntu) Server at veigestback.dryadlang.org Port 8002</address>
'
    'SERVER_SOFTWARE' => 'Apache/2.4.58 (Ubuntu)'
    'SERVER_NAME' => 'veigestback.dryadlang.org'
    'SERVER_ADDR' => '127.0.0.1'
    'SERVER_PORT' => '8002'
    'REMOTE_ADDR' => '127.0.0.1'
    'DOCUMENT_ROOT' => '/home/pedro/facul/website-VeiGest/veigest/backend/web'
    'REQUEST_SCHEME' => 'http'
    'CONTEXT_PREFIX' => ''
    'CONTEXT_DOCUMENT_ROOT' => '/home/pedro/facul/website-VeiGest/veigest/backend/web'
    'SERVER_ADMIN' => '[no address given]'
    'SCRIPT_FILENAME' => '/home/pedro/facul/website-VeiGest/veigest/backend/web/index.php'
    'REMOTE_PORT' => '33342'
    'REDIRECT_URL' => '/img/user-placeholder.png'
    'GATEWAY_INTERFACE' => 'CGI/1.1'
    'SERVER_PROTOCOL' => 'HTTP/1.1'
    'REQUEST_METHOD' => 'GET'
    'QUERY_STRING' => ''
    'REQUEST_URI' => '/img/user-placeholder.png'
    'SCRIPT_NAME' => '/index.php'
    'PHP_SELF' => '/index.php'
    'REQUEST_TIME_FLOAT' => 1767670939.0433
    'REQUEST_TIME' => 1767670939
]
2026-01-06 03:49:40 [3.149.59.26][-][-][warning][yii\debug\Module::checkAccess] Access to debugger is denied due to IP address restriction. The requesting IP address is 3.149.59.26
2026-01-06 03:49:40 [3.149.59.26][-][-][info][application] $_GET = []

$_POST = []

$_FILES = []

$_COOKIE = []

$_SERVER = [
    'HTTP_HOST' => '148.71.29.109:8002'
    'HTTP_USER_AGENT' => 'cypex.ai/scanning Mozilla/5.0 (Macintosh; Intel Mac OS X 10_15_7) Chrome/126.0.0.0 Safari/537.36'
    'HTTP_ACCEPT' => '*/*'
    'HTTP_ACCEPT_ENCODING' => 'gzip'
    'PATH' => '/usr/local/sbin:/usr/local/bin:/usr/sbin:/usr/bin:/snap/bin'
    'SERVER_SIGNATURE' => '<address>Apache/2.4.58 (Ubuntu) Server at 148.71.29.109 Port 8002</address>
'
    'SERVER_SOFTWARE' => 'Apache/2.4.58 (Ubuntu)'
    'SERVER_NAME' => '148.71.29.109'
    'SERVER_ADDR' => '192.168.1.100'
    'SERVER_PORT' => '8002'
    'REMOTE_ADDR' => '3.149.59.26'
    'DOCUMENT_ROOT' => '/home/pedro/facul/website-VeiGest/veigest/backend/web'
    'REQUEST_SCHEME' => 'http'
    'CONTEXT_PREFIX' => ''
    'CONTEXT_DOCUMENT_ROOT' => '/home/pedro/facul/website-VeiGest/veigest/backend/web'
    'SERVER_ADMIN' => '[no address given]'
    'SCRIPT_FILENAME' => '/home/pedro/facul/website-VeiGest/veigest/backend/web/index.php'
    'REMOTE_PORT' => '38758'
    'GATEWAY_INTERFACE' => 'CGI/1.1'
    'SERVER_PROTOCOL' => 'HTTP/1.1'
    'REQUEST_METHOD' => 'GET'
    'QUERY_STRING' => ''
    'REQUEST_URI' => '/'
    'SCRIPT_NAME' => '/index.php'
    'PHP_SELF' => '/index.php'
    'REQUEST_TIME_FLOAT' => 1767671380.0923
    'REQUEST_TIME' => 1767671380
]
2026-01-06 03:49:40 [3.149.59.26][-][-][warning][yii\debug\Module::checkAccess] Access to debugger is denied due to IP address restriction. The requesting IP address is 3.149.59.26
    in /home/pedro/facul/website-VeiGest/veigest/backend/views/layouts/blank.php:30
    in /home/pedro/facul/website-VeiGest/veigest/backend/controllers/SiteController.php:154
2026-01-06 03:49:40 [3.149.59.26][-][-][warning][yii\debug\Module::checkAccess] Access to debugger is denied due to IP address restriction. The requesting IP address is 3.149.59.26
2026-01-06 03:49:40 [3.149.59.26][-][-][info][application] $_GET = []

$_POST = []

$_FILES = []

$_COOKIE = []

$_SERVER = [
    'REDIRECT_STATUS' => '200'
    'HTTP_HOST' => '148.71.29.109:8002'
    'HTTP_USER_AGENT' => 'cypex.ai/scanning Mozilla/5.0 (Macintosh; Intel Mac OS X 10_15_7) Chrome/126.0.0.0 Safari/537.36'
    'HTTP_ACCEPT' => '*/*'
    'HTTP_REFERER' => 'http://148.71.29.109:8002/'
    'HTTP_ACCEPT_ENCODING' => 'gzip'
    'PATH' => '/usr/local/sbin:/usr/local/bin:/usr/sbin:/usr/bin:/snap/bin'
    'SERVER_SIGNATURE' => '<address>Apache/2.4.58 (Ubuntu) Server at 148.71.29.109 Port 8002</address>
'
    'SERVER_SOFTWARE' => 'Apache/2.4.58 (Ubuntu)'
    'SERVER_NAME' => '148.71.29.109'
    'SERVER_ADDR' => '192.168.1.100'
    'SERVER_PORT' => '8002'
    'REMOTE_ADDR' => '3.149.59.26'
    'DOCUMENT_ROOT' => '/home/pedro/facul/website-VeiGest/veigest/backend/web'
    'REQUEST_SCHEME' => 'http'
    'CONTEXT_PREFIX' => ''
    'CONTEXT_DOCUMENT_ROOT' => '/home/pedro/facul/website-VeiGest/veigest/backend/web'
    'SERVER_ADMIN' => '[no address given]'
    'SCRIPT_FILENAME' => '/home/pedro/facul/website-VeiGest/veigest/backend/web/index.php'
    'REMOTE_PORT' => '38758'
    'REDIRECT_URL' => '/site/login'
    'GATEWAY_INTERFACE' => 'CGI/1.1'
    'SERVER_PROTOCOL' => 'HTTP/1.1'
    'REQUEST_METHOD' => 'GET'
    'QUERY_STRING' => ''
    'REQUEST_URI' => '/site/login'
    'SCRIPT_NAME' => '/index.php'
    'PHP_SELF' => '/index.php'
    'REQUEST_TIME_FLOAT' => 1767671380.2076
    'REQUEST_TIME' => 1767671380
]
2026-01-06 03:52:22 [3.149.59.26][-][-][warning][yii\debug\Module::checkAccess] Access to debugger is denied due to IP address restriction. The requesting IP address is 3.149.59.26
2026-01-06 03:52:22 [3.149.59.26][-][-][info][application] $_GET = []

$_POST = []

$_FILES = []

$_COOKIE = []

$_SERVER = [
    'HTTP_HOST' => '148.71.29.109:8002'
    'HTTP_USER_AGENT' => 'cypex.ai/scanning Mozilla/5.0 (Macintosh; Intel Mac OS X 10_15_7) Chrome/126.0.0.0 Safari/537.36'
    'HTTP_ACCEPT' => '*/*'
    'HTTP_ACCEPT_ENCODING' => 'gzip'
    'PATH' => '/usr/local/sbin:/usr/local/bin:/usr/sbin:/usr/bin:/snap/bin'
    'SERVER_SIGNATURE' => '<address>Apache/2.4.58 (Ubuntu) Server at 148.71.29.109 Port 8002</address>
'
    'SERVER_SOFTWARE' => 'Apache/2.4.58 (Ubuntu)'
    'SERVER_NAME' => '148.71.29.109'
    'SERVER_ADDR' => '192.168.1.100'
    'SERVER_PORT' => '8002'
    'REMOTE_ADDR' => '3.149.59.26'
    'DOCUMENT_ROOT' => '/home/pedro/facul/website-VeiGest/veigest/backend/web'
    'REQUEST_SCHEME' => 'http'
    'CONTEXT_PREFIX' => ''
    'CONTEXT_DOCUMENT_ROOT' => '/home/pedro/facul/website-VeiGest/veigest/backend/web'
    'SERVER_ADMIN' => '[no address given]'
    'SCRIPT_FILENAME' => '/home/pedro/facul/website-VeiGest/veigest/backend/web/index.php'
    'REMOTE_PORT' => '37358'
    'GATEWAY_INTERFACE' => 'CGI/1.1'
    'SERVER_PROTOCOL' => 'HTTP/1.1'
    'REQUEST_METHOD' => 'GET'
    'QUERY_STRING' => ''
    'REQUEST_URI' => '/'
    'SCRIPT_NAME' => '/index.php'
    'PHP_SELF' => '/index.php'
    'REQUEST_TIME_FLOAT' => 1767671542.4584
    'REQUEST_TIME' => 1767671542
]
2026-01-06 04:34:08 [127.0.0.1][1][f51jd2e57kgu26iirjkia8egar][error][yii\web\HttpException:404] yii\base\InvalidRouteException: Unable to resolve the request "img/user-placeholder.png". in /home/pedro/facul/website-VeiGest/veigest/vendor/yiisoft/yii2/base/Module.php:564
Stack trace:
#0 /home/pedro/facul/website-VeiGest/veigest/vendor/yiisoft/yii2/web/Application.php(103): yii\base\Module->runAction()
#1 /home/pedro/facul/website-VeiGest/veigest/vendor/yiisoft/yii2/base/Application.php(387): yii\web\Application->handleRequest()
#2 /home/pedro/facul/website-VeiGest/veigest/backend/web/index.php(18): yii\base\Application->run()
#3 {main}

Next yii\web\NotFoundHttpException: Page not found. in /home/pedro/facul/website-VeiGest/veigest/vendor/yiisoft/yii2/web/Application.php:115
Stack trace:
#0 /home/pedro/facul/website-VeiGest/veigest/vendor/yiisoft/yii2/base/Application.php(387): yii\web\Application->handleRequest()
#1 /home/pedro/facul/website-VeiGest/veigest/backend/web/index.php(18): yii\base\Application->run()
#2 {main}
2026-01-06 04:34:08 [127.0.0.1][1][f51jd2e57kgu26iirjkia8egar][info][application] $_GET = []

$_POST = []

$_FILES = []

$_COOKIE = [
    '_csrf' => '9ebf14baec5e20444798003071aa96e868418fec5b05ff5c42007b6a2c8d579ea:2:{i:0;s:5:\"_csrf\";i:1;s:32:\"HWziN4ax6nHGG1OhZ5RMVbRvRtEthvCG\";}'
    'VeiGestSession' => 'f51jd2e57kgu26iirjkia8egar'
]

$_SESSION = [
    '__flash' => []
    '__id' => 1
    '__authKey' => '5532c4b05987306b3ddd1bc1ab711967'
]

$_SERVER = [
    'REDIRECT_STATUS' => '200'
    'HTTP_HOST' => 'veigestback.dryadlang.org'
    'HTTP_USER_AGENT' => 'Mozilla/5.0 (Windows NT 10.0; Win64; x64; rv:146.0) Gecko/20100101 Firefox/146.0'
    'HTTP_ACCEPT' => 'image/avif,image/webp,image/png,image/svg+xml,image/*;q=0.8,*/*;q=0.5'
    'HTTP_ACCEPT_ENCODING' => 'gzip'
    'HTTP_ACCEPT_LANGUAGE' => 'pt-PT,pt;q=0.8,en-US;q=0.5,en;q=0.3'
    'HTTP_CDN_LOOP' => 'cloudflare; loops=1'
    'HTTP_CF_CONNECTING_IP' => '2001:818:e848:8200:24fc:64a9:6d8c:5ccb'
    'HTTP_CF_IPCOUNTRY' => 'PT'
    'HTTP_CF_RAY' => '9b9880541ef5055d-LIS'
    'HTTP_CF_VISITOR' => '{\"scheme\":\"http\"}'
    'HTTP_CF_WARP_TAG_ID' => 'f5bcc1c9-1522-405b-9562-82cfc34acae8'
    'HTTP_CONNECTION' => 'keep-alive'
    'HTTP_COOKIE' => '_csrf=9ebf14baec5e20444798003071aa96e868418fec5b05ff5c42007b6a2c8d579ea%3A2%3A%7Bi%3A0%3Bs%3A5%3A%22_csrf%22%3Bi%3A1%3Bs%3A32%3A%22HWziN4ax6nHGG1OhZ5RMVbRvRtEthvCG%22%3B%7D; VeiGestSession=f51jd2e57kgu26iirjkia8egar'
    'HTTP_PRIORITY' => 'u=5, i'
    'HTTP_REFERER' => 'http://veigestback.dryadlang.org/'
    'HTTP_SEC_GPC' => '1'
    'HTTP_X_FORWARDED_FOR' => '2001:818:e848:8200:24fc:64a9:6d8c:5ccb'
    'HTTP_X_FORWARDED_PROTO' => 'http'
    'PATH' => '/usr/local/sbin:/usr/local/bin:/usr/sbin:/usr/bin:/snap/bin'
    'SERVER_SIGNATURE' => '<address>Apache/2.4.58 (Ubuntu) Server at veigestback.dryadlang.org Port 8002</address>
'
    'SERVER_SOFTWARE' => 'Apache/2.4.58 (Ubuntu)'
    'SERVER_NAME' => 'veigestback.dryadlang.org'
    'SERVER_ADDR' => '127.0.0.1'
    'SERVER_PORT' => '8002'
    'REMOTE_ADDR' => '127.0.0.1'
    'DOCUMENT_ROOT' => '/home/pedro/facul/website-VeiGest/veigest/backend/web'
    'REQUEST_SCHEME' => 'http'
    'CONTEXT_PREFIX' => ''
    'CONTEXT_DOCUMENT_ROOT' => '/home/pedro/facul/website-VeiGest/veigest/backend/web'
    'SERVER_ADMIN' => '[no address given]'
    'SCRIPT_FILENAME' => '/home/pedro/facul/website-VeiGest/veigest/backend/web/index.php'
    'REMOTE_PORT' => '33734'
    'REDIRECT_URL' => '/img/user-placeholder.png'
    'GATEWAY_INTERFACE' => 'CGI/1.1'
    'SERVER_PROTOCOL' => 'HTTP/1.1'
    'REQUEST_METHOD' => 'GET'
    'QUERY_STRING' => ''
    'REQUEST_URI' => '/img/user-placeholder.png'
    'SCRIPT_NAME' => '/index.php'
    'PHP_SELF' => '/index.php'
    'REQUEST_TIME_FLOAT' => 1767674048.6667
    'REQUEST_TIME' => 1767674048
]
2026-01-06 04:37:07 [127.0.0.1][-][-][error][yii\web\HttpException:404] yii\base\InvalidRouteException: Unable to resolve the request "i". in /home/pedro/facul/website-VeiGest/veigest/vendor/yiisoft/yii2/base/Module.php:564
Stack trace:
#0 /home/pedro/facul/website-VeiGest/veigest/vendor/yiisoft/yii2/web/Application.php(103): yii\base\Module->runAction()
#1 /home/pedro/facul/website-VeiGest/veigest/vendor/yiisoft/yii2/base/Application.php(387): yii\web\Application->handleRequest()
#2 /home/pedro/facul/website-VeiGest/veigest/backend/web/index.php(18): yii\base\Application->run()
#3 {main}

Next yii\web\NotFoundHttpException: Page not found. in /home/pedro/facul/website-VeiGest/veigest/vendor/yiisoft/yii2/web/Application.php:115
Stack trace:
#0 /home/pedro/facul/website-VeiGest/veigest/vendor/yiisoft/yii2/base/Application.php(387): yii\web\Application->handleRequest()
#1 /home/pedro/facul/website-VeiGest/veigest/backend/web/index.php(18): yii\base\Application->run()
#2 {main}
2026-01-06 04:37:07 [127.0.0.1][-][-][info][application] $_GET = []

$_POST = []

$_FILES = []

$_COOKIE = []

$_SERVER = [
    'REDIRECT_STATUS' => '200'
    'HTTP_HOST' => 'veigestback.dryadlang.org'
    'HTTP_USER_AGENT' => 'Mozilla/5.0 (compatible; Discordbot/2.0; +https://discordapp.com)'
    'HTTP_ACCEPT' => 'text/html,application/xhtml+xml,application/xml;q=0.9,*/*;q=0.8'
    'HTTP_ACCEPT_ENCODING' => 'gzip'
    'HTTP_CDN_LOOP' => 'cloudflare; loops=1'
    'HTTP_CF_CONNECTING_IP' => '35.227.62.178'
    'HTTP_CF_IPCOUNTRY' => 'US'
    'HTTP_CF_RAY' => '9b9884aef884457c-ATL'
    'HTTP_CF_VISITOR' => '{\"scheme\":\"http\"}'
    'HTTP_CF_WARP_TAG_ID' => 'f5bcc1c9-1522-405b-9562-82cfc34acae8'
    'HTTP_CONNECTION' => 'keep-alive'
    'HTTP_X_FORWARDED_FOR' => '35.227.62.178'
    'HTTP_X_FORWARDED_PROTO' => 'http'
    'PATH' => '/usr/local/sbin:/usr/local/bin:/usr/sbin:/usr/bin:/snap/bin'
    'SERVER_SIGNATURE' => '<address>Apache/2.4.58 (Ubuntu) Server at veigestback.dryadlang.org Port 8002</address>
'
    'SERVER_SOFTWARE' => 'Apache/2.4.58 (Ubuntu)'
    'SERVER_NAME' => 'veigestback.dryadlang.org'
    'SERVER_ADDR' => '127.0.0.1'
    'SERVER_PORT' => '8002'
    'REMOTE_ADDR' => '127.0.0.1'
    'DOCUMENT_ROOT' => '/home/pedro/facul/website-VeiGest/veigest/backend/web'
    'REQUEST_SCHEME' => 'http'
    'CONTEXT_PREFIX' => ''
    'CONTEXT_DOCUMENT_ROOT' => '/home/pedro/facul/website-VeiGest/veigest/backend/web'
    'SERVER_ADMIN' => '[no address given]'
    'SCRIPT_FILENAME' => '/home/pedro/facul/website-VeiGest/veigest/backend/web/index.php'
    'REMOTE_PORT' => '49906'
    'REDIRECT_URL' => '/i'
    'GATEWAY_INTERFACE' => 'CGI/1.1'
    'SERVER_PROTOCOL' => 'HTTP/1.1'
    'REQUEST_METHOD' => 'GET'
    'QUERY_STRING' => ''
    'REQUEST_URI' => '/i'
    'SCRIPT_NAME' => '/index.php'
    'PHP_SELF' => '/index.php'
    'REQUEST_TIME_FLOAT' => 1767674227.3332
    'REQUEST_TIME' => 1767674227
]
2026-01-06 04:46:43 [127.0.0.1][1][8nif9r9a0v6343lkj3ct4k4a1a][error][yii\web\HttpException:404] yii\base\InvalidRouteException: Unable to resolve the request "img/user-placeholder.png". in /home/pedro/facul/website-VeiGest/veigest/vendor/yiisoft/yii2/base/Module.php:564
Stack trace:
#0 /home/pedro/facul/website-VeiGest/veigest/vendor/yiisoft/yii2/web/Application.php(103): yii\base\Module->runAction()
#1 /home/pedro/facul/website-VeiGest/veigest/vendor/yiisoft/yii2/base/Application.php(387): yii\web\Application->handleRequest()
#2 /home/pedro/facul/website-VeiGest/veigest/backend/web/index.php(18): yii\base\Application->run()
#3 {main}

Next yii\web\NotFoundHttpException: Page not found. in /home/pedro/facul/website-VeiGest/veigest/vendor/yiisoft/yii2/web/Application.php:115
Stack trace:
#0 /home/pedro/facul/website-VeiGest/veigest/vendor/yiisoft/yii2/base/Application.php(387): yii\web\Application->handleRequest()
#1 /home/pedro/facul/website-VeiGest/veigest/backend/web/index.php(18): yii\base\Application->run()
#2 {main}
2026-01-06 04:46:43 [127.0.0.1][1][8nif9r9a0v6343lkj3ct4k4a1a][info][application] $_GET = []

$_POST = []

$_FILES = []

$_COOKIE = [
    '_csrf' => '1a5028f55abab3489dfe832123a8ae39bf8d447c441843b64642faa4b5026033a:2:{i:0;s:5:\"_csrf\";i:1;s:32:\"oetRlkw6VjGpF2PCvagfhdsD9Pl_ZWDV\";}'
    'VeiGestSession' => '8nif9r9a0v6343lkj3ct4k4a1a'
]

$_SESSION = [
    '__flash' => []
    '__authKey' => '7111b40ce0a5e7b6d75484ab7a3f5af1'
    '__returnUrl' => 'http://veigestfront.dryadlang.org/index.php?r=route%2Findex'
    '__id' => 1
]

$_SERVER = [
    'REDIRECT_STATUS' => '200'
    'HTTP_HOST' => 'veigestback.dryadlang.org'
    'HTTP_USER_AGENT' => 'Mozilla/5.0 (Windows NT 10.0; Win64; x64; rv:146.0) Gecko/20100101 Firefox/146.0'
    'HTTP_ACCEPT' => 'image/avif,image/webp,image/png,image/svg+xml,image/*;q=0.8,*/*;q=0.5'
    'HTTP_ACCEPT_ENCODING' => 'gzip'
    'HTTP_ACCEPT_LANGUAGE' => 'pt-PT,pt;q=0.8,en-US;q=0.5,en;q=0.3'
    'HTTP_CDN_LOOP' => 'cloudflare; loops=1'
    'HTTP_CF_CONNECTING_IP' => '2001:818:e848:8200:24fc:64a9:6d8c:5ccb'
    'HTTP_CF_IPCOUNTRY' => 'PT'
    'HTTP_CF_RAY' => '9b9892c46e5fd852-LIS'
    'HTTP_CF_VISITOR' => '{\"scheme\":\"http\"}'
    'HTTP_CF_WARP_TAG_ID' => 'f5bcc1c9-1522-405b-9562-82cfc34acae8'
    'HTTP_CONNECTION' => 'keep-alive'
    'HTTP_COOKIE' => '_csrf=1a5028f55abab3489dfe832123a8ae39bf8d447c441843b64642faa4b5026033a%3A2%3A%7Bi%3A0%3Bs%3A5%3A%22_csrf%22%3Bi%3A1%3Bs%3A32%3A%22oetRlkw6VjGpF2PCvagfhdsD9Pl_ZWDV%22%3B%7D; VeiGestSession=8nif9r9a0v6343lkj3ct4k4a1a'
    'HTTP_PRIORITY' => 'u=5, i'
    'HTTP_REFERER' => 'http://veigestback.dryadlang.org/'
    'HTTP_SEC_GPC' => '1'
    'HTTP_X_FORWARDED_FOR' => '2001:818:e848:8200:24fc:64a9:6d8c:5ccb'
    'HTTP_X_FORWARDED_PROTO' => 'http'
    'PATH' => '/usr/local/sbin:/usr/local/bin:/usr/sbin:/usr/bin:/snap/bin'
    'SERVER_SIGNATURE' => '<address>Apache/2.4.58 (Ubuntu) Server at veigestback.dryadlang.org Port 8002</address>
'
    'SERVER_SOFTWARE' => 'Apache/2.4.58 (Ubuntu)'
    'SERVER_NAME' => 'veigestback.dryadlang.org'
    'SERVER_ADDR' => '127.0.0.1'
    'SERVER_PORT' => '8002'
    'REMOTE_ADDR' => '127.0.0.1'
    'DOCUMENT_ROOT' => '/home/pedro/facul/website-VeiGest/veigest/backend/web'
    'REQUEST_SCHEME' => 'http'
    'CONTEXT_PREFIX' => ''
    'CONTEXT_DOCUMENT_ROOT' => '/home/pedro/facul/website-VeiGest/veigest/backend/web'
    'SERVER_ADMIN' => '[no address given]'
    'SCRIPT_FILENAME' => '/home/pedro/facul/website-VeiGest/veigest/backend/web/index.php'
    'REMOTE_PORT' => '41018'
    'REDIRECT_URL' => '/img/user-placeholder.png'
    'GATEWAY_INTERFACE' => 'CGI/1.1'
    'SERVER_PROTOCOL' => 'HTTP/1.1'
    'REQUEST_METHOD' => 'GET'
    'QUERY_STRING' => ''
    'REQUEST_URI' => '/img/user-placeholder.png'
    'SCRIPT_NAME' => '/index.php'
    'PHP_SELF' => '/index.php'
    'REQUEST_TIME_FLOAT' => 1767674803.9197
    'REQUEST_TIME' => 1767674803
]
2026-01-06 05:18:33 [127.0.0.1][1][15mg5ej006dvogpav0o1qoc11r][error][yii\web\HttpException:404] yii\base\InvalidRouteException: Unable to resolve the request "img/user-placeholder.png". in /home/pedro/facul/website-VeiGest/veigest/vendor/yiisoft/yii2/base/Module.php:564
Stack trace:
#0 /home/pedro/facul/website-VeiGest/veigest/vendor/yiisoft/yii2/web/Application.php(103): yii\base\Module->runAction()
#1 /home/pedro/facul/website-VeiGest/veigest/vendor/yiisoft/yii2/base/Application.php(387): yii\web\Application->handleRequest()
#2 /home/pedro/facul/website-VeiGest/veigest/backend/web/index.php(18): yii\base\Application->run()
#3 {main}

Next yii\web\NotFoundHttpException: Page not found. in /home/pedro/facul/website-VeiGest/veigest/vendor/yiisoft/yii2/web/Application.php:115
Stack trace:
#0 /home/pedro/facul/website-VeiGest/veigest/vendor/yiisoft/yii2/base/Application.php(387): yii\web\Application->handleRequest()
#1 /home/pedro/facul/website-VeiGest/veigest/backend/web/index.php(18): yii\base\Application->run()
#2 {main}
2026-01-06 05:18:33 [127.0.0.1][1][15mg5ej006dvogpav0o1qoc11r][info][application] $_GET = []

$_POST = []

$_FILES = []

$_COOKIE = [
    '_csrf' => '9c51e7ef584468f9805930ce7ce95b2c2cff3618ef58bfb29296d849a33bb47ea:2:{i:0;s:5:\"_csrf\";i:1;s:32:\"CwqLhIxxDX3ih2sSmJCTeQx1p4Iyw3GI\";}'
    'VeiGestSession' => '15mg5ej006dvogpav0o1qoc11r'
]

$_SESSION = [
    '__flash' => []
    '__id' => 1
    '__authKey' => '7111b40ce0a5e7b6d75484ab7a3f5af1'
]

$_SERVER = [
    'REDIRECT_STATUS' => '200'
    'HTTP_HOST' => 'veigestback.dryadlang.org'
    'HTTP_USER_AGENT' => 'Mozilla/5.0 (Windows NT 10.0; Win64; x64; rv:146.0) Gecko/20100101 Firefox/146.0'
    'HTTP_ACCEPT' => 'image/avif,image/webp,image/png,image/svg+xml,image/*;q=0.8,*/*;q=0.5'
    'HTTP_ACCEPT_ENCODING' => 'gzip'
    'HTTP_ACCEPT_LANGUAGE' => 'pt-PT,pt;q=0.8,en-US;q=0.5,en;q=0.3'
    'HTTP_CDN_LOOP' => 'cloudflare; loops=1'
    'HTTP_CF_CONNECTING_IP' => '2001:818:e848:8200:24fc:64a9:6d8c:5ccb'
    'HTTP_CF_IPCOUNTRY' => 'PT'
    'HTTP_CF_RAY' => '9b98c1664f19e3c3-LIS'
    'HTTP_CF_VISITOR' => '{\"scheme\":\"http\"}'
    'HTTP_CF_WARP_TAG_ID' => 'f5bcc1c9-1522-405b-9562-82cfc34acae8'
    'HTTP_CONNECTION' => 'keep-alive'
    'HTTP_COOKIE' => '_csrf=9c51e7ef584468f9805930ce7ce95b2c2cff3618ef58bfb29296d849a33bb47ea%3A2%3A%7Bi%3A0%3Bs%3A5%3A%22_csrf%22%3Bi%3A1%3Bs%3A32%3A%22CwqLhIxxDX3ih2sSmJCTeQx1p4Iyw3GI%22%3B%7D; VeiGestSession=15mg5ej006dvogpav0o1qoc11r'
    'HTTP_PRIORITY' => 'u=5, i'
    'HTTP_REFERER' => 'http://veigestback.dryadlang.org/'
    'HTTP_SEC_GPC' => '1'
    'HTTP_X_FORWARDED_FOR' => '2001:818:e848:8200:24fc:64a9:6d8c:5ccb'
    'HTTP_X_FORWARDED_PROTO' => 'http'
    'PATH' => '/usr/local/sbin:/usr/local/bin:/usr/sbin:/usr/bin:/snap/bin'
    'SERVER_SIGNATURE' => '<address>Apache/2.4.58 (Ubuntu) Server at veigestback.dryadlang.org Port 8002</address>
'
    'SERVER_SOFTWARE' => 'Apache/2.4.58 (Ubuntu)'
    'SERVER_NAME' => 'veigestback.dryadlang.org'
    'SERVER_ADDR' => '127.0.0.1'
    'SERVER_PORT' => '8002'
    'REMOTE_ADDR' => '127.0.0.1'
    'DOCUMENT_ROOT' => '/home/pedro/facul/website-VeiGest/veigest/backend/web'
    'REQUEST_SCHEME' => 'http'
    'CONTEXT_PREFIX' => ''
    'CONTEXT_DOCUMENT_ROOT' => '/home/pedro/facul/website-VeiGest/veigest/backend/web'
    'SERVER_ADMIN' => '[no address given]'
    'SCRIPT_FILENAME' => '/home/pedro/facul/website-VeiGest/veigest/backend/web/index.php'
    'REMOTE_PORT' => '47142'
    'REDIRECT_URL' => '/img/user-placeholder.png'
    'GATEWAY_INTERFACE' => 'CGI/1.1'
    'SERVER_PROTOCOL' => 'HTTP/1.1'
    'REQUEST_METHOD' => 'GET'
    'QUERY_STRING' => ''
    'REQUEST_URI' => '/img/user-placeholder.png'
    'SCRIPT_NAME' => '/index.php'
    'PHP_SELF' => '/index.php'
    'REQUEST_TIME_FLOAT' => 1767676713.9816
    'REQUEST_TIME' => 1767676713
]
2026-01-06 05:18:36 [127.0.0.1][1][15mg5ej006dvogpav0o1qoc11r][error][yii\web\HttpException:404] yii\base\InvalidRouteException: Unable to resolve the request "img/user-placeholder.png". in /home/pedro/facul/website-VeiGest/veigest/vendor/yiisoft/yii2/base/Module.php:564
Stack trace:
#0 /home/pedro/facul/website-VeiGest/veigest/vendor/yiisoft/yii2/web/Application.php(103): yii\base\Module->runAction()
#1 /home/pedro/facul/website-VeiGest/veigest/vendor/yiisoft/yii2/base/Application.php(387): yii\web\Application->handleRequest()
#2 /home/pedro/facul/website-VeiGest/veigest/backend/web/index.php(18): yii\base\Application->run()
#3 {main}

Next yii\web\NotFoundHttpException: Page not found. in /home/pedro/facul/website-VeiGest/veigest/vendor/yiisoft/yii2/web/Application.php:115
Stack trace:
#0 /home/pedro/facul/website-VeiGest/veigest/vendor/yiisoft/yii2/base/Application.php(387): yii\web\Application->handleRequest()
#1 /home/pedro/facul/website-VeiGest/veigest/backend/web/index.php(18): yii\base\Application->run()
#2 {main}
2026-01-06 05:18:36 [127.0.0.1][1][15mg5ej006dvogpav0o1qoc11r][info][application] $_GET = []

$_POST = []

$_FILES = []

$_COOKIE = [
    '_csrf' => '9c51e7ef584468f9805930ce7ce95b2c2cff3618ef58bfb29296d849a33bb47ea:2:{i:0;s:5:\"_csrf\";i:1;s:32:\"CwqLhIxxDX3ih2sSmJCTeQx1p4Iyw3GI\";}'
    'VeiGestSession' => '15mg5ej006dvogpav0o1qoc11r'
]

$_SESSION = [
    '__flash' => []
    '__id' => 1
    '__authKey' => '7111b40ce0a5e7b6d75484ab7a3f5af1'
]

$_SERVER = [
    'REDIRECT_STATUS' => '200'
    'HTTP_HOST' => 'veigestback.dryadlang.org'
    'HTTP_USER_AGENT' => 'Mozilla/5.0 (Windows NT 10.0; Win64; x64; rv:146.0) Gecko/20100101 Firefox/146.0'
    'HTTP_ACCEPT' => 'image/avif,image/webp,image/png,image/svg+xml,image/*;q=0.8,*/*;q=0.5'
    'HTTP_ACCEPT_ENCODING' => 'gzip'
    'HTTP_ACCEPT_LANGUAGE' => 'pt-PT,pt;q=0.8,en-US;q=0.5,en;q=0.3'
    'HTTP_CDN_LOOP' => 'cloudflare; loops=1'
    'HTTP_CF_CONNECTING_IP' => '2001:818:e848:8200:24fc:64a9:6d8c:5ccb'
    'HTTP_CF_IPCOUNTRY' => 'PT'
    'HTTP_CF_RAY' => '9b98c1747cbde3b4-LIS'
    'HTTP_CF_VISITOR' => '{\"scheme\":\"http\"}'
    'HTTP_CF_WARP_TAG_ID' => 'f5bcc1c9-1522-405b-9562-82cfc34acae8'
    'HTTP_CONNECTION' => 'keep-alive'
    'HTTP_COOKIE' => '_csrf=9c51e7ef584468f9805930ce7ce95b2c2cff3618ef58bfb29296d849a33bb47ea%3A2%3A%7Bi%3A0%3Bs%3A5%3A%22_csrf%22%3Bi%3A1%3Bs%3A32%3A%22CwqLhIxxDX3ih2sSmJCTeQx1p4Iyw3GI%22%3B%7D; VeiGestSession=15mg5ej006dvogpav0o1qoc11r'
    'HTTP_PRIORITY' => 'u=5, i'
    'HTTP_REFERER' => 'http://veigestback.dryadlang.org/user/index'
    'HTTP_SEC_GPC' => '1'
    'HTTP_X_FORWARDED_FOR' => '2001:818:e848:8200:24fc:64a9:6d8c:5ccb'
    'HTTP_X_FORWARDED_PROTO' => 'http'
    'PATH' => '/usr/local/sbin:/usr/local/bin:/usr/sbin:/usr/bin:/snap/bin'
    'SERVER_SIGNATURE' => '<address>Apache/2.4.58 (Ubuntu) Server at veigestback.dryadlang.org Port 8002</address>
'
    'SERVER_SOFTWARE' => 'Apache/2.4.58 (Ubuntu)'
    'SERVER_NAME' => 'veigestback.dryadlang.org'
    'SERVER_ADDR' => '127.0.0.1'
    'SERVER_PORT' => '8002'
    'REMOTE_ADDR' => '127.0.0.1'
    'DOCUMENT_ROOT' => '/home/pedro/facul/website-VeiGest/veigest/backend/web'
    'REQUEST_SCHEME' => 'http'
    'CONTEXT_PREFIX' => ''
    'CONTEXT_DOCUMENT_ROOT' => '/home/pedro/facul/website-VeiGest/veigest/backend/web'
    'SERVER_ADMIN' => '[no address given]'
    'SCRIPT_FILENAME' => '/home/pedro/facul/website-VeiGest/veigest/backend/web/index.php'
    'REMOTE_PORT' => '47142'
    'REDIRECT_URL' => '/img/user-placeholder.png'
    'GATEWAY_INTERFACE' => 'CGI/1.1'
    'SERVER_PROTOCOL' => 'HTTP/1.1'
    'REQUEST_METHOD' => 'GET'
    'QUERY_STRING' => ''
    'REQUEST_URI' => '/img/user-placeholder.png'
    'SCRIPT_NAME' => '/index.php'
    'PHP_SELF' => '/index.php'
    'REQUEST_TIME_FLOAT' => 1767676716.2478
    'REQUEST_TIME' => 1767676716
]
2026-01-06 05:18:43 [127.0.0.1][1][15mg5ej006dvogpav0o1qoc11r][error][yii\web\HttpException:404] yii\base\InvalidRouteException: Unable to resolve the request "img/user-placeholder.png". in /home/pedro/facul/website-VeiGest/veigest/vendor/yiisoft/yii2/base/Module.php:564
Stack trace:
#0 /home/pedro/facul/website-VeiGest/veigest/vendor/yiisoft/yii2/web/Application.php(103): yii\base\Module->runAction()
#1 /home/pedro/facul/website-VeiGest/veigest/vendor/yiisoft/yii2/base/Application.php(387): yii\web\Application->handleRequest()
#2 /home/pedro/facul/website-VeiGest/veigest/backend/web/index.php(18): yii\base\Application->run()
#3 {main}

Next yii\web\NotFoundHttpException: Page not found. in /home/pedro/facul/website-VeiGest/veigest/vendor/yiisoft/yii2/web/Application.php:115
Stack trace:
#0 /home/pedro/facul/website-VeiGest/veigest/vendor/yiisoft/yii2/base/Application.php(387): yii\web\Application->handleRequest()
#1 /home/pedro/facul/website-VeiGest/veigest/backend/web/index.php(18): yii\base\Application->run()
#2 {main}
2026-01-06 05:18:43 [127.0.0.1][1][15mg5ej006dvogpav0o1qoc11r][info][application] $_GET = []

$_POST = []

$_FILES = []

$_COOKIE = [
    '_csrf' => '9c51e7ef584468f9805930ce7ce95b2c2cff3618ef58bfb29296d849a33bb47ea:2:{i:0;s:5:\"_csrf\";i:1;s:32:\"CwqLhIxxDX3ih2sSmJCTeQx1p4Iyw3GI\";}'
    'VeiGestSession' => '15mg5ej006dvogpav0o1qoc11r'
]

$_SESSION = [
    '__flash' => []
    '__id' => 1
    '__authKey' => '7111b40ce0a5e7b6d75484ab7a3f5af1'
]

$_SERVER = [
    'REDIRECT_STATUS' => '200'
    'HTTP_HOST' => 'veigestback.dryadlang.org'
    'HTTP_USER_AGENT' => 'Mozilla/5.0 (Windows NT 10.0; Win64; x64; rv:146.0) Gecko/20100101 Firefox/146.0'
    'HTTP_ACCEPT' => 'image/avif,image/webp,image/png,image/svg+xml,image/*;q=0.8,*/*;q=0.5'
    'HTTP_ACCEPT_ENCODING' => 'gzip'
    'HTTP_ACCEPT_LANGUAGE' => 'pt-PT,pt;q=0.8,en-US;q=0.5,en;q=0.3'
    'HTTP_CDN_LOOP' => 'cloudflare; loops=1'
    'HTTP_CF_CONNECTING_IP' => '2001:818:e848:8200:24fc:64a9:6d8c:5ccb'
    'HTTP_CF_IPCOUNTRY' => 'PT'
    'HTTP_CF_RAY' => '9b98c1a11ea9e3b4-LIS'
    'HTTP_CF_VISITOR' => '{\"scheme\":\"http\"}'
    'HTTP_CF_WARP_TAG_ID' => 'f5bcc1c9-1522-405b-9562-82cfc34acae8'
    'HTTP_CONNECTION' => 'keep-alive'
    'HTTP_COOKIE' => '_csrf=9c51e7ef584468f9805930ce7ce95b2c2cff3618ef58bfb29296d849a33bb47ea%3A2%3A%7Bi%3A0%3Bs%3A5%3A%22_csrf%22%3Bi%3A1%3Bs%3A32%3A%22CwqLhIxxDX3ih2sSmJCTeQx1p4Iyw3GI%22%3B%7D; VeiGestSession=15mg5ej006dvogpav0o1qoc11r'
    'HTTP_PRIORITY' => 'u=5, i'
    'HTTP_REFERER' => 'http://veigestback.dryadlang.org/company/index'
    'HTTP_SEC_GPC' => '1'
    'HTTP_X_FORWARDED_FOR' => '2001:818:e848:8200:24fc:64a9:6d8c:5ccb'
    'HTTP_X_FORWARDED_PROTO' => 'http'
    'PATH' => '/usr/local/sbin:/usr/local/bin:/usr/sbin:/usr/bin:/snap/bin'
    'SERVER_SIGNATURE' => '<address>Apache/2.4.58 (Ubuntu) Server at veigestback.dryadlang.org Port 8002</address>
'
    'SERVER_SOFTWARE' => 'Apache/2.4.58 (Ubuntu)'
    'SERVER_NAME' => 'veigestback.dryadlang.org'
    'SERVER_ADDR' => '127.0.0.1'
    'SERVER_PORT' => '8002'
    'REMOTE_ADDR' => '127.0.0.1'
    'DOCUMENT_ROOT' => '/home/pedro/facul/website-VeiGest/veigest/backend/web'
    'REQUEST_SCHEME' => 'http'
    'CONTEXT_PREFIX' => ''
    'CONTEXT_DOCUMENT_ROOT' => '/home/pedro/facul/website-VeiGest/veigest/backend/web'
    'SERVER_ADMIN' => '[no address given]'
    'SCRIPT_FILENAME' => '/home/pedro/facul/website-VeiGest/veigest/backend/web/index.php'
    'REMOTE_PORT' => '47328'
    'REDIRECT_URL' => '/img/user-placeholder.png'
    'GATEWAY_INTERFACE' => 'CGI/1.1'
    'SERVER_PROTOCOL' => 'HTTP/1.1'
    'REQUEST_METHOD' => 'GET'
    'QUERY_STRING' => ''
    'REQUEST_URI' => '/img/user-placeholder.png'
    'SCRIPT_NAME' => '/index.php'
    'PHP_SELF' => '/index.php'
    'REQUEST_TIME_FLOAT' => 1767676723.384
    'REQUEST_TIME' => 1767676723
]
2026-01-06 05:18:47 [127.0.0.1][1][15mg5ej006dvogpav0o1qoc11r][error][yii\web\HttpException:404] yii\base\InvalidRouteException: Unable to resolve the request "img/user-placeholder.png". in /home/pedro/facul/website-VeiGest/veigest/vendor/yiisoft/yii2/base/Module.php:564
Stack trace:
#0 /home/pedro/facul/website-VeiGest/veigest/vendor/yiisoft/yii2/web/Application.php(103): yii\base\Module->runAction()
#1 /home/pedro/facul/website-VeiGest/veigest/vendor/yiisoft/yii2/base/Application.php(387): yii\web\Application->handleRequest()
#2 /home/pedro/facul/website-VeiGest/veigest/backend/web/index.php(18): yii\base\Application->run()
#3 {main}

Next yii\web\NotFoundHttpException: Page not found. in /home/pedro/facul/website-VeiGest/veigest/vendor/yiisoft/yii2/web/Application.php:115
Stack trace:
#0 /home/pedro/facul/website-VeiGest/veigest/vendor/yiisoft/yii2/base/Application.php(387): yii\web\Application->handleRequest()
#1 /home/pedro/facul/website-VeiGest/veigest/backend/web/index.php(18): yii\base\Application->run()
#2 {main}
2026-01-06 05:18:47 [127.0.0.1][1][15mg5ej006dvogpav0o1qoc11r][info][application] $_GET = []

$_POST = []

$_FILES = []

$_COOKIE = [
    '_csrf' => '9c51e7ef584468f9805930ce7ce95b2c2cff3618ef58bfb29296d849a33bb47ea:2:{i:0;s:5:\"_csrf\";i:1;s:32:\"CwqLhIxxDX3ih2sSmJCTeQx1p4Iyw3GI\";}'
    'VeiGestSession' => '15mg5ej006dvogpav0o1qoc11r'
]

$_SESSION = [
    '__flash' => []
    '__id' => 1
    '__authKey' => '7111b40ce0a5e7b6d75484ab7a3f5af1'
]

$_SERVER = [
    'REDIRECT_STATUS' => '200'
    'HTTP_HOST' => 'veigestback.dryadlang.org'
    'HTTP_USER_AGENT' => 'Mozilla/5.0 (Windows NT 10.0; Win64; x64; rv:146.0) Gecko/20100101 Firefox/146.0'
    'HTTP_ACCEPT' => 'image/avif,image/webp,image/png,image/svg+xml,image/*;q=0.8,*/*;q=0.5'
    'HTTP_ACCEPT_ENCODING' => 'gzip'
    'HTTP_ACCEPT_LANGUAGE' => 'pt-PT,pt;q=0.8,en-US;q=0.5,en;q=0.3'
    'HTTP_CDN_LOOP' => 'cloudflare; loops=1'
    'HTTP_CF_CONNECTING_IP' => '2001:818:e848:8200:24fc:64a9:6d8c:5ccb'
    'HTTP_CF_IPCOUNTRY' => 'PT'
    'HTTP_CF_RAY' => '9b98c1b9385ce3c3-LIS'
    'HTTP_CF_VISITOR' => '{\"scheme\":\"http\"}'
    'HTTP_CF_WARP_TAG_ID' => 'f5bcc1c9-1522-405b-9562-82cfc34acae8'
    'HTTP_CONNECTION' => 'keep-alive'
    'HTTP_COOKIE' => '_csrf=9c51e7ef584468f9805930ce7ce95b2c2cff3618ef58bfb29296d849a33bb47ea%3A2%3A%7Bi%3A0%3Bs%3A5%3A%22_csrf%22%3Bi%3A1%3Bs%3A32%3A%22CwqLhIxxDX3ih2sSmJCTeQx1p4Iyw3GI%22%3B%7D; VeiGestSession=15mg5ej006dvogpav0o1qoc11r'
    'HTTP_PRIORITY' => 'u=5, i'
    'HTTP_REFERER' => 'http://veigestback.dryadlang.org/user/index'
    'HTTP_SEC_GPC' => '1'
    'HTTP_X_FORWARDED_FOR' => '2001:818:e848:8200:24fc:64a9:6d8c:5ccb'
    'HTTP_X_FORWARDED_PROTO' => 'http'
    'PATH' => '/usr/local/sbin:/usr/local/bin:/usr/sbin:/usr/bin:/snap/bin'
    'SERVER_SIGNATURE' => '<address>Apache/2.4.58 (Ubuntu) Server at veigestback.dryadlang.org Port 8002</address>
'
    'SERVER_SOFTWARE' => 'Apache/2.4.58 (Ubuntu)'
    'SERVER_NAME' => 'veigestback.dryadlang.org'
    'SERVER_ADDR' => '127.0.0.1'
    'SERVER_PORT' => '8002'
    'REMOTE_ADDR' => '127.0.0.1'
    'DOCUMENT_ROOT' => '/home/pedro/facul/website-VeiGest/veigest/backend/web'
    'REQUEST_SCHEME' => 'http'
    'CONTEXT_PREFIX' => ''
    'CONTEXT_DOCUMENT_ROOT' => '/home/pedro/facul/website-VeiGest/veigest/backend/web'
    'SERVER_ADMIN' => '[no address given]'
    'SCRIPT_FILENAME' => '/home/pedro/facul/website-VeiGest/veigest/backend/web/index.php'
    'REMOTE_PORT' => '47328'
    'REDIRECT_URL' => '/img/user-placeholder.png'
    'GATEWAY_INTERFACE' => 'CGI/1.1'
    'SERVER_PROTOCOL' => 'HTTP/1.1'
    'REQUEST_METHOD' => 'GET'
    'QUERY_STRING' => ''
    'REQUEST_URI' => '/img/user-placeholder.png'
    'SCRIPT_NAME' => '/index.php'
    'PHP_SELF' => '/index.php'
    'REQUEST_TIME_FLOAT' => 1767676727.2438
    'REQUEST_TIME' => 1767676727
]
2026-01-06 05:24:23 [127.0.0.1][1][15mg5ej006dvogpav0o1qoc11r][error][yii\web\HttpException:404] yii\base\InvalidRouteException: Unable to resolve the request "img/user-placeholder.png". in /home/pedro/facul/website-VeiGest/veigest/vendor/yiisoft/yii2/base/Module.php:564
Stack trace:
#0 /home/pedro/facul/website-VeiGest/veigest/vendor/yiisoft/yii2/web/Application.php(103): yii\base\Module->runAction()
#1 /home/pedro/facul/website-VeiGest/veigest/vendor/yiisoft/yii2/base/Application.php(387): yii\web\Application->handleRequest()
#2 /home/pedro/facul/website-VeiGest/veigest/backend/web/index.php(18): yii\base\Application->run()
#3 {main}

Next yii\web\NotFoundHttpException: Page not found. in /home/pedro/facul/website-VeiGest/veigest/vendor/yiisoft/yii2/web/Application.php:115
Stack trace:
#0 /home/pedro/facul/website-VeiGest/veigest/vendor/yiisoft/yii2/base/Application.php(387): yii\web\Application->handleRequest()
#1 /home/pedro/facul/website-VeiGest/veigest/backend/web/index.php(18): yii\base\Application->run()
#2 {main}
2026-01-06 05:24:23 [127.0.0.1][1][15mg5ej006dvogpav0o1qoc11r][info][application] $_GET = []

$_POST = []

$_FILES = []

$_COOKIE = [
    '_csrf' => '9c51e7ef584468f9805930ce7ce95b2c2cff3618ef58bfb29296d849a33bb47ea:2:{i:0;s:5:\"_csrf\";i:1;s:32:\"CwqLhIxxDX3ih2sSmJCTeQx1p4Iyw3GI\";}'
    'VeiGestSession' => '15mg5ej006dvogpav0o1qoc11r'
]

$_SESSION = [
    '__flash' => []
    '__id' => 1
    '__authKey' => '7111b40ce0a5e7b6d75484ab7a3f5af1'
]

$_SERVER = [
    'REDIRECT_STATUS' => '200'
    'HTTP_HOST' => 'veigestback.dryadlang.org'
    'HTTP_USER_AGENT' => 'Mozilla/5.0 (Windows NT 10.0; Win64; x64; rv:146.0) Gecko/20100101 Firefox/146.0'
    'HTTP_ACCEPT' => 'image/avif,image/webp,image/png,image/svg+xml,image/*;q=0.8,*/*;q=0.5'
    'HTTP_ACCEPT_ENCODING' => 'gzip'
    'HTTP_ACCEPT_LANGUAGE' => 'pt-PT,pt;q=0.8,en-US;q=0.5,en;q=0.3'
    'HTTP_CDN_LOOP' => 'cloudflare; loops=1'
    'HTTP_CF_CONNECTING_IP' => '2001:818:e848:8200:24fc:64a9:6d8c:5ccb'
    'HTTP_CF_IPCOUNTRY' => 'PT'
    'HTTP_CF_RAY' => '9b98c9ec8a4258fc-LIS'
    'HTTP_CF_VISITOR' => '{\"scheme\":\"http\"}'
    'HTTP_CF_WARP_TAG_ID' => 'f5bcc1c9-1522-405b-9562-82cfc34acae8'
    'HTTP_CONNECTION' => 'keep-alive'
    'HTTP_COOKIE' => '_csrf=9c51e7ef584468f9805930ce7ce95b2c2cff3618ef58bfb29296d849a33bb47ea%3A2%3A%7Bi%3A0%3Bs%3A5%3A%22_csrf%22%3Bi%3A1%3Bs%3A32%3A%22CwqLhIxxDX3ih2sSmJCTeQx1p4Iyw3GI%22%3B%7D; VeiGestSession=15mg5ej006dvogpav0o1qoc11r'
    'HTTP_PRIORITY' => 'u=4, i'
    'HTTP_REFERER' => 'http://veigestback.dryadlang.org/user/update?id=2'
    'HTTP_SEC_GPC' => '1'
    'HTTP_X_FORWARDED_FOR' => '2001:818:e848:8200:24fc:64a9:6d8c:5ccb'
    'HTTP_X_FORWARDED_PROTO' => 'http'
    'PATH' => '/usr/local/sbin:/usr/local/bin:/usr/sbin:/usr/bin:/snap/bin'
    'SERVER_SIGNATURE' => '<address>Apache/2.4.58 (Ubuntu) Server at veigestback.dryadlang.org Port 8002</address>
'
    'SERVER_SOFTWARE' => 'Apache/2.4.58 (Ubuntu)'
    'SERVER_NAME' => 'veigestback.dryadlang.org'
    'SERVER_ADDR' => '127.0.0.1'
    'SERVER_PORT' => '8002'
    'REMOTE_ADDR' => '127.0.0.1'
    'DOCUMENT_ROOT' => '/home/pedro/facul/website-VeiGest/veigest/backend/web'
    'REQUEST_SCHEME' => 'http'
    'CONTEXT_PREFIX' => ''
    'CONTEXT_DOCUMENT_ROOT' => '/home/pedro/facul/website-VeiGest/veigest/backend/web'
    'SERVER_ADMIN' => '[no address given]'
    'SCRIPT_FILENAME' => '/home/pedro/facul/website-VeiGest/veigest/backend/web/index.php'
    'REMOTE_PORT' => '57696'
    'REDIRECT_URL' => '/img/user-placeholder.png'
    'GATEWAY_INTERFACE' => 'CGI/1.1'
    'SERVER_PROTOCOL' => 'HTTP/1.1'
    'REQUEST_METHOD' => 'GET'
    'QUERY_STRING' => ''
    'REQUEST_URI' => '/img/user-placeholder.png'
    'SCRIPT_NAME' => '/index.php'
    'PHP_SELF' => '/index.php'
    'REQUEST_TIME_FLOAT' => 1767677063.1387
    'REQUEST_TIME' => 1767677063
]
2026-01-06 05:24:25 [127.0.0.1][1][15mg5ej006dvogpav0o1qoc11r][error][yii\web\HttpException:404] yii\base\InvalidRouteException: Unable to resolve the request "img/user-placeholder.png". in /home/pedro/facul/website-VeiGest/veigest/vendor/yiisoft/yii2/base/Module.php:564
Stack trace:
#0 /home/pedro/facul/website-VeiGest/veigest/vendor/yiisoft/yii2/web/Application.php(103): yii\base\Module->runAction()
#1 /home/pedro/facul/website-VeiGest/veigest/vendor/yiisoft/yii2/base/Application.php(387): yii\web\Application->handleRequest()
#2 /home/pedro/facul/website-VeiGest/veigest/backend/web/index.php(18): yii\base\Application->run()
#3 {main}

Next yii\web\NotFoundHttpException: Page not found. in /home/pedro/facul/website-VeiGest/veigest/vendor/yiisoft/yii2/web/Application.php:115
Stack trace:
#0 /home/pedro/facul/website-VeiGest/veigest/vendor/yiisoft/yii2/base/Application.php(387): yii\web\Application->handleRequest()
#1 /home/pedro/facul/website-VeiGest/veigest/backend/web/index.php(18): yii\base\Application->run()
#2 {main}
2026-01-06 05:24:25 [127.0.0.1][1][15mg5ej006dvogpav0o1qoc11r][info][application] $_GET = []

$_POST = []

$_FILES = []

$_COOKIE = [
    '_csrf' => '9c51e7ef584468f9805930ce7ce95b2c2cff3618ef58bfb29296d849a33bb47ea:2:{i:0;s:5:\"_csrf\";i:1;s:32:\"CwqLhIxxDX3ih2sSmJCTeQx1p4Iyw3GI\";}'
    'VeiGestSession' => '15mg5ej006dvogpav0o1qoc11r'
]

$_SESSION = [
    '__flash' => []
    '__id' => 1
    '__authKey' => '7111b40ce0a5e7b6d75484ab7a3f5af1'
]

$_SERVER = [
    'REDIRECT_STATUS' => '200'
    'HTTP_HOST' => 'veigestback.dryadlang.org'
    'HTTP_USER_AGENT' => 'Mozilla/5.0 (Windows NT 10.0; Win64; x64; rv:146.0) Gecko/20100101 Firefox/146.0'
    'HTTP_ACCEPT' => 'image/avif,image/webp,image/png,image/svg+xml,image/*;q=0.8,*/*;q=0.5'
    'HTTP_ACCEPT_ENCODING' => 'gzip'
    'HTTP_ACCEPT_LANGUAGE' => 'pt-PT,pt;q=0.8,en-US;q=0.5,en;q=0.3'
    'HTTP_CDN_LOOP' => 'cloudflare; loops=1'
    'HTTP_CF_CONNECTING_IP' => '2001:818:e848:8200:24fc:64a9:6d8c:5ccb'
    'HTTP_CF_IPCOUNTRY' => 'PT'
    'HTTP_CF_RAY' => '9b98c9f84d1658fc-LIS'
    'HTTP_CF_VISITOR' => '{\"scheme\":\"http\"}'
    'HTTP_CF_WARP_TAG_ID' => 'f5bcc1c9-1522-405b-9562-82cfc34acae8'
    'HTTP_CONNECTION' => 'keep-alive'
    'HTTP_COOKIE' => '_csrf=9c51e7ef584468f9805930ce7ce95b2c2cff3618ef58bfb29296d849a33bb47ea%3A2%3A%7Bi%3A0%3Bs%3A5%3A%22_csrf%22%3Bi%3A1%3Bs%3A32%3A%22CwqLhIxxDX3ih2sSmJCTeQx1p4Iyw3GI%22%3B%7D; VeiGestSession=15mg5ej006dvogpav0o1qoc11r'
    'HTTP_PRIORITY' => 'u=4, i'
    'HTTP_REFERER' => 'http://veigestback.dryadlang.org/user/index'
    'HTTP_SEC_GPC' => '1'
    'HTTP_X_FORWARDED_FOR' => '2001:818:e848:8200:24fc:64a9:6d8c:5ccb'
    'HTTP_X_FORWARDED_PROTO' => 'http'
    'PATH' => '/usr/local/sbin:/usr/local/bin:/usr/sbin:/usr/bin:/snap/bin'
    'SERVER_SIGNATURE' => '<address>Apache/2.4.58 (Ubuntu) Server at veigestback.dryadlang.org Port 8002</address>
'
    'SERVER_SOFTWARE' => 'Apache/2.4.58 (Ubuntu)'
    'SERVER_NAME' => 'veigestback.dryadlang.org'
    'SERVER_ADDR' => '127.0.0.1'
    'SERVER_PORT' => '8002'
    'REMOTE_ADDR' => '127.0.0.1'
    'DOCUMENT_ROOT' => '/home/pedro/facul/website-VeiGest/veigest/backend/web'
    'REQUEST_SCHEME' => 'http'
    'CONTEXT_PREFIX' => ''
    'CONTEXT_DOCUMENT_ROOT' => '/home/pedro/facul/website-VeiGest/veigest/backend/web'
    'SERVER_ADMIN' => '[no address given]'
    'SCRIPT_FILENAME' => '/home/pedro/facul/website-VeiGest/veigest/backend/web/index.php'
    'REMOTE_PORT' => '57696'
    'REDIRECT_URL' => '/img/user-placeholder.png'
    'GATEWAY_INTERFACE' => 'CGI/1.1'
    'SERVER_PROTOCOL' => 'HTTP/1.1'
    'REQUEST_METHOD' => 'GET'
    'QUERY_STRING' => ''
    'REQUEST_URI' => '/img/user-placeholder.png'
    'SCRIPT_NAME' => '/index.php'
    'PHP_SELF' => '/index.php'
    'REQUEST_TIME_FLOAT' => 1767677065.0121
    'REQUEST_TIME' => 1767677065
]
2026-01-06 05:24:56 [127.0.0.1][1][15mg5ej006dvogpav0o1qoc11r][error][yii\web\HttpException:404] yii\base\InvalidRouteException: Unable to resolve the request "img/user-placeholder.png". in /home/pedro/facul/website-VeiGest/veigest/vendor/yiisoft/yii2/base/Module.php:564
Stack trace:
#0 /home/pedro/facul/website-VeiGest/veigest/vendor/yiisoft/yii2/web/Application.php(103): yii\base\Module->runAction()
#1 /home/pedro/facul/website-VeiGest/veigest/vendor/yiisoft/yii2/base/Application.php(387): yii\web\Application->handleRequest()
#2 /home/pedro/facul/website-VeiGest/veigest/backend/web/index.php(18): yii\base\Application->run()
#3 {main}

Next yii\web\NotFoundHttpException: Page not found. in /home/pedro/facul/website-VeiGest/veigest/vendor/yiisoft/yii2/web/Application.php:115
Stack trace:
#0 /home/pedro/facul/website-VeiGest/veigest/vendor/yiisoft/yii2/base/Application.php(387): yii\web\Application->handleRequest()
#1 /home/pedro/facul/website-VeiGest/veigest/backend/web/index.php(18): yii\base\Application->run()
#2 {main}
2026-01-06 05:24:56 [127.0.0.1][1][15mg5ej006dvogpav0o1qoc11r][info][application] $_GET = []

$_POST = []

$_FILES = []

$_COOKIE = [
    '_csrf' => '9c51e7ef584468f9805930ce7ce95b2c2cff3618ef58bfb29296d849a33bb47ea:2:{i:0;s:5:\"_csrf\";i:1;s:32:\"CwqLhIxxDX3ih2sSmJCTeQx1p4Iyw3GI\";}'
    'VeiGestSession' => '15mg5ej006dvogpav0o1qoc11r'
]

$_SESSION = [
    '__flash' => []
    '__id' => 1
    '__authKey' => '7111b40ce0a5e7b6d75484ab7a3f5af1'
]

$_SERVER = [
    'REDIRECT_STATUS' => '200'
    'HTTP_HOST' => 'veigestback.dryadlang.org'
    'HTTP_USER_AGENT' => 'Mozilla/5.0 (Windows NT 10.0; Win64; x64; rv:146.0) Gecko/20100101 Firefox/146.0'
    'HTTP_ACCEPT' => 'image/avif,image/webp,image/png,image/svg+xml,image/*;q=0.8,*/*;q=0.5'
    'HTTP_ACCEPT_ENCODING' => 'gzip'
    'HTTP_ACCEPT_LANGUAGE' => 'pt-PT,pt;q=0.8,en-US;q=0.5,en;q=0.3'
    'HTTP_CDN_LOOP' => 'cloudflare; loops=1'
    'HTTP_CF_CONNECTING_IP' => '2001:818:e848:8200:24fc:64a9:6d8c:5ccb'
    'HTTP_CF_IPCOUNTRY' => 'PT'
    'HTTP_CF_RAY' => '9b98cabcca9558fc-LIS'
    'HTTP_CF_VISITOR' => '{\"scheme\":\"http\"}'
    'HTTP_CF_WARP_TAG_ID' => 'f5bcc1c9-1522-405b-9562-82cfc34acae8'
    'HTTP_CONNECTION' => 'keep-alive'
    'HTTP_COOKIE' => '_csrf=9c51e7ef584468f9805930ce7ce95b2c2cff3618ef58bfb29296d849a33bb47ea%3A2%3A%7Bi%3A0%3Bs%3A5%3A%22_csrf%22%3Bi%3A1%3Bs%3A32%3A%22CwqLhIxxDX3ih2sSmJCTeQx1p4Iyw3GI%22%3B%7D; VeiGestSession=15mg5ej006dvogpav0o1qoc11r'
    'HTTP_PRIORITY' => 'u=5, i'
    'HTTP_REFERER' => 'http://veigestback.dryadlang.org/company/index'
    'HTTP_SEC_GPC' => '1'
    'HTTP_X_FORWARDED_FOR' => '2001:818:e848:8200:24fc:64a9:6d8c:5ccb'
    'HTTP_X_FORWARDED_PROTO' => 'http'
    'PATH' => '/usr/local/sbin:/usr/local/bin:/usr/sbin:/usr/bin:/snap/bin'
    'SERVER_SIGNATURE' => '<address>Apache/2.4.58 (Ubuntu) Server at veigestback.dryadlang.org Port 8002</address>
'
    'SERVER_SOFTWARE' => 'Apache/2.4.58 (Ubuntu)'
    'SERVER_NAME' => 'veigestback.dryadlang.org'
    'SERVER_ADDR' => '127.0.0.1'
    'SERVER_PORT' => '8002'
    'REMOTE_ADDR' => '127.0.0.1'
    'DOCUMENT_ROOT' => '/home/pedro/facul/website-VeiGest/veigest/backend/web'
    'REQUEST_SCHEME' => 'http'
    'CONTEXT_PREFIX' => ''
    'CONTEXT_DOCUMENT_ROOT' => '/home/pedro/facul/website-VeiGest/veigest/backend/web'
    'SERVER_ADMIN' => '[no address given]'
    'SCRIPT_FILENAME' => '/home/pedro/facul/website-VeiGest/veigest/backend/web/index.php'
    'REMOTE_PORT' => '39642'
    'REDIRECT_URL' => '/img/user-placeholder.png'
    'GATEWAY_INTERFACE' => 'CGI/1.1'
    'SERVER_PROTOCOL' => 'HTTP/1.1'
    'REQUEST_METHOD' => 'GET'
    'QUERY_STRING' => ''
    'REQUEST_URI' => '/img/user-placeholder.png'
    'SCRIPT_NAME' => '/index.php'
    'PHP_SELF' => '/index.php'
    'REQUEST_TIME_FLOAT' => 1767677096.458
    'REQUEST_TIME' => 1767677096
]
2026-01-06 05:25:02 [127.0.0.1][1][15mg5ej006dvogpav0o1qoc11r][error][yii\web\HttpException:404] yii\base\InvalidRouteException: Unable to resolve the request "img/user-placeholder.png". in /home/pedro/facul/website-VeiGest/veigest/vendor/yiisoft/yii2/base/Module.php:564
Stack trace:
#0 /home/pedro/facul/website-VeiGest/veigest/vendor/yiisoft/yii2/web/Application.php(103): yii\base\Module->runAction()
#1 /home/pedro/facul/website-VeiGest/veigest/vendor/yiisoft/yii2/base/Application.php(387): yii\web\Application->handleRequest()
#2 /home/pedro/facul/website-VeiGest/veigest/backend/web/index.php(18): yii\base\Application->run()
#3 {main}

Next yii\web\NotFoundHttpException: Page not found. in /home/pedro/facul/website-VeiGest/veigest/vendor/yiisoft/yii2/web/Application.php:115
Stack trace:
#0 /home/pedro/facul/website-VeiGest/veigest/vendor/yiisoft/yii2/base/Application.php(387): yii\web\Application->handleRequest()
#1 /home/pedro/facul/website-VeiGest/veigest/backend/web/index.php(18): yii\base\Application->run()
#2 {main}
2026-01-06 05:25:02 [127.0.0.1][1][15mg5ej006dvogpav0o1qoc11r][info][application] $_GET = []

$_POST = []

$_FILES = []

$_COOKIE = [
    '_csrf' => '9c51e7ef584468f9805930ce7ce95b2c2cff3618ef58bfb29296d849a33bb47ea:2:{i:0;s:5:\"_csrf\";i:1;s:32:\"CwqLhIxxDX3ih2sSmJCTeQx1p4Iyw3GI\";}'
    'VeiGestSession' => '15mg5ej006dvogpav0o1qoc11r'
]

$_SESSION = [
    '__flash' => []
    '__id' => 1
    '__authKey' => '7111b40ce0a5e7b6d75484ab7a3f5af1'
]

$_SERVER = [
    'REDIRECT_STATUS' => '200'
    'HTTP_HOST' => 'veigestback.dryadlang.org'
    'HTTP_USER_AGENT' => 'Mozilla/5.0 (Windows NT 10.0; Win64; x64; rv:146.0) Gecko/20100101 Firefox/146.0'
    'HTTP_ACCEPT' => 'image/avif,image/webp,image/png,image/svg+xml,image/*;q=0.8,*/*;q=0.5'
    'HTTP_ACCEPT_ENCODING' => 'gzip'
    'HTTP_ACCEPT_LANGUAGE' => 'pt-PT,pt;q=0.8,en-US;q=0.5,en;q=0.3'
    'HTTP_CDN_LOOP' => 'cloudflare; loops=1'
    'HTTP_CF_CONNECTING_IP' => '2001:818:e848:8200:24fc:64a9:6d8c:5ccb'
    'HTTP_CF_IPCOUNTRY' => 'PT'
    'HTTP_CF_RAY' => '9b98cae33c8958fc-LIS'
    'HTTP_CF_VISITOR' => '{\"scheme\":\"http\"}'
    'HTTP_CF_WARP_TAG_ID' => 'f5bcc1c9-1522-405b-9562-82cfc34acae8'
    'HTTP_CONNECTION' => 'keep-alive'
    'HTTP_COOKIE' => '_csrf=9c51e7ef584468f9805930ce7ce95b2c2cff3618ef58bfb29296d849a33bb47ea%3A2%3A%7Bi%3A0%3Bs%3A5%3A%22_csrf%22%3Bi%3A1%3Bs%3A32%3A%22CwqLhIxxDX3ih2sSmJCTeQx1p4Iyw3GI%22%3B%7D; VeiGestSession=15mg5ej006dvogpav0o1qoc11r'
    'HTTP_PRIORITY' => 'u=5, i'
    'HTTP_REFERER' => 'http://veigestback.dryadlang.org/company/create'
    'HTTP_SEC_GPC' => '1'
    'HTTP_X_FORWARDED_FOR' => '2001:818:e848:8200:24fc:64a9:6d8c:5ccb'
    'HTTP_X_FORWARDED_PROTO' => 'http'
    'PATH' => '/usr/local/sbin:/usr/local/bin:/usr/sbin:/usr/bin:/snap/bin'
    'SERVER_SIGNATURE' => '<address>Apache/2.4.58 (Ubuntu) Server at veigestback.dryadlang.org Port 8002</address>
'
    'SERVER_SOFTWARE' => 'Apache/2.4.58 (Ubuntu)'
    'SERVER_NAME' => 'veigestback.dryadlang.org'
    'SERVER_ADDR' => '127.0.0.1'
    'SERVER_PORT' => '8002'
    'REMOTE_ADDR' => '127.0.0.1'
    'DOCUMENT_ROOT' => '/home/pedro/facul/website-VeiGest/veigest/backend/web'
    'REQUEST_SCHEME' => 'http'
    'CONTEXT_PREFIX' => ''
    'CONTEXT_DOCUMENT_ROOT' => '/home/pedro/facul/website-VeiGest/veigest/backend/web'
    'SERVER_ADMIN' => '[no address given]'
    'SCRIPT_FILENAME' => '/home/pedro/facul/website-VeiGest/veigest/backend/web/index.php'
    'REMOTE_PORT' => '49202'
    'REDIRECT_URL' => '/img/user-placeholder.png'
    'GATEWAY_INTERFACE' => 'CGI/1.1'
    'SERVER_PROTOCOL' => 'HTTP/1.1'
    'REQUEST_METHOD' => 'GET'
    'QUERY_STRING' => ''
    'REQUEST_URI' => '/img/user-placeholder.png'
    'SCRIPT_NAME' => '/index.php'
    'PHP_SELF' => '/index.php'
    'REQUEST_TIME_FLOAT' => 1767677102.6035
    'REQUEST_TIME' => 1767677102
]
2026-01-06 05:25:16 [127.0.0.1][1][15mg5ej006dvogpav0o1qoc11r][error][yii\db\Exception] PDOException: SQLSTATE[HY000]: General error: 1364 Field 'code' doesn't have a default value in /home/pedro/facul/website-VeiGest/veigest/vendor/yiisoft/yii2/db/Command.php:1320
Stack trace:
#0 /home/pedro/facul/website-VeiGest/veigest/vendor/yiisoft/yii2/db/Command.php(1320): PDOStatement->execute()
#1 /home/pedro/facul/website-VeiGest/veigest/vendor/yiisoft/yii2/db/Command.php(1120): yii\db\Command->internalExecute()
#2 /home/pedro/facul/website-VeiGest/veigest/vendor/yiisoft/yii2/db/Schema.php(431): yii\db\Command->execute()
#3 /home/pedro/facul/website-VeiGest/veigest/vendor/yiisoft/yii2/db/ActiveRecord.php(610): yii\db\Schema->insert()
#4 /home/pedro/facul/website-VeiGest/veigest/vendor/yiisoft/yii2/db/ActiveRecord.php(576): yii\db\ActiveRecord->insertInternal()
#5 /home/pedro/facul/website-VeiGest/veigest/vendor/yiisoft/yii2/db/BaseActiveRecord.php(688): yii\db\ActiveRecord->insert()
#6 /home/pedro/facul/website-VeiGest/veigest/backend/controllers/CompanyController.php(61): yii\db\BaseActiveRecord->save()
#7 [internal function]: backend\controllers\CompanyController->actionCreate()
#8 /home/pedro/facul/website-VeiGest/veigest/vendor/yiisoft/yii2/base/InlineAction.php(60): call_user_func_array()
#9 /home/pedro/facul/website-VeiGest/veigest/vendor/yiisoft/yii2/base/Controller.php(184): yii\base\InlineAction->runWithParams()
#10 /home/pedro/facul/website-VeiGest/veigest/vendor/yiisoft/yii2/base/Module.php(555): yii\base\Controller->runAction()
#11 /home/pedro/facul/website-VeiGest/veigest/vendor/yiisoft/yii2/web/Application.php(103): yii\base\Module->runAction()
#12 /home/pedro/facul/website-VeiGest/veigest/vendor/yiisoft/yii2/base/Application.php(387): yii\web\Application->handleRequest()
#13 /home/pedro/facul/website-VeiGest/veigest/backend/web/index.php(18): yii\base\Application->run()
#14 {main}

Next yii\db\Exception: SQLSTATE[HY000]: General error: 1364 Field 'code' doesn't have a default value
The SQL being executed was: INSERT INTO `companies` (`name`, `tax_id`, `email`, `phone`, `status`, `plan`) VALUES ('Teste', '999999990', 'teste@mail.com', '999999999', 'active', 'basic') in /home/pedro/facul/website-VeiGest/veigest/vendor/yiisoft/yii2/db/Schema.php:676
Stack trace:
#0 /home/pedro/facul/website-VeiGest/veigest/vendor/yiisoft/yii2/db/Command.php(1325): yii\db\Schema->convertException()
#1 /home/pedro/facul/website-VeiGest/veigest/vendor/yiisoft/yii2/db/Command.php(1120): yii\db\Command->internalExecute()
#2 /home/pedro/facul/website-VeiGest/veigest/vendor/yiisoft/yii2/db/Schema.php(431): yii\db\Command->execute()
#3 /home/pedro/facul/website-VeiGest/veigest/vendor/yiisoft/yii2/db/ActiveRecord.php(610): yii\db\Schema->insert()
#4 /home/pedro/facul/website-VeiGest/veigest/vendor/yiisoft/yii2/db/ActiveRecord.php(576): yii\db\ActiveRecord->insertInternal()
#5 /home/pedro/facul/website-VeiGest/veigest/vendor/yiisoft/yii2/db/BaseActiveRecord.php(688): yii\db\ActiveRecord->insert()
#6 /home/pedro/facul/website-VeiGest/veigest/backend/controllers/CompanyController.php(61): yii\db\BaseActiveRecord->save()
#7 [internal function]: backend\controllers\CompanyController->actionCreate()
#8 /home/pedro/facul/website-VeiGest/veigest/vendor/yiisoft/yii2/base/InlineAction.php(60): call_user_func_array()
#9 /home/pedro/facul/website-VeiGest/veigest/vendor/yiisoft/yii2/base/Controller.php(184): yii\base\InlineAction->runWithParams()
#10 /home/pedro/facul/website-VeiGest/veigest/vendor/yiisoft/yii2/base/Module.php(555): yii\base\Controller->runAction()
#11 /home/pedro/facul/website-VeiGest/veigest/vendor/yiisoft/yii2/web/Application.php(103): yii\base\Module->runAction()
#12 /home/pedro/facul/website-VeiGest/veigest/vendor/yiisoft/yii2/base/Application.php(387): yii\web\Application->handleRequest()
#13 /home/pedro/facul/website-VeiGest/veigest/backend/web/index.php(18): yii\base\Application->run()
#14 {main}
Additional Information:
Array
(
    [0] => HY000
    [1] => 1364
    [2] => Field 'code' doesn't have a default value
)

2026-01-06 05:25:16 [127.0.0.1][1][15mg5ej006dvogpav0o1qoc11r][info][application] $_GET = []

$_POST = [
    '_csrf' => 'ouGl-cd64WhYFwOmApKoAqjZMv8XGRpCqBtS-9MiB53hltS1rzOZEBxPMM9qoNtRxZNxq3JIYnPYLxuCpBFA1A=='
    'Company' => [
        'name' => 'Teste'
        'tax_id' => '999999990'
        'email' => 'teste@mail.com'
        'phone' => '999999999'
        'status' => 'active'
        'plan' => 'basic'
    ]
]

$_FILES = []

$_COOKIE = [
    '_csrf' => '9c51e7ef584468f9805930ce7ce95b2c2cff3618ef58bfb29296d849a33bb47ea:2:{i:0;s:5:\"_csrf\";i:1;s:32:\"CwqLhIxxDX3ih2sSmJCTeQx1p4Iyw3GI\";}'
    'VeiGestSession' => '15mg5ej006dvogpav0o1qoc11r'
]

$_SESSION = [
    '__flash' => []
    '__id' => 1
    '__authKey' => '7111b40ce0a5e7b6d75484ab7a3f5af1'
]

$_SERVER = [
    'REDIRECT_STATUS' => '200'
    'HTTP_HOST' => 'veigestback.dryadlang.org'
    'HTTP_USER_AGENT' => 'Mozilla/5.0 (Windows NT 10.0; Win64; x64; rv:146.0) Gecko/20100101 Firefox/146.0'
    'CONTENT_LENGTH' => '268'
    'HTTP_ACCEPT' => 'text/html,application/xhtml+xml,application/xml;q=0.9,*/*;q=0.8'
    'HTTP_ACCEPT_ENCODING' => 'gzip'
    'HTTP_ACCEPT_LANGUAGE' => 'pt-PT,pt;q=0.8,en-US;q=0.5,en;q=0.3'
    'HTTP_CDN_LOOP' => 'cloudflare; loops=1'
    'HTTP_CF_CONNECTING_IP' => '2001:818:e848:8200:24fc:64a9:6d8c:5ccb'
    'HTTP_CF_IPCOUNTRY' => 'PT'
    'HTTP_CF_RAY' => '9b98cb3b68ac58fc-LIS'
    'HTTP_CF_VISITOR' => '{\"scheme\":\"http\"}'
    'HTTP_CF_WARP_TAG_ID' => 'f5bcc1c9-1522-405b-9562-82cfc34acae8'
    'HTTP_CONNECTION' => 'keep-alive'
    'CONTENT_TYPE' => 'application/x-www-form-urlencoded'
    'HTTP_COOKIE' => '_csrf=9c51e7ef584468f9805930ce7ce95b2c2cff3618ef58bfb29296d849a33bb47ea%3A2%3A%7Bi%3A0%3Bs%3A5%3A%22_csrf%22%3Bi%3A1%3Bs%3A32%3A%22CwqLhIxxDX3ih2sSmJCTeQx1p4Iyw3GI%22%3B%7D; VeiGestSession=15mg5ej006dvogpav0o1qoc11r'
    'HTTP_ORIGIN' => 'http://veigestback.dryadlang.org'
    'HTTP_PRIORITY' => 'u=0, i'
    'HTTP_REFERER' => 'http://veigestback.dryadlang.org/company/create'
    'HTTP_SEC_GPC' => '1'
    'HTTP_UPGRADE_INSECURE_REQUESTS' => '1'
    'HTTP_X_FORWARDED_FOR' => '2001:818:e848:8200:24fc:64a9:6d8c:5ccb'
    'HTTP_X_FORWARDED_PROTO' => 'http'
    'PATH' => '/usr/local/sbin:/usr/local/bin:/usr/sbin:/usr/bin:/snap/bin'
    'SERVER_SIGNATURE' => '<address>Apache/2.4.58 (Ubuntu) Server at veigestback.dryadlang.org Port 8002</address>
'
    'SERVER_SOFTWARE' => 'Apache/2.4.58 (Ubuntu)'
    'SERVER_NAME' => 'veigestback.dryadlang.org'
    'SERVER_ADDR' => '127.0.0.1'
    'SERVER_PORT' => '8002'
    'REMOTE_ADDR' => '127.0.0.1'
    'DOCUMENT_ROOT' => '/home/pedro/facul/website-VeiGest/veigest/backend/web'
    'REQUEST_SCHEME' => 'http'
    'CONTEXT_PREFIX' => ''
    'CONTEXT_DOCUMENT_ROOT' => '/home/pedro/facul/website-VeiGest/veigest/backend/web'
    'SERVER_ADMIN' => '[no address given]'
    'SCRIPT_FILENAME' => '/home/pedro/facul/website-VeiGest/veigest/backend/web/index.php'
    'REMOTE_PORT' => '34338'
    'REDIRECT_URL' => '/company/create'
    'GATEWAY_INTERFACE' => 'CGI/1.1'
    'SERVER_PROTOCOL' => 'HTTP/1.1'
    'REQUEST_METHOD' => 'POST'
    'QUERY_STRING' => ''
    'REQUEST_URI' => '/company/create'
    'SCRIPT_NAME' => '/index.php'
    'PHP_SELF' => '/index.php'
    'REQUEST_TIME_FLOAT' => 1767677116.7145
    'REQUEST_TIME' => 1767677116
]
2026-01-06 05:25:37 [127.0.0.1][1][15mg5ej006dvogpav0o1qoc11r][error][yii\web\HttpException:404] yii\base\InvalidRouteException: Unable to resolve the request "img/user-placeholder.png". in /home/pedro/facul/website-VeiGest/veigest/vendor/yiisoft/yii2/base/Module.php:564
Stack trace:
#0 /home/pedro/facul/website-VeiGest/veigest/vendor/yiisoft/yii2/web/Application.php(103): yii\base\Module->runAction()
#1 /home/pedro/facul/website-VeiGest/veigest/vendor/yiisoft/yii2/base/Application.php(387): yii\web\Application->handleRequest()
#2 /home/pedro/facul/website-VeiGest/veigest/backend/web/index.php(18): yii\base\Application->run()
#3 {main}

Next yii\web\NotFoundHttpException: Page not found. in /home/pedro/facul/website-VeiGest/veigest/vendor/yiisoft/yii2/web/Application.php:115
Stack trace:
#0 /home/pedro/facul/website-VeiGest/veigest/vendor/yiisoft/yii2/base/Application.php(387): yii\web\Application->handleRequest()
#1 /home/pedro/facul/website-VeiGest/veigest/backend/web/index.php(18): yii\base\Application->run()
#2 {main}
2026-01-06 05:25:37 [127.0.0.1][1][15mg5ej006dvogpav0o1qoc11r][info][application] $_GET = []

$_POST = []

$_FILES = []

$_COOKIE = [
    '_csrf' => '9c51e7ef584468f9805930ce7ce95b2c2cff3618ef58bfb29296d849a33bb47ea:2:{i:0;s:5:\"_csrf\";i:1;s:32:\"CwqLhIxxDX3ih2sSmJCTeQx1p4Iyw3GI\";}'
    'VeiGestSession' => '15mg5ej006dvogpav0o1qoc11r'
]

$_SESSION = [
    '__flash' => []
    '__id' => 1
    '__authKey' => '7111b40ce0a5e7b6d75484ab7a3f5af1'
]

$_SERVER = [
    'REDIRECT_STATUS' => '200'
    'HTTP_HOST' => 'veigestback.dryadlang.org'
    'HTTP_USER_AGENT' => 'Mozilla/5.0 (Windows NT 10.0; Win64; x64; rv:146.0) Gecko/20100101 Firefox/146.0'
    'HTTP_ACCEPT' => 'image/avif,image/webp,image/png,image/svg+xml,image/*;q=0.8,*/*;q=0.5'
    'HTTP_ACCEPT_ENCODING' => 'gzip'
    'HTTP_ACCEPT_LANGUAGE' => 'pt-PT,pt;q=0.8,en-US;q=0.5,en;q=0.3'
    'HTTP_CDN_LOOP' => 'cloudflare; loops=1'
    'HTTP_CF_CONNECTING_IP' => '2001:818:e848:8200:24fc:64a9:6d8c:5ccb'
    'HTTP_CF_IPCOUNTRY' => 'PT'
    'HTTP_CF_RAY' => '9b98cbbf3d7d58fc-LIS'
    'HTTP_CF_VISITOR' => '{\"scheme\":\"http\"}'
    'HTTP_CF_WARP_TAG_ID' => 'f5bcc1c9-1522-405b-9562-82cfc34acae8'
    'HTTP_CONNECTION' => 'keep-alive'
    'HTTP_COOKIE' => '_csrf=9c51e7ef584468f9805930ce7ce95b2c2cff3618ef58bfb29296d849a33bb47ea%3A2%3A%7Bi%3A0%3Bs%3A5%3A%22_csrf%22%3Bi%3A1%3Bs%3A32%3A%22CwqLhIxxDX3ih2sSmJCTeQx1p4Iyw3GI%22%3B%7D; VeiGestSession=15mg5ej006dvogpav0o1qoc11r'
    'HTTP_PRIORITY' => 'u=5, i'
    'HTTP_REFERER' => 'http://veigestback.dryadlang.org/company/create'
    'HTTP_SEC_GPC' => '1'
    'HTTP_X_FORWARDED_FOR' => '2001:818:e848:8200:24fc:64a9:6d8c:5ccb'
    'HTTP_X_FORWARDED_PROTO' => 'http'
    'PATH' => '/usr/local/sbin:/usr/local/bin:/usr/sbin:/usr/bin:/snap/bin'
    'SERVER_SIGNATURE' => '<address>Apache/2.4.58 (Ubuntu) Server at veigestback.dryadlang.org Port 8002</address>
'
    'SERVER_SOFTWARE' => 'Apache/2.4.58 (Ubuntu)'
    'SERVER_NAME' => 'veigestback.dryadlang.org'
    'SERVER_ADDR' => '127.0.0.1'
    'SERVER_PORT' => '8002'
    'REMOTE_ADDR' => '127.0.0.1'
    'DOCUMENT_ROOT' => '/home/pedro/facul/website-VeiGest/veigest/backend/web'
    'REQUEST_SCHEME' => 'http'
    'CONTEXT_PREFIX' => ''
    'CONTEXT_DOCUMENT_ROOT' => '/home/pedro/facul/website-VeiGest/veigest/backend/web'
    'SERVER_ADMIN' => '[no address given]'
    'SCRIPT_FILENAME' => '/home/pedro/facul/website-VeiGest/veigest/backend/web/index.php'
    'REMOTE_PORT' => '49276'
    'REDIRECT_URL' => '/img/user-placeholder.png'
    'GATEWAY_INTERFACE' => 'CGI/1.1'
    'SERVER_PROTOCOL' => 'HTTP/1.1'
    'REQUEST_METHOD' => 'GET'
    'QUERY_STRING' => ''
    'REQUEST_URI' => '/img/user-placeholder.png'
    'SCRIPT_NAME' => '/index.php'
    'PHP_SELF' => '/index.php'
    'REQUEST_TIME_FLOAT' => 1767677137.8069
    'REQUEST_TIME' => 1767677137
]
2026-01-06 05:25:41 [127.0.0.1][1][15mg5ej006dvogpav0o1qoc11r][error][yii\web\HttpException:404] yii\base\InvalidRouteException: Unable to resolve the request "img/user-placeholder.png". in /home/pedro/facul/website-VeiGest/veigest/vendor/yiisoft/yii2/base/Module.php:564
Stack trace:
#0 /home/pedro/facul/website-VeiGest/veigest/vendor/yiisoft/yii2/web/Application.php(103): yii\base\Module->runAction()
#1 /home/pedro/facul/website-VeiGest/veigest/vendor/yiisoft/yii2/base/Application.php(387): yii\web\Application->handleRequest()
#2 /home/pedro/facul/website-VeiGest/veigest/backend/web/index.php(18): yii\base\Application->run()
#3 {main}

Next yii\web\NotFoundHttpException: Page not found. in /home/pedro/facul/website-VeiGest/veigest/vendor/yiisoft/yii2/web/Application.php:115
Stack trace:
#0 /home/pedro/facul/website-VeiGest/veigest/vendor/yiisoft/yii2/base/Application.php(387): yii\web\Application->handleRequest()
#1 /home/pedro/facul/website-VeiGest/veigest/backend/web/index.php(18): yii\base\Application->run()
#2 {main}
2026-01-06 05:25:41 [127.0.0.1][1][15mg5ej006dvogpav0o1qoc11r][info][application] $_GET = []

$_POST = []

$_FILES = []

$_COOKIE = [
    '_csrf' => '9c51e7ef584468f9805930ce7ce95b2c2cff3618ef58bfb29296d849a33bb47ea:2:{i:0;s:5:\"_csrf\";i:1;s:32:\"CwqLhIxxDX3ih2sSmJCTeQx1p4Iyw3GI\";}'
    'VeiGestSession' => '15mg5ej006dvogpav0o1qoc11r'
]

$_SESSION = [
    '__flash' => []
    '__id' => 1
    '__authKey' => '7111b40ce0a5e7b6d75484ab7a3f5af1'
]

$_SERVER = [
    'REDIRECT_STATUS' => '200'
    'HTTP_HOST' => 'veigestback.dryadlang.org'
    'HTTP_USER_AGENT' => 'Mozilla/5.0 (Windows NT 10.0; Win64; x64; rv:146.0) Gecko/20100101 Firefox/146.0'
    'HTTP_ACCEPT' => 'image/avif,image/webp,image/png,image/svg+xml,image/*;q=0.8,*/*;q=0.5'
    'HTTP_ACCEPT_ENCODING' => 'gzip'
    'HTTP_ACCEPT_LANGUAGE' => 'pt-PT,pt;q=0.8,en-US;q=0.5,en;q=0.3'
    'HTTP_CDN_LOOP' => 'cloudflare; loops=1'
    'HTTP_CF_CONNECTING_IP' => '2001:818:e848:8200:24fc:64a9:6d8c:5ccb'
    'HTTP_CF_IPCOUNTRY' => 'PT'
    'HTTP_CF_RAY' => '9b98cbd3d81658fc-LIS'
    'HTTP_CF_VISITOR' => '{\"scheme\":\"http\"}'
    'HTTP_CF_WARP_TAG_ID' => 'f5bcc1c9-1522-405b-9562-82cfc34acae8'
    'HTTP_CONNECTION' => 'keep-alive'
    'HTTP_COOKIE' => '_csrf=9c51e7ef584468f9805930ce7ce95b2c2cff3618ef58bfb29296d849a33bb47ea%3A2%3A%7Bi%3A0%3Bs%3A5%3A%22_csrf%22%3Bi%3A1%3Bs%3A32%3A%22CwqLhIxxDX3ih2sSmJCTeQx1p4Iyw3GI%22%3B%7D; VeiGestSession=15mg5ej006dvogpav0o1qoc11r'
    'HTTP_PRIORITY' => 'u=5, i'
    'HTTP_REFERER' => 'http://veigestback.dryadlang.org/company/index'
    'HTTP_SEC_GPC' => '1'
    'HTTP_X_FORWARDED_FOR' => '2001:818:e848:8200:24fc:64a9:6d8c:5ccb'
    'HTTP_X_FORWARDED_PROTO' => 'http'
    'PATH' => '/usr/local/sbin:/usr/local/bin:/usr/sbin:/usr/bin:/snap/bin'
    'SERVER_SIGNATURE' => '<address>Apache/2.4.58 (Ubuntu) Server at veigestback.dryadlang.org Port 8002</address>
'
    'SERVER_SOFTWARE' => 'Apache/2.4.58 (Ubuntu)'
    'SERVER_NAME' => 'veigestback.dryadlang.org'
    'SERVER_ADDR' => '127.0.0.1'
    'SERVER_PORT' => '8002'
    'REMOTE_ADDR' => '127.0.0.1'
    'DOCUMENT_ROOT' => '/home/pedro/facul/website-VeiGest/veigest/backend/web'
    'REQUEST_SCHEME' => 'http'
    'CONTEXT_PREFIX' => ''
    'CONTEXT_DOCUMENT_ROOT' => '/home/pedro/facul/website-VeiGest/veigest/backend/web'
    'SERVER_ADMIN' => '[no address given]'
    'SCRIPT_FILENAME' => '/home/pedro/facul/website-VeiGest/veigest/backend/web/index.php'
    'REMOTE_PORT' => '49276'
    'REDIRECT_URL' => '/img/user-placeholder.png'
    'GATEWAY_INTERFACE' => 'CGI/1.1'
    'SERVER_PROTOCOL' => 'HTTP/1.1'
    'REQUEST_METHOD' => 'GET'
    'QUERY_STRING' => ''
    'REQUEST_URI' => '/img/user-placeholder.png'
    'SCRIPT_NAME' => '/index.php'
    'PHP_SELF' => '/index.php'
    'REQUEST_TIME_FLOAT' => 1767677141.107
    'REQUEST_TIME' => 1767677141
]
2026-01-06 05:27:34 [127.0.0.1][1][15mg5ej006dvogpav0o1qoc11r][error][yii\web\HttpException:404] yii\base\InvalidRouteException: Unable to resolve the request "img/user-placeholder.png". in /home/pedro/facul/website-VeiGest/veigest/vendor/yiisoft/yii2/base/Module.php:564
Stack trace:
#0 /home/pedro/facul/website-VeiGest/veigest/vendor/yiisoft/yii2/web/Application.php(103): yii\base\Module->runAction()
#1 /home/pedro/facul/website-VeiGest/veigest/vendor/yiisoft/yii2/base/Application.php(387): yii\web\Application->handleRequest()
#2 /home/pedro/facul/website-VeiGest/veigest/backend/web/index.php(18): yii\base\Application->run()
#3 {main}

Next yii\web\NotFoundHttpException: Page not found. in /home/pedro/facul/website-VeiGest/veigest/vendor/yiisoft/yii2/web/Application.php:115
Stack trace:
#0 /home/pedro/facul/website-VeiGest/veigest/vendor/yiisoft/yii2/base/Application.php(387): yii\web\Application->handleRequest()
#1 /home/pedro/facul/website-VeiGest/veigest/backend/web/index.php(18): yii\base\Application->run()
#2 {main}
2026-01-06 05:27:34 [127.0.0.1][1][15mg5ej006dvogpav0o1qoc11r][info][application] $_GET = []

$_POST = []

$_FILES = []

$_COOKIE = [
    '_csrf' => '9c51e7ef584468f9805930ce7ce95b2c2cff3618ef58bfb29296d849a33bb47ea:2:{i:0;s:5:\"_csrf\";i:1;s:32:\"CwqLhIxxDX3ih2sSmJCTeQx1p4Iyw3GI\";}'
    'VeiGestSession' => '15mg5ej006dvogpav0o1qoc11r'
]

$_SESSION = [
    '__flash' => []
    '__id' => 1
    '__authKey' => '7111b40ce0a5e7b6d75484ab7a3f5af1'
]

$_SERVER = [
    'REDIRECT_STATUS' => '200'
    'HTTP_HOST' => 'veigestback.dryadlang.org'
    'HTTP_USER_AGENT' => 'Mozilla/5.0 (Windows NT 10.0; Win64; x64; rv:146.0) Gecko/20100101 Firefox/146.0'
    'HTTP_ACCEPT' => 'image/avif,image/webp,image/png,image/svg+xml,image/*;q=0.8,*/*;q=0.5'
    'HTTP_ACCEPT_ENCODING' => 'gzip'
    'HTTP_ACCEPT_LANGUAGE' => 'pt-PT,pt;q=0.8,en-US;q=0.5,en;q=0.3'
    'HTTP_CDN_LOOP' => 'cloudflare; loops=1'
    'HTTP_CF_CONNECTING_IP' => '2001:818:e848:8200:24fc:64a9:6d8c:5ccb'
    'HTTP_CF_IPCOUNTRY' => 'PT'
    'HTTP_CF_RAY' => '9b98ce964c6058fc-LIS'
    'HTTP_CF_VISITOR' => '{\"scheme\":\"http\"}'
    'HTTP_CF_WARP_TAG_ID' => 'f5bcc1c9-1522-405b-9562-82cfc34acae8'
    'HTTP_CONNECTION' => 'keep-alive'
    'HTTP_COOKIE' => '_csrf=9c51e7ef584468f9805930ce7ce95b2c2cff3618ef58bfb29296d849a33bb47ea%3A2%3A%7Bi%3A0%3Bs%3A5%3A%22_csrf%22%3Bi%3A1%3Bs%3A32%3A%22CwqLhIxxDX3ih2sSmJCTeQx1p4Iyw3GI%22%3B%7D; VeiGestSession=15mg5ej006dvogpav0o1qoc11r'
    'HTTP_PRIORITY' => 'u=5, i'
    'HTTP_REFERER' => 'http://veigestback.dryadlang.org/user/index'
    'HTTP_SEC_GPC' => '1'
    'HTTP_X_FORWARDED_FOR' => '2001:818:e848:8200:24fc:64a9:6d8c:5ccb'
    'HTTP_X_FORWARDED_PROTO' => 'http'
    'PATH' => '/usr/local/sbin:/usr/local/bin:/usr/sbin:/usr/bin:/snap/bin'
    'SERVER_SIGNATURE' => '<address>Apache/2.4.58 (Ubuntu) Server at veigestback.dryadlang.org Port 8002</address>
'
    'SERVER_SOFTWARE' => 'Apache/2.4.58 (Ubuntu)'
    'SERVER_NAME' => 'veigestback.dryadlang.org'
    'SERVER_ADDR' => '127.0.0.1'
    'SERVER_PORT' => '8002'
    'REMOTE_ADDR' => '127.0.0.1'
    'DOCUMENT_ROOT' => '/home/pedro/facul/website-VeiGest/veigest/backend/web'
    'REQUEST_SCHEME' => 'http'
    'CONTEXT_PREFIX' => ''
    'CONTEXT_DOCUMENT_ROOT' => '/home/pedro/facul/website-VeiGest/veigest/backend/web'
    'SERVER_ADMIN' => '[no address given]'
    'SCRIPT_FILENAME' => '/home/pedro/facul/website-VeiGest/veigest/backend/web/index.php'
    'REMOTE_PORT' => '38634'
    'REDIRECT_URL' => '/img/user-placeholder.png'
    'GATEWAY_INTERFACE' => 'CGI/1.1'
    'SERVER_PROTOCOL' => 'HTTP/1.1'
    'REQUEST_METHOD' => 'GET'
    'QUERY_STRING' => ''
    'REQUEST_URI' => '/img/user-placeholder.png'
    'SCRIPT_NAME' => '/index.php'
    'PHP_SELF' => '/index.php'
    'REQUEST_TIME_FLOAT' => 1767677254.1346
    'REQUEST_TIME' => 1767677254
]
2026-01-06 05:27:49 [127.0.0.1][1][15mg5ej006dvogpav0o1qoc11r][error][yii\web\HttpException:404] yii\base\InvalidRouteException: Unable to resolve the request "img/user-placeholder.png". in /home/pedro/facul/website-VeiGest/veigest/vendor/yiisoft/yii2/base/Module.php:564
Stack trace:
#0 /home/pedro/facul/website-VeiGest/veigest/vendor/yiisoft/yii2/web/Application.php(103): yii\base\Module->runAction()
#1 /home/pedro/facul/website-VeiGest/veigest/vendor/yiisoft/yii2/base/Application.php(387): yii\web\Application->handleRequest()
#2 /home/pedro/facul/website-VeiGest/veigest/backend/web/index.php(18): yii\base\Application->run()
#3 {main}

Next yii\web\NotFoundHttpException: Page not found. in /home/pedro/facul/website-VeiGest/veigest/vendor/yiisoft/yii2/web/Application.php:115
Stack trace:
#0 /home/pedro/facul/website-VeiGest/veigest/vendor/yiisoft/yii2/base/Application.php(387): yii\web\Application->handleRequest()
#1 /home/pedro/facul/website-VeiGest/veigest/backend/web/index.php(18): yii\base\Application->run()
#2 {main}
2026-01-06 05:27:49 [127.0.0.1][1][15mg5ej006dvogpav0o1qoc11r][info][application] $_GET = []

$_POST = []

$_FILES = []

$_COOKIE = [
    '_csrf' => '9c51e7ef584468f9805930ce7ce95b2c2cff3618ef58bfb29296d849a33bb47ea:2:{i:0;s:5:\"_csrf\";i:1;s:32:\"CwqLhIxxDX3ih2sSmJCTeQx1p4Iyw3GI\";}'
    'VeiGestSession' => '15mg5ej006dvogpav0o1qoc11r'
]

$_SESSION = [
    '__flash' => []
    '__id' => 1
    '__authKey' => '7111b40ce0a5e7b6d75484ab7a3f5af1'
]

$_SERVER = [
    'REDIRECT_STATUS' => '200'
    'HTTP_HOST' => 'veigestback.dryadlang.org'
    'HTTP_USER_AGENT' => 'Mozilla/5.0 (Windows NT 10.0; Win64; x64; rv:146.0) Gecko/20100101 Firefox/146.0'
    'HTTP_ACCEPT' => 'image/avif,image/webp,image/png,image/svg+xml,image/*;q=0.8,*/*;q=0.5'
    'HTTP_ACCEPT_ENCODING' => 'gzip'
    'HTTP_ACCEPT_LANGUAGE' => 'pt-PT,pt;q=0.8,en-US;q=0.5,en;q=0.3'
    'HTTP_CDN_LOOP' => 'cloudflare; loops=1'
    'HTTP_CF_CONNECTING_IP' => '2001:818:e848:8200:24fc:64a9:6d8c:5ccb'
    'HTTP_CF_IPCOUNTRY' => 'PT'
    'HTTP_CF_RAY' => '9b98cef43b2a58fc-LIS'
    'HTTP_CF_VISITOR' => '{\"scheme\":\"http\"}'
    'HTTP_CF_WARP_TAG_ID' => 'f5bcc1c9-1522-405b-9562-82cfc34acae8'
    'HTTP_CONNECTION' => 'keep-alive'
    'HTTP_COOKIE' => '_csrf=9c51e7ef584468f9805930ce7ce95b2c2cff3618ef58bfb29296d849a33bb47ea%3A2%3A%7Bi%3A0%3Bs%3A5%3A%22_csrf%22%3Bi%3A1%3Bs%3A32%3A%22CwqLhIxxDX3ih2sSmJCTeQx1p4Iyw3GI%22%3B%7D; VeiGestSession=15mg5ej006dvogpav0o1qoc11r'
    'HTTP_PRIORITY' => 'u=4, i'
    'HTTP_REFERER' => 'http://veigestback.dryadlang.org/user/create'
    'HTTP_SEC_GPC' => '1'
    'HTTP_X_FORWARDED_FOR' => '2001:818:e848:8200:24fc:64a9:6d8c:5ccb'
    'HTTP_X_FORWARDED_PROTO' => 'http'
    'PATH' => '/usr/local/sbin:/usr/local/bin:/usr/sbin:/usr/bin:/snap/bin'
    'SERVER_SIGNATURE' => '<address>Apache/2.4.58 (Ubuntu) Server at veigestback.dryadlang.org Port 8002</address>
'
    'SERVER_SOFTWARE' => 'Apache/2.4.58 (Ubuntu)'
    'SERVER_NAME' => 'veigestback.dryadlang.org'
    'SERVER_ADDR' => '127.0.0.1'
    'SERVER_PORT' => '8002'
    'REMOTE_ADDR' => '127.0.0.1'
    'DOCUMENT_ROOT' => '/home/pedro/facul/website-VeiGest/veigest/backend/web'
    'REQUEST_SCHEME' => 'http'
    'CONTEXT_PREFIX' => ''
    'CONTEXT_DOCUMENT_ROOT' => '/home/pedro/facul/website-VeiGest/veigest/backend/web'
    'SERVER_ADMIN' => '[no address given]'
    'SCRIPT_FILENAME' => '/home/pedro/facul/website-VeiGest/veigest/backend/web/index.php'
    'REMOTE_PORT' => '34520'
    'REDIRECT_URL' => '/img/user-placeholder.png'
    'GATEWAY_INTERFACE' => 'CGI/1.1'
    'SERVER_PROTOCOL' => 'HTTP/1.1'
    'REQUEST_METHOD' => 'GET'
    'QUERY_STRING' => ''
    'REQUEST_URI' => '/img/user-placeholder.png'
    'SCRIPT_NAME' => '/index.php'
    'PHP_SELF' => '/index.php'
    'REQUEST_TIME_FLOAT' => 1767677269.1662
    'REQUEST_TIME' => 1767677269
]
2026-01-06 05:28:10 [127.0.0.1][1][15mg5ej006dvogpav0o1qoc11r][error][yii\base\InvalidCallException] yii\base\InvalidCallException: Setting read-only property: common\models\User::role in /home/pedro/facul/website-VeiGest/veigest/vendor/yiisoft/yii2/base/Component.php:218
Stack trace:
#0 /home/pedro/facul/website-VeiGest/veigest/vendor/yiisoft/yii2/db/BaseActiveRecord.php(322): yii\base\Component->__set()
#1 /home/pedro/facul/website-VeiGest/veigest/backend/controllers/UserController.php(71): yii\db\BaseActiveRecord->__set()
#2 [internal function]: backend\controllers\UserController->actionCreate()
#3 /home/pedro/facul/website-VeiGest/veigest/vendor/yiisoft/yii2/base/InlineAction.php(60): call_user_func_array()
#4 /home/pedro/facul/website-VeiGest/veigest/vendor/yiisoft/yii2/base/Controller.php(184): yii\base\InlineAction->runWithParams()
#5 /home/pedro/facul/website-VeiGest/veigest/vendor/yiisoft/yii2/base/Module.php(555): yii\base\Controller->runAction()
#6 /home/pedro/facul/website-VeiGest/veigest/vendor/yiisoft/yii2/web/Application.php(103): yii\base\Module->runAction()
#7 /home/pedro/facul/website-VeiGest/veigest/vendor/yiisoft/yii2/base/Application.php(387): yii\web\Application->handleRequest()
#8 /home/pedro/facul/website-VeiGest/veigest/backend/web/index.php(18): yii\base\Application->run()
#9 {main}
2026-01-06 05:28:10 [127.0.0.1][1][15mg5ej006dvogpav0o1qoc11r][info][application] $_GET = []

$_POST = [
    '_csrf' => 'x_XNwa2HiiVGm5bpzWU3xjInXaDfF8hrfIfR3YmWHTaEgryNxc7yXQLDpYClV0SVX20e9LpGsFoMs5ik_qVafw=='
    'User' => [
        'company_id' => '1'
        'username' => 'TesteTeste'
        'name' => 'TesteTeste'
        'email' => 'teste@gmail.com'
        'password' => '123'
        'role' => 'admin'
        'status' => 'active'
    ]
]

$_FILES = []

$_COOKIE = [
    '_csrf' => '9c51e7ef584468f9805930ce7ce95b2c2cff3618ef58bfb29296d849a33bb47ea:2:{i:0;s:5:\"_csrf\";i:1;s:32:\"CwqLhIxxDX3ih2sSmJCTeQx1p4Iyw3GI\";}'
    'VeiGestSession' => '15mg5ej006dvogpav0o1qoc11r'
]

$_SESSION = [
    '__flash' => []
    '__id' => 1
    '__authKey' => '7111b40ce0a5e7b6d75484ab7a3f5af1'
]

$_SERVER = [
    'REDIRECT_STATUS' => '200'
    'HTTP_HOST' => 'veigestback.dryadlang.org'
    'HTTP_USER_AGENT' => 'Mozilla/5.0 (Windows NT 10.0; Win64; x64; rv:146.0) Gecko/20100101 Firefox/146.0'
    'CONTENT_LENGTH' => '279'
    'HTTP_ACCEPT' => 'text/html,application/xhtml+xml,application/xml;q=0.9,*/*;q=0.8'
    'HTTP_ACCEPT_ENCODING' => 'gzip'
    'HTTP_ACCEPT_LANGUAGE' => 'pt-PT,pt;q=0.8,en-US;q=0.5,en;q=0.3'
    'HTTP_CDN_LOOP' => 'cloudflare; loops=1'
    'HTTP_CF_CONNECTING_IP' => '2001:818:e848:8200:24fc:64a9:6d8c:5ccb'
    'HTTP_CF_IPCOUNTRY' => 'PT'
    'HTTP_CF_RAY' => '9b98cf79dd8b58fc-LIS'
    'HTTP_CF_VISITOR' => '{\"scheme\":\"http\"}'
    'HTTP_CF_WARP_TAG_ID' => 'f5bcc1c9-1522-405b-9562-82cfc34acae8'
    'HTTP_CONNECTION' => 'keep-alive'
    'CONTENT_TYPE' => 'application/x-www-form-urlencoded'
    'HTTP_COOKIE' => '_csrf=9c51e7ef584468f9805930ce7ce95b2c2cff3618ef58bfb29296d849a33bb47ea%3A2%3A%7Bi%3A0%3Bs%3A5%3A%22_csrf%22%3Bi%3A1%3Bs%3A32%3A%22CwqLhIxxDX3ih2sSmJCTeQx1p4Iyw3GI%22%3B%7D; VeiGestSession=15mg5ej006dvogpav0o1qoc11r'
    'HTTP_ORIGIN' => 'http://veigestback.dryadlang.org'
    'HTTP_PRIORITY' => 'u=0, i'
    'HTTP_REFERER' => 'http://veigestback.dryadlang.org/user/create'
    'HTTP_SEC_GPC' => '1'
    'HTTP_UPGRADE_INSECURE_REQUESTS' => '1'
    'HTTP_X_FORWARDED_FOR' => '2001:818:e848:8200:24fc:64a9:6d8c:5ccb'
    'HTTP_X_FORWARDED_PROTO' => 'http'
    'PATH' => '/usr/local/sbin:/usr/local/bin:/usr/sbin:/usr/bin:/snap/bin'
    'SERVER_SIGNATURE' => '<address>Apache/2.4.58 (Ubuntu) Server at veigestback.dryadlang.org Port 8002</address>
'
    'SERVER_SOFTWARE' => 'Apache/2.4.58 (Ubuntu)'
    'SERVER_NAME' => 'veigestback.dryadlang.org'
    'SERVER_ADDR' => '127.0.0.1'
    'SERVER_PORT' => '8002'
    'REMOTE_ADDR' => '127.0.0.1'
    'DOCUMENT_ROOT' => '/home/pedro/facul/website-VeiGest/veigest/backend/web'
    'REQUEST_SCHEME' => 'http'
    'CONTEXT_PREFIX' => ''
    'CONTEXT_DOCUMENT_ROOT' => '/home/pedro/facul/website-VeiGest/veigest/backend/web'
    'SERVER_ADMIN' => '[no address given]'
    'SCRIPT_FILENAME' => '/home/pedro/facul/website-VeiGest/veigest/backend/web/index.php'
    'REMOTE_PORT' => '54700'
    'REDIRECT_URL' => '/user/create'
    'GATEWAY_INTERFACE' => 'CGI/1.1'
    'SERVER_PROTOCOL' => 'HTTP/1.1'
    'REQUEST_METHOD' => 'POST'
    'QUERY_STRING' => ''
    'REQUEST_URI' => '/user/create'
    'SCRIPT_NAME' => '/index.php'
    'PHP_SELF' => '/index.php'
    'REQUEST_TIME_FLOAT' => 1767677290.5484
    'REQUEST_TIME' => 1767677290
]
2026-01-06 05:28:38 [127.0.0.1][1][15mg5ej006dvogpav0o1qoc11r][error][yii\web\HttpException:404] yii\base\InvalidRouteException: Unable to resolve the request "img/user-placeholder.png". in /home/pedro/facul/website-VeiGest/veigest/vendor/yiisoft/yii2/base/Module.php:564
Stack trace:
#0 /home/pedro/facul/website-VeiGest/veigest/vendor/yiisoft/yii2/web/Application.php(103): yii\base\Module->runAction()
#1 /home/pedro/facul/website-VeiGest/veigest/vendor/yiisoft/yii2/base/Application.php(387): yii\web\Application->handleRequest()
#2 /home/pedro/facul/website-VeiGest/veigest/backend/web/index.php(18): yii\base\Application->run()
#3 {main}

Next yii\web\NotFoundHttpException: Page not found. in /home/pedro/facul/website-VeiGest/veigest/vendor/yiisoft/yii2/web/Application.php:115
Stack trace:
#0 /home/pedro/facul/website-VeiGest/veigest/vendor/yiisoft/yii2/base/Application.php(387): yii\web\Application->handleRequest()
#1 /home/pedro/facul/website-VeiGest/veigest/backend/web/index.php(18): yii\base\Application->run()
#2 {main}
2026-01-06 05:28:38 [127.0.0.1][1][15mg5ej006dvogpav0o1qoc11r][info][application] $_GET = []

$_POST = []

$_FILES = []

$_COOKIE = [
    '_csrf' => '9c51e7ef584468f9805930ce7ce95b2c2cff3618ef58bfb29296d849a33bb47ea:2:{i:0;s:5:\"_csrf\";i:1;s:32:\"CwqLhIxxDX3ih2sSmJCTeQx1p4Iyw3GI\";}'
    'VeiGestSession' => '15mg5ej006dvogpav0o1qoc11r'
]

$_SESSION = [
    '__flash' => []
    '__id' => 1
    '__authKey' => '7111b40ce0a5e7b6d75484ab7a3f5af1'
]

$_SERVER = [
    'REDIRECT_STATUS' => '200'
    'HTTP_HOST' => 'veigestback.dryadlang.org'
    'HTTP_USER_AGENT' => 'Mozilla/5.0 (Windows NT 10.0; Win64; x64; rv:146.0) Gecko/20100101 Firefox/146.0'
    'HTTP_ACCEPT' => 'image/avif,image/webp,image/png,image/svg+xml,image/*;q=0.8,*/*;q=0.5'
    'HTTP_ACCEPT_ENCODING' => 'gzip'
    'HTTP_ACCEPT_LANGUAGE' => 'pt-PT,pt;q=0.8,en-US;q=0.5,en;q=0.3'
    'HTTP_CDN_LOOP' => 'cloudflare; loops=1'
    'HTTP_CF_CONNECTING_IP' => '2001:818:e848:8200:24fc:64a9:6d8c:5ccb'
    'HTTP_CF_IPCOUNTRY' => 'PT'
    'HTTP_CF_RAY' => '9b98d0285eee58fc-LIS'
    'HTTP_CF_VISITOR' => '{\"scheme\":\"http\"}'
    'HTTP_CF_WARP_TAG_ID' => 'f5bcc1c9-1522-405b-9562-82cfc34acae8'
    'HTTP_CONNECTION' => 'keep-alive'
    'HTTP_COOKIE' => '_csrf=9c51e7ef584468f9805930ce7ce95b2c2cff3618ef58bfb29296d849a33bb47ea%3A2%3A%7Bi%3A0%3Bs%3A5%3A%22_csrf%22%3Bi%3A1%3Bs%3A32%3A%22CwqLhIxxDX3ih2sSmJCTeQx1p4Iyw3GI%22%3B%7D; VeiGestSession=15mg5ej006dvogpav0o1qoc11r'
    'HTTP_PRIORITY' => 'u=5, i'
    'HTTP_REFERER' => 'http://veigestback.dryadlang.org/user/create'
    'HTTP_SEC_GPC' => '1'
    'HTTP_X_FORWARDED_FOR' => '2001:818:e848:8200:24fc:64a9:6d8c:5ccb'
    'HTTP_X_FORWARDED_PROTO' => 'http'
    'PATH' => '/usr/local/sbin:/usr/local/bin:/usr/sbin:/usr/bin:/snap/bin'
    'SERVER_SIGNATURE' => '<address>Apache/2.4.58 (Ubuntu) Server at veigestback.dryadlang.org Port 8002</address>
'
    'SERVER_SOFTWARE' => 'Apache/2.4.58 (Ubuntu)'
    'SERVER_NAME' => 'veigestback.dryadlang.org'
    'SERVER_ADDR' => '127.0.0.1'
    'SERVER_PORT' => '8002'
    'REMOTE_ADDR' => '127.0.0.1'
    'DOCUMENT_ROOT' => '/home/pedro/facul/website-VeiGest/veigest/backend/web'
    'REQUEST_SCHEME' => 'http'
    'CONTEXT_PREFIX' => ''
    'CONTEXT_DOCUMENT_ROOT' => '/home/pedro/facul/website-VeiGest/veigest/backend/web'
    'SERVER_ADMIN' => '[no address given]'
    'SCRIPT_FILENAME' => '/home/pedro/facul/website-VeiGest/veigest/backend/web/index.php'
    'REMOTE_PORT' => '47758'
    'REDIRECT_URL' => '/img/user-placeholder.png'
    'GATEWAY_INTERFACE' => 'CGI/1.1'
    'SERVER_PROTOCOL' => 'HTTP/1.1'
    'REQUEST_METHOD' => 'GET'
    'QUERY_STRING' => ''
    'REQUEST_URI' => '/img/user-placeholder.png'
    'SCRIPT_NAME' => '/index.php'
    'PHP_SELF' => '/index.php'
    'REQUEST_TIME_FLOAT' => 1767677318.4658
    'REQUEST_TIME' => 1767677318
]
2026-01-06 05:28:39 [127.0.0.1][1][15mg5ej006dvogpav0o1qoc11r][error][yii\web\HttpException:404] yii\base\InvalidRouteException: Unable to resolve the request "img/user-placeholder.png". in /home/pedro/facul/website-VeiGest/veigest/vendor/yiisoft/yii2/base/Module.php:564
Stack trace:
#0 /home/pedro/facul/website-VeiGest/veigest/vendor/yiisoft/yii2/web/Application.php(103): yii\base\Module->runAction()
#1 /home/pedro/facul/website-VeiGest/veigest/vendor/yiisoft/yii2/base/Application.php(387): yii\web\Application->handleRequest()
#2 /home/pedro/facul/website-VeiGest/veigest/backend/web/index.php(18): yii\base\Application->run()
#3 {main}

Next yii\web\NotFoundHttpException: Page not found. in /home/pedro/facul/website-VeiGest/veigest/vendor/yiisoft/yii2/web/Application.php:115
Stack trace:
#0 /home/pedro/facul/website-VeiGest/veigest/vendor/yiisoft/yii2/base/Application.php(387): yii\web\Application->handleRequest()
#1 /home/pedro/facul/website-VeiGest/veigest/backend/web/index.php(18): yii\base\Application->run()
#2 {main}
2026-01-06 05:28:39 [127.0.0.1][1][15mg5ej006dvogpav0o1qoc11r][info][application] $_GET = []

$_POST = []

$_FILES = []

$_COOKIE = [
    '_csrf' => '9c51e7ef584468f9805930ce7ce95b2c2cff3618ef58bfb29296d849a33bb47ea:2:{i:0;s:5:\"_csrf\";i:1;s:32:\"CwqLhIxxDX3ih2sSmJCTeQx1p4Iyw3GI\";}'
    'VeiGestSession' => '15mg5ej006dvogpav0o1qoc11r'
]

$_SESSION = [
    '__flash' => []
    '__id' => 1
    '__authKey' => '7111b40ce0a5e7b6d75484ab7a3f5af1'
]

$_SERVER = [
    'REDIRECT_STATUS' => '200'
    'HTTP_HOST' => 'veigestback.dryadlang.org'
    'HTTP_USER_AGENT' => 'Mozilla/5.0 (Windows NT 10.0; Win64; x64; rv:146.0) Gecko/20100101 Firefox/146.0'
    'HTTP_ACCEPT' => 'image/avif,image/webp,image/png,image/svg+xml,image/*;q=0.8,*/*;q=0.5'
    'HTTP_ACCEPT_ENCODING' => 'gzip'
    'HTTP_ACCEPT_LANGUAGE' => 'pt-PT,pt;q=0.8,en-US;q=0.5,en;q=0.3'
    'HTTP_CDN_LOOP' => 'cloudflare; loops=1'
    'HTTP_CF_CONNECTING_IP' => '2001:818:e848:8200:24fc:64a9:6d8c:5ccb'
    'HTTP_CF_IPCOUNTRY' => 'PT'
    'HTTP_CF_RAY' => '9b98d02edcc758fc-LIS'
    'HTTP_CF_VISITOR' => '{\"scheme\":\"http\"}'
    'HTTP_CF_WARP_TAG_ID' => 'f5bcc1c9-1522-405b-9562-82cfc34acae8'
    'HTTP_CONNECTION' => 'keep-alive'
    'HTTP_COOKIE' => '_csrf=9c51e7ef584468f9805930ce7ce95b2c2cff3618ef58bfb29296d849a33bb47ea%3A2%3A%7Bi%3A0%3Bs%3A5%3A%22_csrf%22%3Bi%3A1%3Bs%3A32%3A%22CwqLhIxxDX3ih2sSmJCTeQx1p4Iyw3GI%22%3B%7D; VeiGestSession=15mg5ej006dvogpav0o1qoc11r'
    'HTTP_PRIORITY' => 'u=5, i'
    'HTTP_REFERER' => 'http://veigestback.dryadlang.org/user/index'
    'HTTP_SEC_GPC' => '1'
    'HTTP_X_FORWARDED_FOR' => '2001:818:e848:8200:24fc:64a9:6d8c:5ccb'
    'HTTP_X_FORWARDED_PROTO' => 'http'
    'PATH' => '/usr/local/sbin:/usr/local/bin:/usr/sbin:/usr/bin:/snap/bin'
    'SERVER_SIGNATURE' => '<address>Apache/2.4.58 (Ubuntu) Server at veigestback.dryadlang.org Port 8002</address>
'
    'SERVER_SOFTWARE' => 'Apache/2.4.58 (Ubuntu)'
    'SERVER_NAME' => 'veigestback.dryadlang.org'
    'SERVER_ADDR' => '127.0.0.1'
    'SERVER_PORT' => '8002'
    'REMOTE_ADDR' => '127.0.0.1'
    'DOCUMENT_ROOT' => '/home/pedro/facul/website-VeiGest/veigest/backend/web'
    'REQUEST_SCHEME' => 'http'
    'CONTEXT_PREFIX' => ''
    'CONTEXT_DOCUMENT_ROOT' => '/home/pedro/facul/website-VeiGest/veigest/backend/web'
    'SERVER_ADMIN' => '[no address given]'
    'SCRIPT_FILENAME' => '/home/pedro/facul/website-VeiGest/veigest/backend/web/index.php'
    'REMOTE_PORT' => '47758'
    'REDIRECT_URL' => '/img/user-placeholder.png'
    'GATEWAY_INTERFACE' => 'CGI/1.1'
    'SERVER_PROTOCOL' => 'HTTP/1.1'
    'REQUEST_METHOD' => 'GET'
    'QUERY_STRING' => ''
    'REQUEST_URI' => '/img/user-placeholder.png'
    'SCRIPT_NAME' => '/index.php'
    'PHP_SELF' => '/index.php'
    'REQUEST_TIME_FLOAT' => 1767677319.4976
    'REQUEST_TIME' => 1767677319
]
2026-01-06 05:28:41 [127.0.0.1][1][15mg5ej006dvogpav0o1qoc11r][error][yii\web\HttpException:404] yii\base\InvalidRouteException: Unable to resolve the request "img/user-placeholder.png". in /home/pedro/facul/website-VeiGest/veigest/vendor/yiisoft/yii2/base/Module.php:564
Stack trace:
#0 /home/pedro/facul/website-VeiGest/veigest/vendor/yiisoft/yii2/web/Application.php(103): yii\base\Module->runAction()
#1 /home/pedro/facul/website-VeiGest/veigest/vendor/yiisoft/yii2/base/Application.php(387): yii\web\Application->handleRequest()
#2 /home/pedro/facul/website-VeiGest/veigest/backend/web/index.php(18): yii\base\Application->run()
#3 {main}

Next yii\web\NotFoundHttpException: Page not found. in /home/pedro/facul/website-VeiGest/veigest/vendor/yiisoft/yii2/web/Application.php:115
Stack trace:
#0 /home/pedro/facul/website-VeiGest/veigest/vendor/yiisoft/yii2/base/Application.php(387): yii\web\Application->handleRequest()
#1 /home/pedro/facul/website-VeiGest/veigest/backend/web/index.php(18): yii\base\Application->run()
#2 {main}
2026-01-06 05:28:41 [127.0.0.1][1][15mg5ej006dvogpav0o1qoc11r][info][application] $_GET = []

$_POST = []

$_FILES = []

$_COOKIE = [
    '_csrf' => '9c51e7ef584468f9805930ce7ce95b2c2cff3618ef58bfb29296d849a33bb47ea:2:{i:0;s:5:\"_csrf\";i:1;s:32:\"CwqLhIxxDX3ih2sSmJCTeQx1p4Iyw3GI\";}'
    'VeiGestSession' => '15mg5ej006dvogpav0o1qoc11r'
]

$_SESSION = [
    '__flash' => []
    '__id' => 1
    '__authKey' => '7111b40ce0a5e7b6d75484ab7a3f5af1'
]

$_SERVER = [
    'REDIRECT_STATUS' => '200'
    'HTTP_HOST' => 'veigestback.dryadlang.org'
    'HTTP_USER_AGENT' => 'Mozilla/5.0 (Windows NT 10.0; Win64; x64; rv:146.0) Gecko/20100101 Firefox/146.0'
    'HTTP_ACCEPT' => 'image/avif,image/webp,image/png,image/svg+xml,image/*;q=0.8,*/*;q=0.5'
    'HTTP_ACCEPT_ENCODING' => 'gzip'
    'HTTP_ACCEPT_LANGUAGE' => 'pt-PT,pt;q=0.8,en-US;q=0.5,en;q=0.3'
    'HTTP_CDN_LOOP' => 'cloudflare; loops=1'
    'HTTP_CF_CONNECTING_IP' => '2001:818:e848:8200:24fc:64a9:6d8c:5ccb'
    'HTTP_CF_IPCOUNTRY' => 'PT'
    'HTTP_CF_RAY' => '9b98d03c491b58fc-LIS'
    'HTTP_CF_VISITOR' => '{\"scheme\":\"http\"}'
    'HTTP_CF_WARP_TAG_ID' => 'f5bcc1c9-1522-405b-9562-82cfc34acae8'
    'HTTP_CONNECTION' => 'keep-alive'
    'HTTP_COOKIE' => '_csrf=9c51e7ef584468f9805930ce7ce95b2c2cff3618ef58bfb29296d849a33bb47ea%3A2%3A%7Bi%3A0%3Bs%3A5%3A%22_csrf%22%3Bi%3A1%3Bs%3A32%3A%22CwqLhIxxDX3ih2sSmJCTeQx1p4Iyw3GI%22%3B%7D; VeiGestSession=15mg5ej006dvogpav0o1qoc11r'
    'HTTP_PRIORITY' => 'u=4, i'
    'HTTP_REFERER' => 'http://veigestback.dryadlang.org/company/index'
    'HTTP_SEC_GPC' => '1'
    'HTTP_X_FORWARDED_FOR' => '2001:818:e848:8200:24fc:64a9:6d8c:5ccb'
    'HTTP_X_FORWARDED_PROTO' => 'http'
    'PATH' => '/usr/local/sbin:/usr/local/bin:/usr/sbin:/usr/bin:/snap/bin'
    'SERVER_SIGNATURE' => '<address>Apache/2.4.58 (Ubuntu) Server at veigestback.dryadlang.org Port 8002</address>
'
    'SERVER_SOFTWARE' => 'Apache/2.4.58 (Ubuntu)'
    'SERVER_NAME' => 'veigestback.dryadlang.org'
    'SERVER_ADDR' => '127.0.0.1'
    'SERVER_PORT' => '8002'
    'REMOTE_ADDR' => '127.0.0.1'
    'DOCUMENT_ROOT' => '/home/pedro/facul/website-VeiGest/veigest/backend/web'
    'REQUEST_SCHEME' => 'http'
    'CONTEXT_PREFIX' => ''
    'CONTEXT_DOCUMENT_ROOT' => '/home/pedro/facul/website-VeiGest/veigest/backend/web'
    'SERVER_ADMIN' => '[no address given]'
    'SCRIPT_FILENAME' => '/home/pedro/facul/website-VeiGest/veigest/backend/web/index.php'
    'REMOTE_PORT' => '47758'
    'REDIRECT_URL' => '/img/user-placeholder.png'
    'GATEWAY_INTERFACE' => 'CGI/1.1'
    'SERVER_PROTOCOL' => 'HTTP/1.1'
    'REQUEST_METHOD' => 'GET'
    'QUERY_STRING' => ''
    'REQUEST_URI' => '/img/user-placeholder.png'
    'SCRIPT_NAME' => '/index.php'
    'PHP_SELF' => '/index.php'
    'REQUEST_TIME_FLOAT' => 1767677321.6505
    'REQUEST_TIME' => 1767677321
]
2026-01-06 05:28:43 [127.0.0.1][1][15mg5ej006dvogpav0o1qoc11r][error][yii\web\HttpException:404] yii\base\InvalidRouteException: Unable to resolve the request "img/user-placeholder.png". in /home/pedro/facul/website-VeiGest/veigest/vendor/yiisoft/yii2/base/Module.php:564
Stack trace:
#0 /home/pedro/facul/website-VeiGest/veigest/vendor/yiisoft/yii2/web/Application.php(103): yii\base\Module->runAction()
#1 /home/pedro/facul/website-VeiGest/veigest/vendor/yiisoft/yii2/base/Application.php(387): yii\web\Application->handleRequest()
#2 /home/pedro/facul/website-VeiGest/veigest/backend/web/index.php(18): yii\base\Application->run()
#3 {main}

Next yii\web\NotFoundHttpException: Page not found. in /home/pedro/facul/website-VeiGest/veigest/vendor/yiisoft/yii2/web/Application.php:115
Stack trace:
#0 /home/pedro/facul/website-VeiGest/veigest/vendor/yiisoft/yii2/base/Application.php(387): yii\web\Application->handleRequest()
#1 /home/pedro/facul/website-VeiGest/veigest/backend/web/index.php(18): yii\base\Application->run()
#2 {main}
2026-01-06 05:28:43 [127.0.0.1][1][15mg5ej006dvogpav0o1qoc11r][info][application] $_GET = []

$_POST = []

$_FILES = []

$_COOKIE = [
    '_csrf' => '9c51e7ef584468f9805930ce7ce95b2c2cff3618ef58bfb29296d849a33bb47ea:2:{i:0;s:5:\"_csrf\";i:1;s:32:\"CwqLhIxxDX3ih2sSmJCTeQx1p4Iyw3GI\";}'
    'VeiGestSession' => '15mg5ej006dvogpav0o1qoc11r'
]

$_SESSION = [
    '__flash' => []
    '__id' => 1
    '__authKey' => '7111b40ce0a5e7b6d75484ab7a3f5af1'
]

$_SERVER = [
    'REDIRECT_STATUS' => '200'
    'HTTP_HOST' => 'veigestback.dryadlang.org'
    'HTTP_USER_AGENT' => 'Mozilla/5.0 (Windows NT 10.0; Win64; x64; rv:146.0) Gecko/20100101 Firefox/146.0'
    'HTTP_ACCEPT' => 'image/avif,image/webp,image/png,image/svg+xml,image/*;q=0.8,*/*;q=0.5'
    'HTTP_ACCEPT_ENCODING' => 'gzip'
    'HTTP_ACCEPT_LANGUAGE' => 'pt-PT,pt;q=0.8,en-US;q=0.5,en;q=0.3'
    'HTTP_CDN_LOOP' => 'cloudflare; loops=1'
    'HTTP_CF_CONNECTING_IP' => '2001:818:e848:8200:24fc:64a9:6d8c:5ccb'
    'HTTP_CF_IPCOUNTRY' => 'PT'
    'HTTP_CF_RAY' => '9b98d048dd3158fc-LIS'
    'HTTP_CF_VISITOR' => '{\"scheme\":\"http\"}'
    'HTTP_CF_WARP_TAG_ID' => 'f5bcc1c9-1522-405b-9562-82cfc34acae8'
    'HTTP_CONNECTION' => 'keep-alive'
    'HTTP_COOKIE' => '_csrf=9c51e7ef584468f9805930ce7ce95b2c2cff3618ef58bfb29296d849a33bb47ea%3A2%3A%7Bi%3A0%3Bs%3A5%3A%22_csrf%22%3Bi%3A1%3Bs%3A32%3A%22CwqLhIxxDX3ih2sSmJCTeQx1p4Iyw3GI%22%3B%7D; VeiGestSession=15mg5ej006dvogpav0o1qoc11r'
    'HTTP_PRIORITY' => 'u=4, i'
    'HTTP_REFERER' => 'http://veigestback.dryadlang.org/company/create'
    'HTTP_SEC_GPC' => '1'
    'HTTP_X_FORWARDED_FOR' => '2001:818:e848:8200:24fc:64a9:6d8c:5ccb'
    'HTTP_X_FORWARDED_PROTO' => 'http'
    'PATH' => '/usr/local/sbin:/usr/local/bin:/usr/sbin:/usr/bin:/snap/bin'
    'SERVER_SIGNATURE' => '<address>Apache/2.4.58 (Ubuntu) Server at veigestback.dryadlang.org Port 8002</address>
'
    'SERVER_SOFTWARE' => 'Apache/2.4.58 (Ubuntu)'
    'SERVER_NAME' => 'veigestback.dryadlang.org'
    'SERVER_ADDR' => '127.0.0.1'
    'SERVER_PORT' => '8002'
    'REMOTE_ADDR' => '127.0.0.1'
    'DOCUMENT_ROOT' => '/home/pedro/facul/website-VeiGest/veigest/backend/web'
    'REQUEST_SCHEME' => 'http'
    'CONTEXT_PREFIX' => ''
    'CONTEXT_DOCUMENT_ROOT' => '/home/pedro/facul/website-VeiGest/veigest/backend/web'
    'SERVER_ADMIN' => '[no address given]'
    'SCRIPT_FILENAME' => '/home/pedro/facul/website-VeiGest/veigest/backend/web/index.php'
    'REMOTE_PORT' => '47758'
    'REDIRECT_URL' => '/img/user-placeholder.png'
    'GATEWAY_INTERFACE' => 'CGI/1.1'
    'SERVER_PROTOCOL' => 'HTTP/1.1'
    'REQUEST_METHOD' => 'GET'
    'QUERY_STRING' => ''
    'REQUEST_URI' => '/img/user-placeholder.png'
    'SCRIPT_NAME' => '/index.php'
    'PHP_SELF' => '/index.php'
    'REQUEST_TIME_FLOAT' => 1767677323.6632
    'REQUEST_TIME' => 1767677323
]
2026-01-06 05:29:11 [127.0.0.1][1][15mg5ej006dvogpav0o1qoc11r][error][yii\db\IntegrityException] PDOException: SQLSTATE[23000]: Integrity constraint violation: 1062 Duplicate entry '999999990' for key 'idx_tax_id' in /home/pedro/facul/website-VeiGest/veigest/vendor/yiisoft/yii2/db/Command.php:1320
Stack trace:
#0 /home/pedro/facul/website-VeiGest/veigest/vendor/yiisoft/yii2/db/Command.php(1320): PDOStatement->execute()
#1 /home/pedro/facul/website-VeiGest/veigest/vendor/yiisoft/yii2/db/Command.php(1120): yii\db\Command->internalExecute()
#2 /home/pedro/facul/website-VeiGest/veigest/vendor/yiisoft/yii2/db/Schema.php(431): yii\db\Command->execute()
#3 /home/pedro/facul/website-VeiGest/veigest/vendor/yiisoft/yii2/db/ActiveRecord.php(610): yii\db\Schema->insert()
#4 /home/pedro/facul/website-VeiGest/veigest/vendor/yiisoft/yii2/db/ActiveRecord.php(576): yii\db\ActiveRecord->insertInternal()
#5 /home/pedro/facul/website-VeiGest/veigest/vendor/yiisoft/yii2/db/BaseActiveRecord.php(688): yii\db\ActiveRecord->insert()
#6 /home/pedro/facul/website-VeiGest/veigest/backend/controllers/CompanyController.php(61): yii\db\BaseActiveRecord->save()
#7 [internal function]: backend\controllers\CompanyController->actionCreate()
#8 /home/pedro/facul/website-VeiGest/veigest/vendor/yiisoft/yii2/base/InlineAction.php(60): call_user_func_array()
#9 /home/pedro/facul/website-VeiGest/veigest/vendor/yiisoft/yii2/base/Controller.php(184): yii\base\InlineAction->runWithParams()
#10 /home/pedro/facul/website-VeiGest/veigest/vendor/yiisoft/yii2/base/Module.php(555): yii\base\Controller->runAction()
#11 /home/pedro/facul/website-VeiGest/veigest/vendor/yiisoft/yii2/web/Application.php(103): yii\base\Module->runAction()
#12 /home/pedro/facul/website-VeiGest/veigest/vendor/yiisoft/yii2/base/Application.php(387): yii\web\Application->handleRequest()
#13 /home/pedro/facul/website-VeiGest/veigest/backend/web/index.php(18): yii\base\Application->run()
#14 {main}

Next yii\db\IntegrityException: SQLSTATE[23000]: Integrity constraint violation: 1062 Duplicate entry '999999990' for key 'idx_tax_id'
The SQL being executed was: INSERT INTO `companies` (`code`, `name`, `tax_id`, `email`, `phone`, `status`, `plan`) VALUES (0, 'Teste', '999999990', 'empresa@g.com', '9000000', 'active', 'basic') in /home/pedro/facul/website-VeiGest/veigest/vendor/yiisoft/yii2/db/Schema.php:676
Stack trace:
#0 /home/pedro/facul/website-VeiGest/veigest/vendor/yiisoft/yii2/db/Command.php(1325): yii\db\Schema->convertException()
#1 /home/pedro/facul/website-VeiGest/veigest/vendor/yiisoft/yii2/db/Command.php(1120): yii\db\Command->internalExecute()
#2 /home/pedro/facul/website-VeiGest/veigest/vendor/yiisoft/yii2/db/Schema.php(431): yii\db\Command->execute()
#3 /home/pedro/facul/website-VeiGest/veigest/vendor/yiisoft/yii2/db/ActiveRecord.php(610): yii\db\Schema->insert()
#4 /home/pedro/facul/website-VeiGest/veigest/vendor/yiisoft/yii2/db/ActiveRecord.php(576): yii\db\ActiveRecord->insertInternal()
#5 /home/pedro/facul/website-VeiGest/veigest/vendor/yiisoft/yii2/db/BaseActiveRecord.php(688): yii\db\ActiveRecord->insert()
#6 /home/pedro/facul/website-VeiGest/veigest/backend/controllers/CompanyController.php(61): yii\db\BaseActiveRecord->save()
#7 [internal function]: backend\controllers\CompanyController->actionCreate()
#8 /home/pedro/facul/website-VeiGest/veigest/vendor/yiisoft/yii2/base/InlineAction.php(60): call_user_func_array()
#9 /home/pedro/facul/website-VeiGest/veigest/vendor/yiisoft/yii2/base/Controller.php(184): yii\base\InlineAction->runWithParams()
#10 /home/pedro/facul/website-VeiGest/veigest/vendor/yiisoft/yii2/base/Module.php(555): yii\base\Controller->runAction()
#11 /home/pedro/facul/website-VeiGest/veigest/vendor/yiisoft/yii2/web/Application.php(103): yii\base\Module->runAction()
#12 /home/pedro/facul/website-VeiGest/veigest/vendor/yiisoft/yii2/base/Application.php(387): yii\web\Application->handleRequest()
#13 /home/pedro/facul/website-VeiGest/veigest/backend/web/index.php(18): yii\base\Application->run()
#14 {main}
Additional Information:
Array
(
    [0] => 23000
    [1] => 1062
    [2] => Duplicate entry '999999990' for key 'idx_tax_id'
)

2026-01-06 05:29:11 [127.0.0.1][1][15mg5ej006dvogpav0o1qoc11r][info][application] $_GET = []

$_POST = [
    '_csrf' => '_ucv11_VgAUtULIT1_94waO45cMIttu9HHxDJ6Z22QC9kF6bN5z4fWkIgXq_zQuSzvKml23no4xsSApe0UWeSQ=='
    'Company' => [
        'code' => ''
        'name' => 'Teste'
        'tax_id' => '999999990'
        'email' => 'empresa@g.com'
        'phone' => '9000000'
        'status' => 'active'
        'plan' => 'basic'
    ]
]

$_FILES = []

$_COOKIE = [
    '_csrf' => '9c51e7ef584468f9805930ce7ce95b2c2cff3618ef58bfb29296d849a33bb47ea:2:{i:0;s:5:\"_csrf\";i:1;s:32:\"CwqLhIxxDX3ih2sSmJCTeQx1p4Iyw3GI\";}'
    'VeiGestSession' => '15mg5ej006dvogpav0o1qoc11r'
]

$_SESSION = [
    '__flash' => []
    '__id' => 1
    '__authKey' => '7111b40ce0a5e7b6d75484ab7a3f5af1'
]

$_SERVER = [
    'REDIRECT_STATUS' => '200'
    'HTTP_HOST' => 'veigestback.dryadlang.org'
    'HTTP_USER_AGENT' => 'Mozilla/5.0 (Windows NT 10.0; Win64; x64; rv:146.0) Gecko/20100101 Firefox/146.0'
    'CONTENT_LENGTH' => '284'
    'HTTP_ACCEPT' => 'text/html,application/xhtml+xml,application/xml;q=0.9,*/*;q=0.8'
    'HTTP_ACCEPT_ENCODING' => 'gzip'
    'HTTP_ACCEPT_LANGUAGE' => 'pt-PT,pt;q=0.8,en-US;q=0.5,en;q=0.3'
    'HTTP_CDN_LOOP' => 'cloudflare; loops=1'
    'HTTP_CF_CONNECTING_IP' => '2001:818:e848:8200:24fc:64a9:6d8c:5ccb'
    'HTTP_CF_IPCOUNTRY' => 'PT'
    'HTTP_CF_RAY' => '9b98d0f70ce358fc-LIS'
    'HTTP_CF_VISITOR' => '{\"scheme\":\"http\"}'
    'HTTP_CF_WARP_TAG_ID' => 'f5bcc1c9-1522-405b-9562-82cfc34acae8'
    'HTTP_CONNECTION' => 'keep-alive'
    'CONTENT_TYPE' => 'application/x-www-form-urlencoded'
    'HTTP_COOKIE' => '_csrf=9c51e7ef584468f9805930ce7ce95b2c2cff3618ef58bfb29296d849a33bb47ea%3A2%3A%7Bi%3A0%3Bs%3A5%3A%22_csrf%22%3Bi%3A1%3Bs%3A32%3A%22CwqLhIxxDX3ih2sSmJCTeQx1p4Iyw3GI%22%3B%7D; VeiGestSession=15mg5ej006dvogpav0o1qoc11r'
    'HTTP_ORIGIN' => 'http://veigestback.dryadlang.org'
    'HTTP_PRIORITY' => 'u=0, i'
    'HTTP_REFERER' => 'http://veigestback.dryadlang.org/company/create'
    'HTTP_SEC_GPC' => '1'
    'HTTP_UPGRADE_INSECURE_REQUESTS' => '1'
    'HTTP_X_FORWARDED_FOR' => '2001:818:e848:8200:24fc:64a9:6d8c:5ccb'
    'HTTP_X_FORWARDED_PROTO' => 'http'
    'PATH' => '/usr/local/sbin:/usr/local/bin:/usr/sbin:/usr/bin:/snap/bin'
    'SERVER_SIGNATURE' => '<address>Apache/2.4.58 (Ubuntu) Server at veigestback.dryadlang.org Port 8002</address>
'
    'SERVER_SOFTWARE' => 'Apache/2.4.58 (Ubuntu)'
    'SERVER_NAME' => 'veigestback.dryadlang.org'
    'SERVER_ADDR' => '127.0.0.1'
    'SERVER_PORT' => '8002'
    'REMOTE_ADDR' => '127.0.0.1'
    'DOCUMENT_ROOT' => '/home/pedro/facul/website-VeiGest/veigest/backend/web'
    'REQUEST_SCHEME' => 'http'
    'CONTEXT_PREFIX' => ''
    'CONTEXT_DOCUMENT_ROOT' => '/home/pedro/facul/website-VeiGest/veigest/backend/web'
    'SERVER_ADMIN' => '[no address given]'
    'SCRIPT_FILENAME' => '/home/pedro/facul/website-VeiGest/veigest/backend/web/index.php'
    'REMOTE_PORT' => '59588'
    'REDIRECT_URL' => '/company/create'
    'GATEWAY_INTERFACE' => 'CGI/1.1'
    'SERVER_PROTOCOL' => 'HTTP/1.1'
    'REQUEST_METHOD' => 'POST'
    'QUERY_STRING' => ''
    'REQUEST_URI' => '/company/create'
    'SCRIPT_NAME' => '/index.php'
    'PHP_SELF' => '/index.php'
    'REQUEST_TIME_FLOAT' => 1767677351.5317
    'REQUEST_TIME' => 1767677351
]
2026-01-06 05:30:28 [127.0.0.1][1][15mg5ej006dvogpav0o1qoc11r][error][yii\web\HttpException:404] yii\base\InvalidRouteException: Unable to resolve the request "img/user-placeholder.png". in /home/pedro/facul/website-VeiGest/veigest/vendor/yiisoft/yii2/base/Module.php:564
Stack trace:
#0 /home/pedro/facul/website-VeiGest/veigest/vendor/yiisoft/yii2/web/Application.php(103): yii\base\Module->runAction()
#1 /home/pedro/facul/website-VeiGest/veigest/vendor/yiisoft/yii2/base/Application.php(387): yii\web\Application->handleRequest()
#2 /home/pedro/facul/website-VeiGest/veigest/backend/web/index.php(18): yii\base\Application->run()
#3 {main}

Next yii\web\NotFoundHttpException: Page not found. in /home/pedro/facul/website-VeiGest/veigest/vendor/yiisoft/yii2/web/Application.php:115
Stack trace:
#0 /home/pedro/facul/website-VeiGest/veigest/vendor/yiisoft/yii2/base/Application.php(387): yii\web\Application->handleRequest()
#1 /home/pedro/facul/website-VeiGest/veigest/backend/web/index.php(18): yii\base\Application->run()
#2 {main}
2026-01-06 05:30:28 [127.0.0.1][1][15mg5ej006dvogpav0o1qoc11r][info][application] $_GET = []

$_POST = []

$_FILES = []

$_COOKIE = [
    '_csrf' => '9c51e7ef584468f9805930ce7ce95b2c2cff3618ef58bfb29296d849a33bb47ea:2:{i:0;s:5:\"_csrf\";i:1;s:32:\"CwqLhIxxDX3ih2sSmJCTeQx1p4Iyw3GI\";}'
    'VeiGestSession' => '15mg5ej006dvogpav0o1qoc11r'
]

$_SESSION = [
    '__flash' => []
    '__id' => 1
    '__authKey' => '7111b40ce0a5e7b6d75484ab7a3f5af1'
]

$_SERVER = [
    'REDIRECT_STATUS' => '200'
    'HTTP_HOST' => 'veigestback.dryadlang.org'
    'HTTP_USER_AGENT' => 'Mozilla/5.0 (Windows NT 10.0; Win64; x64; rv:146.0) Gecko/20100101 Firefox/146.0'
    'HTTP_ACCEPT' => 'image/avif,image/webp,image/png,image/svg+xml,image/*;q=0.8,*/*;q=0.5'
    'HTTP_ACCEPT_ENCODING' => 'gzip'
    'HTTP_ACCEPT_LANGUAGE' => 'pt-PT,pt;q=0.8,en-US;q=0.5,en;q=0.3'
    'HTTP_CDN_LOOP' => 'cloudflare; loops=1'
    'HTTP_CF_CONNECTING_IP' => '2001:818:e848:8200:24fc:64a9:6d8c:5ccb'
    'HTTP_CF_IPCOUNTRY' => 'PT'
    'HTTP_CF_RAY' => '9b98d2d59f3358fc-LIS'
    'HTTP_CF_VISITOR' => '{\"scheme\":\"http\"}'
    'HTTP_CF_WARP_TAG_ID' => 'f5bcc1c9-1522-405b-9562-82cfc34acae8'
    'HTTP_CONNECTION' => 'keep-alive'
    'HTTP_COOKIE' => '_csrf=9c51e7ef584468f9805930ce7ce95b2c2cff3618ef58bfb29296d849a33bb47ea%3A2%3A%7Bi%3A0%3Bs%3A5%3A%22_csrf%22%3Bi%3A1%3Bs%3A32%3A%22CwqLhIxxDX3ih2sSmJCTeQx1p4Iyw3GI%22%3B%7D; VeiGestSession=15mg5ej006dvogpav0o1qoc11r'
    'HTTP_PRIORITY' => 'u=5, i'
    'HTTP_REFERER' => 'http://veigestback.dryadlang.org/company/create'
    'HTTP_SEC_GPC' => '1'
    'HTTP_X_FORWARDED_FOR' => '2001:818:e848:8200:24fc:64a9:6d8c:5ccb'
    'HTTP_X_FORWARDED_PROTO' => 'http'
    'PATH' => '/usr/local/sbin:/usr/local/bin:/usr/sbin:/usr/bin:/snap/bin'
    'SERVER_SIGNATURE' => '<address>Apache/2.4.58 (Ubuntu) Server at veigestback.dryadlang.org Port 8002</address>
'
    'SERVER_SOFTWARE' => 'Apache/2.4.58 (Ubuntu)'
    'SERVER_NAME' => 'veigestback.dryadlang.org'
    'SERVER_ADDR' => '127.0.0.1'
    'SERVER_PORT' => '8002'
    'REMOTE_ADDR' => '127.0.0.1'
    'DOCUMENT_ROOT' => '/home/pedro/facul/website-VeiGest/veigest/backend/web'
    'REQUEST_SCHEME' => 'http'
    'CONTEXT_PREFIX' => ''
    'CONTEXT_DOCUMENT_ROOT' => '/home/pedro/facul/website-VeiGest/veigest/backend/web'
    'SERVER_ADMIN' => '[no address given]'
    'SCRIPT_FILENAME' => '/home/pedro/facul/website-VeiGest/veigest/backend/web/index.php'
    'REMOTE_PORT' => '36624'
    'REDIRECT_URL' => '/img/user-placeholder.png'
    'GATEWAY_INTERFACE' => 'CGI/1.1'
    'SERVER_PROTOCOL' => 'HTTP/1.1'
    'REQUEST_METHOD' => 'GET'
    'QUERY_STRING' => ''
    'REQUEST_URI' => '/img/user-placeholder.png'
    'SCRIPT_NAME' => '/index.php'
    'PHP_SELF' => '/index.php'
    'REQUEST_TIME_FLOAT' => 1767677428.1095
    'REQUEST_TIME' => 1767677428
]
2026-01-06 05:30:42 [127.0.0.1][1][15mg5ej006dvogpav0o1qoc11r][error][yii\web\HttpException:404] yii\base\InvalidRouteException: Unable to resolve the request "img/user-placeholder.png". in /home/pedro/facul/website-VeiGest/veigest/vendor/yiisoft/yii2/base/Module.php:564
Stack trace:
#0 /home/pedro/facul/website-VeiGest/veigest/vendor/yiisoft/yii2/web/Application.php(103): yii\base\Module->runAction()
#1 /home/pedro/facul/website-VeiGest/veigest/vendor/yiisoft/yii2/base/Application.php(387): yii\web\Application->handleRequest()
#2 /home/pedro/facul/website-VeiGest/veigest/backend/web/index.php(18): yii\base\Application->run()
#3 {main}

Next yii\web\NotFoundHttpException: Page not found. in /home/pedro/facul/website-VeiGest/veigest/vendor/yiisoft/yii2/web/Application.php:115
Stack trace:
#0 /home/pedro/facul/website-VeiGest/veigest/vendor/yiisoft/yii2/base/Application.php(387): yii\web\Application->handleRequest()
#1 /home/pedro/facul/website-VeiGest/veigest/backend/web/index.php(18): yii\base\Application->run()
#2 {main}
2026-01-06 05:30:42 [127.0.0.1][1][15mg5ej006dvogpav0o1qoc11r][info][application] $_GET = []

$_POST = []

$_FILES = []

$_COOKIE = [
    '_csrf' => '9c51e7ef584468f9805930ce7ce95b2c2cff3618ef58bfb29296d849a33bb47ea:2:{i:0;s:5:\"_csrf\";i:1;s:32:\"CwqLhIxxDX3ih2sSmJCTeQx1p4Iyw3GI\";}'
    'VeiGestSession' => '15mg5ej006dvogpav0o1qoc11r'
]

$_SESSION = [
    '__flash' => []
    '__id' => 1
    '__authKey' => '7111b40ce0a5e7b6d75484ab7a3f5af1'
]

$_SERVER = [
    'REDIRECT_STATUS' => '200'
    'HTTP_HOST' => 'veigestback.dryadlang.org'
    'HTTP_USER_AGENT' => 'Mozilla/5.0 (Windows NT 10.0; Win64; x64; rv:146.0) Gecko/20100101 Firefox/146.0'
    'HTTP_ACCEPT' => 'image/avif,image/webp,image/png,image/svg+xml,image/*;q=0.8,*/*;q=0.5'
    'HTTP_ACCEPT_ENCODING' => 'gzip'
    'HTTP_ACCEPT_LANGUAGE' => 'pt-PT,pt;q=0.8,en-US;q=0.5,en;q=0.3'
    'HTTP_CDN_LOOP' => 'cloudflare; loops=1'
    'HTTP_CF_CONNECTING_IP' => '2001:818:e848:8200:24fc:64a9:6d8c:5ccb'
    'HTTP_CF_IPCOUNTRY' => 'PT'
    'HTTP_CF_RAY' => '9b98d330187358fc-LIS'
    'HTTP_CF_VISITOR' => '{\"scheme\":\"http\"}'
    'HTTP_CF_WARP_TAG_ID' => 'f5bcc1c9-1522-405b-9562-82cfc34acae8'
    'HTTP_CONNECTION' => 'keep-alive'
    'HTTP_COOKIE' => '_csrf=9c51e7ef584468f9805930ce7ce95b2c2cff3618ef58bfb29296d849a33bb47ea%3A2%3A%7Bi%3A0%3Bs%3A5%3A%22_csrf%22%3Bi%3A1%3Bs%3A32%3A%22CwqLhIxxDX3ih2sSmJCTeQx1p4Iyw3GI%22%3B%7D; VeiGestSession=15mg5ej006dvogpav0o1qoc11r'
    'HTTP_PRIORITY' => 'u=5, i'
    'HTTP_REFERER' => 'http://veigestback.dryadlang.org/company/create'
    'HTTP_SEC_GPC' => '1'
    'HTTP_X_FORWARDED_FOR' => '2001:818:e848:8200:24fc:64a9:6d8c:5ccb'
    'HTTP_X_FORWARDED_PROTO' => 'http'
    'PATH' => '/usr/local/sbin:/usr/local/bin:/usr/sbin:/usr/bin:/snap/bin'
    'SERVER_SIGNATURE' => '<address>Apache/2.4.58 (Ubuntu) Server at veigestback.dryadlang.org Port 8002</address>
'
    'SERVER_SOFTWARE' => 'Apache/2.4.58 (Ubuntu)'
    'SERVER_NAME' => 'veigestback.dryadlang.org'
    'SERVER_ADDR' => '127.0.0.1'
    'SERVER_PORT' => '8002'
    'REMOTE_ADDR' => '127.0.0.1'
    'DOCUMENT_ROOT' => '/home/pedro/facul/website-VeiGest/veigest/backend/web'
    'REQUEST_SCHEME' => 'http'
    'CONTEXT_PREFIX' => ''
    'CONTEXT_DOCUMENT_ROOT' => '/home/pedro/facul/website-VeiGest/veigest/backend/web'
    'SERVER_ADMIN' => '[no address given]'
    'SCRIPT_FILENAME' => '/home/pedro/facul/website-VeiGest/veigest/backend/web/index.php'
    'REMOTE_PORT' => '55258'
    'REDIRECT_URL' => '/img/user-placeholder.png'
    'GATEWAY_INTERFACE' => 'CGI/1.1'
    'SERVER_PROTOCOL' => 'HTTP/1.1'
    'REQUEST_METHOD' => 'GET'
    'QUERY_STRING' => ''
    'REQUEST_URI' => '/img/user-placeholder.png'
    'SCRIPT_NAME' => '/index.php'
    'PHP_SELF' => '/index.php'
    'REQUEST_TIME_FLOAT' => 1767677442.585
    'REQUEST_TIME' => 1767677442
]
2026-01-06 05:30:50 [127.0.0.1][1][15mg5ej006dvogpav0o1qoc11r][error][yii\web\HttpException:404] yii\base\InvalidRouteException: Unable to resolve the request "img/user-placeholder.png". in /home/pedro/facul/website-VeiGest/veigest/vendor/yiisoft/yii2/base/Module.php:564
Stack trace:
#0 /home/pedro/facul/website-VeiGest/veigest/vendor/yiisoft/yii2/web/Application.php(103): yii\base\Module->runAction()
#1 /home/pedro/facul/website-VeiGest/veigest/vendor/yiisoft/yii2/base/Application.php(387): yii\web\Application->handleRequest()
#2 /home/pedro/facul/website-VeiGest/veigest/backend/web/index.php(18): yii\base\Application->run()
#3 {main}

Next yii\web\NotFoundHttpException: Page not found. in /home/pedro/facul/website-VeiGest/veigest/vendor/yiisoft/yii2/web/Application.php:115
Stack trace:
#0 /home/pedro/facul/website-VeiGest/veigest/vendor/yiisoft/yii2/base/Application.php(387): yii\web\Application->handleRequest()
#1 /home/pedro/facul/website-VeiGest/veigest/backend/web/index.php(18): yii\base\Application->run()
#2 {main}
2026-01-06 05:30:50 [127.0.0.1][1][15mg5ej006dvogpav0o1qoc11r][info][application] $_GET = []

$_POST = []

$_FILES = []

$_COOKIE = [
    '_csrf' => '9c51e7ef584468f9805930ce7ce95b2c2cff3618ef58bfb29296d849a33bb47ea:2:{i:0;s:5:\"_csrf\";i:1;s:32:\"CwqLhIxxDX3ih2sSmJCTeQx1p4Iyw3GI\";}'
    'VeiGestSession' => '15mg5ej006dvogpav0o1qoc11r'
]

$_SESSION = [
    '__flash' => []
    '__id' => 1
    '__authKey' => '7111b40ce0a5e7b6d75484ab7a3f5af1'
]

$_SERVER = [
    'REDIRECT_STATUS' => '200'
    'HTTP_HOST' => 'veigestback.dryadlang.org'
    'HTTP_USER_AGENT' => 'Mozilla/5.0 (Windows NT 10.0; Win64; x64; rv:146.0) Gecko/20100101 Firefox/146.0'
    'HTTP_ACCEPT' => 'image/avif,image/webp,image/png,image/svg+xml,image/*;q=0.8,*/*;q=0.5'
    'HTTP_ACCEPT_ENCODING' => 'gzip'
    'HTTP_ACCEPT_LANGUAGE' => 'pt-PT,pt;q=0.8,en-US;q=0.5,en;q=0.3'
    'HTTP_CDN_LOOP' => 'cloudflare; loops=1'
    'HTTP_CF_CONNECTING_IP' => '2001:818:e848:8200:24fc:64a9:6d8c:5ccb'
    'HTTP_CF_IPCOUNTRY' => 'PT'
    'HTTP_CF_RAY' => '9b98d362594058fc-LIS'
    'HTTP_CF_VISITOR' => '{\"scheme\":\"http\"}'
    'HTTP_CF_WARP_TAG_ID' => 'f5bcc1c9-1522-405b-9562-82cfc34acae8'
    'HTTP_CONNECTION' => 'keep-alive'
    'HTTP_COOKIE' => '_csrf=9c51e7ef584468f9805930ce7ce95b2c2cff3618ef58bfb29296d849a33bb47ea%3A2%3A%7Bi%3A0%3Bs%3A5%3A%22_csrf%22%3Bi%3A1%3Bs%3A32%3A%22CwqLhIxxDX3ih2sSmJCTeQx1p4Iyw3GI%22%3B%7D; VeiGestSession=15mg5ej006dvogpav0o1qoc11r'
    'HTTP_PRIORITY' => 'u=5, i'
    'HTTP_REFERER' => 'http://veigestback.dryadlang.org/company/create'
    'HTTP_SEC_GPC' => '1'
    'HTTP_X_FORWARDED_FOR' => '2001:818:e848:8200:24fc:64a9:6d8c:5ccb'
    'HTTP_X_FORWARDED_PROTO' => 'http'
    'PATH' => '/usr/local/sbin:/usr/local/bin:/usr/sbin:/usr/bin:/snap/bin'
    'SERVER_SIGNATURE' => '<address>Apache/2.4.58 (Ubuntu) Server at veigestback.dryadlang.org Port 8002</address>
'
    'SERVER_SOFTWARE' => 'Apache/2.4.58 (Ubuntu)'
    'SERVER_NAME' => 'veigestback.dryadlang.org'
    'SERVER_ADDR' => '127.0.0.1'
    'SERVER_PORT' => '8002'
    'REMOTE_ADDR' => '127.0.0.1'
    'DOCUMENT_ROOT' => '/home/pedro/facul/website-VeiGest/veigest/backend/web'
    'REQUEST_SCHEME' => 'http'
    'CONTEXT_PREFIX' => ''
    'CONTEXT_DOCUMENT_ROOT' => '/home/pedro/facul/website-VeiGest/veigest/backend/web'
    'SERVER_ADMIN' => '[no address given]'
    'SCRIPT_FILENAME' => '/home/pedro/facul/website-VeiGest/veigest/backend/web/index.php'
    'REMOTE_PORT' => '55266'
    'REDIRECT_URL' => '/img/user-placeholder.png'
    'GATEWAY_INTERFACE' => 'CGI/1.1'
    'SERVER_PROTOCOL' => 'HTTP/1.1'
    'REQUEST_METHOD' => 'GET'
    'QUERY_STRING' => ''
    'REQUEST_URI' => '/img/user-placeholder.png'
    'SCRIPT_NAME' => '/index.php'
    'PHP_SELF' => '/index.php'
    'REQUEST_TIME_FLOAT' => 1767677450.625
    'REQUEST_TIME' => 1767677450
]
2026-01-06 05:30:52 [127.0.0.1][1][15mg5ej006dvogpav0o1qoc11r][error][yii\web\HttpException:404] yii\base\InvalidRouteException: Unable to resolve the request "img/user-placeholder.png". in /home/pedro/facul/website-VeiGest/veigest/vendor/yiisoft/yii2/base/Module.php:564
Stack trace:
#0 /home/pedro/facul/website-VeiGest/veigest/vendor/yiisoft/yii2/web/Application.php(103): yii\base\Module->runAction()
#1 /home/pedro/facul/website-VeiGest/veigest/vendor/yiisoft/yii2/base/Application.php(387): yii\web\Application->handleRequest()
#2 /home/pedro/facul/website-VeiGest/veigest/backend/web/index.php(18): yii\base\Application->run()
#3 {main}

Next yii\web\NotFoundHttpException: Page not found. in /home/pedro/facul/website-VeiGest/veigest/vendor/yiisoft/yii2/web/Application.php:115
Stack trace:
#0 /home/pedro/facul/website-VeiGest/veigest/vendor/yiisoft/yii2/base/Application.php(387): yii\web\Application->handleRequest()
#1 /home/pedro/facul/website-VeiGest/veigest/backend/web/index.php(18): yii\base\Application->run()
#2 {main}
2026-01-06 05:30:52 [127.0.0.1][1][15mg5ej006dvogpav0o1qoc11r][info][application] $_GET = []

$_POST = []

$_FILES = []

$_COOKIE = [
    '_csrf' => '9c51e7ef584468f9805930ce7ce95b2c2cff3618ef58bfb29296d849a33bb47ea:2:{i:0;s:5:\"_csrf\";i:1;s:32:\"CwqLhIxxDX3ih2sSmJCTeQx1p4Iyw3GI\";}'
    'VeiGestSession' => '15mg5ej006dvogpav0o1qoc11r'
]

$_SESSION = [
    '__flash' => []
    '__id' => 1
    '__authKey' => '7111b40ce0a5e7b6d75484ab7a3f5af1'
]

$_SERVER = [
    'REDIRECT_STATUS' => '200'
    'HTTP_HOST' => 'veigestback.dryadlang.org'
    'HTTP_USER_AGENT' => 'Mozilla/5.0 (Windows NT 10.0; Win64; x64; rv:146.0) Gecko/20100101 Firefox/146.0'
    'HTTP_ACCEPT' => 'image/avif,image/webp,image/png,image/svg+xml,image/*;q=0.8,*/*;q=0.5'
    'HTTP_ACCEPT_ENCODING' => 'gzip'
    'HTTP_ACCEPT_LANGUAGE' => 'pt-PT,pt;q=0.8,en-US;q=0.5,en;q=0.3'
    'HTTP_CDN_LOOP' => 'cloudflare; loops=1'
    'HTTP_CF_CONNECTING_IP' => '2001:818:e848:8200:24fc:64a9:6d8c:5ccb'
    'HTTP_CF_IPCOUNTRY' => 'PT'
    'HTTP_CF_RAY' => '9b98d36dc80ec554-LIS'
    'HTTP_CF_VISITOR' => '{\"scheme\":\"http\"}'
    'HTTP_CF_WARP_TAG_ID' => 'f5bcc1c9-1522-405b-9562-82cfc34acae8'
    'HTTP_CONNECTION' => 'keep-alive'
    'HTTP_COOKIE' => '_csrf=9c51e7ef584468f9805930ce7ce95b2c2cff3618ef58bfb29296d849a33bb47ea%3A2%3A%7Bi%3A0%3Bs%3A5%3A%22_csrf%22%3Bi%3A1%3Bs%3A32%3A%22CwqLhIxxDX3ih2sSmJCTeQx1p4Iyw3GI%22%3B%7D; VeiGestSession=15mg5ej006dvogpav0o1qoc11r'
    'HTTP_PRIORITY' => 'u=4, i'
    'HTTP_REFERER' => 'http://veigestback.dryadlang.org/company/index'
    'HTTP_SEC_GPC' => '1'
    'HTTP_X_FORWARDED_FOR' => '2001:818:e848:8200:24fc:64a9:6d8c:5ccb'
    'HTTP_X_FORWARDED_PROTO' => 'http'
    'PATH' => '/usr/local/sbin:/usr/local/bin:/usr/sbin:/usr/bin:/snap/bin'
    'SERVER_SIGNATURE' => '<address>Apache/2.4.58 (Ubuntu) Server at veigestback.dryadlang.org Port 8002</address>
'
    'SERVER_SOFTWARE' => 'Apache/2.4.58 (Ubuntu)'
    'SERVER_NAME' => 'veigestback.dryadlang.org'
    'SERVER_ADDR' => '127.0.0.1'
    'SERVER_PORT' => '8002'
    'REMOTE_ADDR' => '127.0.0.1'
    'DOCUMENT_ROOT' => '/home/pedro/facul/website-VeiGest/veigest/backend/web'
    'REQUEST_SCHEME' => 'http'
    'CONTEXT_PREFIX' => ''
    'CONTEXT_DOCUMENT_ROOT' => '/home/pedro/facul/website-VeiGest/veigest/backend/web'
    'SERVER_ADMIN' => '[no address given]'
    'SCRIPT_FILENAME' => '/home/pedro/facul/website-VeiGest/veigest/backend/web/index.php'
    'REMOTE_PORT' => '55266'
    'REDIRECT_URL' => '/img/user-placeholder.png'
    'GATEWAY_INTERFACE' => 'CGI/1.1'
    'SERVER_PROTOCOL' => 'HTTP/1.1'
    'REQUEST_METHOD' => 'GET'
    'QUERY_STRING' => ''
    'REQUEST_URI' => '/img/user-placeholder.png'
    'SCRIPT_NAME' => '/index.php'
    'PHP_SELF' => '/index.php'
    'REQUEST_TIME_FLOAT' => 1767677452.4578
    'REQUEST_TIME' => 1767677452
]
2026-01-06 05:31:01 [127.0.0.1][1][15mg5ej006dvogpav0o1qoc11r][error][yii\web\HttpException:404] yii\base\InvalidRouteException: Unable to resolve the request "img/user-placeholder.png". in /home/pedro/facul/website-VeiGest/veigest/vendor/yiisoft/yii2/base/Module.php:564
Stack trace:
#0 /home/pedro/facul/website-VeiGest/veigest/vendor/yiisoft/yii2/web/Application.php(103): yii\base\Module->runAction()
#1 /home/pedro/facul/website-VeiGest/veigest/vendor/yiisoft/yii2/base/Application.php(387): yii\web\Application->handleRequest()
#2 /home/pedro/facul/website-VeiGest/veigest/backend/web/index.php(18): yii\base\Application->run()
#3 {main}

Next yii\web\NotFoundHttpException: Page not found. in /home/pedro/facul/website-VeiGest/veigest/vendor/yiisoft/yii2/web/Application.php:115
Stack trace:
#0 /home/pedro/facul/website-VeiGest/veigest/vendor/yiisoft/yii2/base/Application.php(387): yii\web\Application->handleRequest()
#1 /home/pedro/facul/website-VeiGest/veigest/backend/web/index.php(18): yii\base\Application->run()
#2 {main}
2026-01-06 05:31:01 [127.0.0.1][1][15mg5ej006dvogpav0o1qoc11r][info][application] $_GET = []

$_POST = []

$_FILES = []

$_COOKIE = [
    '_csrf' => '9c51e7ef584468f9805930ce7ce95b2c2cff3618ef58bfb29296d849a33bb47ea:2:{i:0;s:5:\"_csrf\";i:1;s:32:\"CwqLhIxxDX3ih2sSmJCTeQx1p4Iyw3GI\";}'
    'VeiGestSession' => '15mg5ej006dvogpav0o1qoc11r'
]

$_SESSION = [
    '__flash' => []
    '__id' => 1
    '__authKey' => '7111b40ce0a5e7b6d75484ab7a3f5af1'
]

$_SERVER = [
    'REDIRECT_STATUS' => '200'
    'HTTP_HOST' => 'veigestback.dryadlang.org'
    'HTTP_USER_AGENT' => 'Mozilla/5.0 (Windows NT 10.0; Win64; x64; rv:146.0) Gecko/20100101 Firefox/146.0'
    'HTTP_ACCEPT' => 'image/avif,image/webp,image/png,image/svg+xml,image/*;q=0.8,*/*;q=0.5'
    'HTTP_ACCEPT_ENCODING' => 'gzip'
    'HTTP_ACCEPT_LANGUAGE' => 'pt-PT,pt;q=0.8,en-US;q=0.5,en;q=0.3'
    'HTTP_CDN_LOOP' => 'cloudflare; loops=1'
    'HTTP_CF_CONNECTING_IP' => '2001:818:e848:8200:24fc:64a9:6d8c:5ccb'
    'HTTP_CF_IPCOUNTRY' => 'PT'
    'HTTP_CF_RAY' => '9b98d3a35f3bc554-LIS'
    'HTTP_CF_VISITOR' => '{\"scheme\":\"http\"}'
    'HTTP_CF_WARP_TAG_ID' => 'f5bcc1c9-1522-405b-9562-82cfc34acae8'
    'HTTP_CONNECTION' => 'keep-alive'
    'HTTP_COOKIE' => '_csrf=9c51e7ef584468f9805930ce7ce95b2c2cff3618ef58bfb29296d849a33bb47ea%3A2%3A%7Bi%3A0%3Bs%3A5%3A%22_csrf%22%3Bi%3A1%3Bs%3A32%3A%22CwqLhIxxDX3ih2sSmJCTeQx1p4Iyw3GI%22%3B%7D; VeiGestSession=15mg5ej006dvogpav0o1qoc11r'
    'HTTP_PRIORITY' => 'u=5, i'
    'HTTP_REFERER' => 'http://veigestback.dryadlang.org/user/index'
    'HTTP_SEC_GPC' => '1'
    'HTTP_X_FORWARDED_FOR' => '2001:818:e848:8200:24fc:64a9:6d8c:5ccb'
    'HTTP_X_FORWARDED_PROTO' => 'http'
    'PATH' => '/usr/local/sbin:/usr/local/bin:/usr/sbin:/usr/bin:/snap/bin'
    'SERVER_SIGNATURE' => '<address>Apache/2.4.58 (Ubuntu) Server at veigestback.dryadlang.org Port 8002</address>
'
    'SERVER_SOFTWARE' => 'Apache/2.4.58 (Ubuntu)'
    'SERVER_NAME' => 'veigestback.dryadlang.org'
    'SERVER_ADDR' => '127.0.0.1'
    'SERVER_PORT' => '8002'
    'REMOTE_ADDR' => '127.0.0.1'
    'DOCUMENT_ROOT' => '/home/pedro/facul/website-VeiGest/veigest/backend/web'
    'REQUEST_SCHEME' => 'http'
    'CONTEXT_PREFIX' => ''
    'CONTEXT_DOCUMENT_ROOT' => '/home/pedro/facul/website-VeiGest/veigest/backend/web'
    'SERVER_ADMIN' => '[no address given]'
    'SCRIPT_FILENAME' => '/home/pedro/facul/website-VeiGest/veigest/backend/web/index.php'
    'REMOTE_PORT' => '37304'
    'REDIRECT_URL' => '/img/user-placeholder.png'
    'GATEWAY_INTERFACE' => 'CGI/1.1'
    'SERVER_PROTOCOL' => 'HTTP/1.1'
    'REQUEST_METHOD' => 'GET'
    'QUERY_STRING' => ''
    'REQUEST_URI' => '/img/user-placeholder.png'
    'SCRIPT_NAME' => '/index.php'
    'PHP_SELF' => '/index.php'
    'REQUEST_TIME_FLOAT' => 1767677461.0212
    'REQUEST_TIME' => 1767677461
]
2026-01-06 05:31:07 [127.0.0.1][1][15mg5ej006dvogpav0o1qoc11r][error][yii\web\HttpException:404] yii\base\InvalidRouteException: Unable to resolve the request "img/user-placeholder.png". in /home/pedro/facul/website-VeiGest/veigest/vendor/yiisoft/yii2/base/Module.php:564
Stack trace:
#0 /home/pedro/facul/website-VeiGest/veigest/vendor/yiisoft/yii2/web/Application.php(103): yii\base\Module->runAction()
#1 /home/pedro/facul/website-VeiGest/veigest/vendor/yiisoft/yii2/base/Application.php(387): yii\web\Application->handleRequest()
#2 /home/pedro/facul/website-VeiGest/veigest/backend/web/index.php(18): yii\base\Application->run()
#3 {main}

Next yii\web\NotFoundHttpException: Page not found. in /home/pedro/facul/website-VeiGest/veigest/vendor/yiisoft/yii2/web/Application.php:115
Stack trace:
#0 /home/pedro/facul/website-VeiGest/veigest/vendor/yiisoft/yii2/base/Application.php(387): yii\web\Application->handleRequest()
#1 /home/pedro/facul/website-VeiGest/veigest/backend/web/index.php(18): yii\base\Application->run()
#2 {main}
2026-01-06 05:31:07 [127.0.0.1][1][15mg5ej006dvogpav0o1qoc11r][info][application] $_GET = []

$_POST = []

$_FILES = []

$_COOKIE = [
    '_csrf' => '9c51e7ef584468f9805930ce7ce95b2c2cff3618ef58bfb29296d849a33bb47ea:2:{i:0;s:5:\"_csrf\";i:1;s:32:\"CwqLhIxxDX3ih2sSmJCTeQx1p4Iyw3GI\";}'
    'VeiGestSession' => '15mg5ej006dvogpav0o1qoc11r'
]

$_SESSION = [
    '__flash' => []
    '__id' => 1
    '__authKey' => '7111b40ce0a5e7b6d75484ab7a3f5af1'
]

$_SERVER = [
    'REDIRECT_STATUS' => '200'
    'HTTP_HOST' => 'veigestback.dryadlang.org'
    'HTTP_USER_AGENT' => 'Mozilla/5.0 (Windows NT 10.0; Win64; x64; rv:146.0) Gecko/20100101 Firefox/146.0'
    'HTTP_ACCEPT' => 'image/avif,image/webp,image/png,image/svg+xml,image/*;q=0.8,*/*;q=0.5'
    'HTTP_ACCEPT_ENCODING' => 'gzip'
    'HTTP_ACCEPT_LANGUAGE' => 'pt-PT,pt;q=0.8,en-US;q=0.5,en;q=0.3'
    'HTTP_CDN_LOOP' => 'cloudflare; loops=1'
    'HTTP_CF_CONNECTING_IP' => '2001:818:e848:8200:24fc:64a9:6d8c:5ccb'
    'HTTP_CF_IPCOUNTRY' => 'PT'
    'HTTP_CF_RAY' => '9b98d3ccfdc3c554-LIS'
    'HTTP_CF_VISITOR' => '{\"scheme\":\"http\"}'
    'HTTP_CF_WARP_TAG_ID' => 'f5bcc1c9-1522-405b-9562-82cfc34acae8'
    'HTTP_CONNECTION' => 'keep-alive'
    'HTTP_COOKIE' => '_csrf=9c51e7ef584468f9805930ce7ce95b2c2cff3618ef58bfb29296d849a33bb47ea%3A2%3A%7Bi%3A0%3Bs%3A5%3A%22_csrf%22%3Bi%3A1%3Bs%3A32%3A%22CwqLhIxxDX3ih2sSmJCTeQx1p4Iyw3GI%22%3B%7D; VeiGestSession=15mg5ej006dvogpav0o1qoc11r'
    'HTTP_PRIORITY' => 'u=5, i'
    'HTTP_REFERER' => 'http://veigestback.dryadlang.org/user/create'
    'HTTP_SEC_GPC' => '1'
    'HTTP_X_FORWARDED_FOR' => '2001:818:e848:8200:24fc:64a9:6d8c:5ccb'
    'HTTP_X_FORWARDED_PROTO' => 'http'
    'PATH' => '/usr/local/sbin:/usr/local/bin:/usr/sbin:/usr/bin:/snap/bin'
    'SERVER_SIGNATURE' => '<address>Apache/2.4.58 (Ubuntu) Server at veigestback.dryadlang.org Port 8002</address>
'
    'SERVER_SOFTWARE' => 'Apache/2.4.58 (Ubuntu)'
    'SERVER_NAME' => 'veigestback.dryadlang.org'
    'SERVER_ADDR' => '127.0.0.1'
    'SERVER_PORT' => '8002'
    'REMOTE_ADDR' => '127.0.0.1'
    'DOCUMENT_ROOT' => '/home/pedro/facul/website-VeiGest/veigest/backend/web'
    'REQUEST_SCHEME' => 'http'
    'CONTEXT_PREFIX' => ''
    'CONTEXT_DOCUMENT_ROOT' => '/home/pedro/facul/website-VeiGest/veigest/backend/web'
    'SERVER_ADMIN' => '[no address given]'
    'SCRIPT_FILENAME' => '/home/pedro/facul/website-VeiGest/veigest/backend/web/index.php'
    'REMOTE_PORT' => '37312'
    'REDIRECT_URL' => '/img/user-placeholder.png'
    'GATEWAY_INTERFACE' => 'CGI/1.1'
    'SERVER_PROTOCOL' => 'HTTP/1.1'
    'REQUEST_METHOD' => 'GET'
    'QUERY_STRING' => ''
    'REQUEST_URI' => '/img/user-placeholder.png'
    'SCRIPT_NAME' => '/index.php'
    'PHP_SELF' => '/index.php'
    'REQUEST_TIME_FLOAT' => 1767677467.6843
    'REQUEST_TIME' => 1767677467
]
2026-01-06 05:31:29 [127.0.0.1][1][15mg5ej006dvogpav0o1qoc11r][error][yii\base\InvalidCallException] yii\base\InvalidCallException: Setting read-only property: common\models\User::role in /home/pedro/facul/website-VeiGest/veigest/vendor/yiisoft/yii2/base/Component.php:218
Stack trace:
#0 /home/pedro/facul/website-VeiGest/veigest/vendor/yiisoft/yii2/db/BaseActiveRecord.php(322): yii\base\Component->__set()
#1 /home/pedro/facul/website-VeiGest/veigest/backend/controllers/UserController.php(71): yii\db\BaseActiveRecord->__set()
#2 [internal function]: backend\controllers\UserController->actionCreate()
#3 /home/pedro/facul/website-VeiGest/veigest/vendor/yiisoft/yii2/base/InlineAction.php(60): call_user_func_array()
#4 /home/pedro/facul/website-VeiGest/veigest/vendor/yiisoft/yii2/base/Controller.php(184): yii\base\InlineAction->runWithParams()
#5 /home/pedro/facul/website-VeiGest/veigest/vendor/yiisoft/yii2/base/Module.php(555): yii\base\Controller->runAction()
#6 /home/pedro/facul/website-VeiGest/veigest/vendor/yiisoft/yii2/web/Application.php(103): yii\base\Module->runAction()
#7 /home/pedro/facul/website-VeiGest/veigest/vendor/yiisoft/yii2/base/Application.php(387): yii\web\Application->handleRequest()
#8 /home/pedro/facul/website-VeiGest/veigest/backend/web/index.php(18): yii\base\Application->run()
#9 {main}
2026-01-06 05:31:29 [127.0.0.1][1][15mg5ej006dvogpav0o1qoc11r][info][application] $_GET = []

$_POST = [
    '_csrf' => 'KV63E6Fxij0kmzFH2d5MZl2By-i7I_ltKCubO-x52mpqKcZfyTjyRWDDAi6x7D81MMuIvN5ygVxYH9JCm0qdIw=='
    'User' => [
        'company_id' => '1'
        'username' => 'admin'
        'name' => 'Teste'
        'email' => 'teste@gmail.com'
        'password' => '123'
        'role' => 'admin'
        'status' => 'active'
    ]
]

$_FILES = []

$_COOKIE = [
    '_csrf' => '9c51e7ef584468f9805930ce7ce95b2c2cff3618ef58bfb29296d849a33bb47ea:2:{i:0;s:5:\"_csrf\";i:1;s:32:\"CwqLhIxxDX3ih2sSmJCTeQx1p4Iyw3GI\";}'
    'VeiGestSession' => '15mg5ej006dvogpav0o1qoc11r'
]

$_SESSION = [
    '__flash' => []
    '__id' => 1
    '__authKey' => '7111b40ce0a5e7b6d75484ab7a3f5af1'
]

$_SERVER = [
    'REDIRECT_STATUS' => '200'
    'HTTP_HOST' => 'veigestback.dryadlang.org'
    'HTTP_USER_AGENT' => 'Mozilla/5.0 (Windows NT 10.0; Win64; x64; rv:146.0) Gecko/20100101 Firefox/146.0'
    'CONTENT_LENGTH' => '269'
    'HTTP_ACCEPT' => 'text/html,application/xhtml+xml,application/xml;q=0.9,*/*;q=0.8'
    'HTTP_ACCEPT_ENCODING' => 'gzip'
    'HTTP_ACCEPT_LANGUAGE' => 'pt-PT,pt;q=0.8,en-US;q=0.5,en;q=0.3'
    'HTTP_CDN_LOOP' => 'cloudflare; loops=1'
    'HTTP_CF_CONNECTING_IP' => '2001:818:e848:8200:24fc:64a9:6d8c:5ccb'
    'HTTP_CF_IPCOUNTRY' => 'PT'
    'HTTP_CF_RAY' => '9b98d4525bc8c554-LIS'
    'HTTP_CF_VISITOR' => '{\"scheme\":\"http\"}'
    'HTTP_CF_WARP_TAG_ID' => 'f5bcc1c9-1522-405b-9562-82cfc34acae8'
    'HTTP_CONNECTION' => 'keep-alive'
    'CONTENT_TYPE' => 'application/x-www-form-urlencoded'
    'HTTP_COOKIE' => '_csrf=9c51e7ef584468f9805930ce7ce95b2c2cff3618ef58bfb29296d849a33bb47ea%3A2%3A%7Bi%3A0%3Bs%3A5%3A%22_csrf%22%3Bi%3A1%3Bs%3A32%3A%22CwqLhIxxDX3ih2sSmJCTeQx1p4Iyw3GI%22%3B%7D; VeiGestSession=15mg5ej006dvogpav0o1qoc11r'
    'HTTP_ORIGIN' => 'http://veigestback.dryadlang.org'
    'HTTP_PRIORITY' => 'u=0, i'
    'HTTP_REFERER' => 'http://veigestback.dryadlang.org/user/create'
    'HTTP_SEC_GPC' => '1'
    'HTTP_UPGRADE_INSECURE_REQUESTS' => '1'
    'HTTP_X_FORWARDED_FOR' => '2001:818:e848:8200:24fc:64a9:6d8c:5ccb'
    'HTTP_X_FORWARDED_PROTO' => 'http'
    'PATH' => '/usr/local/sbin:/usr/local/bin:/usr/sbin:/usr/bin:/snap/bin'
    'SERVER_SIGNATURE' => '<address>Apache/2.4.58 (Ubuntu) Server at veigestback.dryadlang.org Port 8002</address>
'
    'SERVER_SOFTWARE' => 'Apache/2.4.58 (Ubuntu)'
    'SERVER_NAME' => 'veigestback.dryadlang.org'
    'SERVER_ADDR' => '127.0.0.1'
    'SERVER_PORT' => '8002'
    'REMOTE_ADDR' => '127.0.0.1'
    'DOCUMENT_ROOT' => '/home/pedro/facul/website-VeiGest/veigest/backend/web'
    'REQUEST_SCHEME' => 'http'
    'CONTEXT_PREFIX' => ''
    'CONTEXT_DOCUMENT_ROOT' => '/home/pedro/facul/website-VeiGest/veigest/backend/web'
    'SERVER_ADMIN' => '[no address given]'
    'SCRIPT_FILENAME' => '/home/pedro/facul/website-VeiGest/veigest/backend/web/index.php'
    'REMOTE_PORT' => '35884'
    'REDIRECT_URL' => '/user/create'
    'GATEWAY_INTERFACE' => 'CGI/1.1'
    'SERVER_PROTOCOL' => 'HTTP/1.1'
    'REQUEST_METHOD' => 'POST'
    'QUERY_STRING' => ''
    'REQUEST_URI' => '/user/create'
    'SCRIPT_NAME' => '/index.php'
    'PHP_SELF' => '/index.php'
    'REQUEST_TIME_FLOAT' => 1767677489.0225
    'REQUEST_TIME' => 1767677489
]
2026-01-06 05:34:48 [127.0.0.1][1][15mg5ej006dvogpav0o1qoc11r][error][yii\web\HttpException:404] yii\base\InvalidRouteException: Unable to resolve the request "img/user-placeholder.png". in /home/pedro/facul/website-VeiGest/veigest/vendor/yiisoft/yii2/base/Module.php:564
Stack trace:
#0 /home/pedro/facul/website-VeiGest/veigest/vendor/yiisoft/yii2/web/Application.php(103): yii\base\Module->runAction()
#1 /home/pedro/facul/website-VeiGest/veigest/vendor/yiisoft/yii2/base/Application.php(387): yii\web\Application->handleRequest()
#2 /home/pedro/facul/website-VeiGest/veigest/backend/web/index.php(18): yii\base\Application->run()
#3 {main}

Next yii\web\NotFoundHttpException: Page not found. in /home/pedro/facul/website-VeiGest/veigest/vendor/yiisoft/yii2/web/Application.php:115
Stack trace:
#0 /home/pedro/facul/website-VeiGest/veigest/vendor/yiisoft/yii2/base/Application.php(387): yii\web\Application->handleRequest()
#1 /home/pedro/facul/website-VeiGest/veigest/backend/web/index.php(18): yii\base\Application->run()
#2 {main}
2026-01-06 05:34:48 [127.0.0.1][1][15mg5ej006dvogpav0o1qoc11r][info][application] $_GET = []

$_POST = []

$_FILES = []

$_COOKIE = [
    '_csrf' => '9c51e7ef584468f9805930ce7ce95b2c2cff3618ef58bfb29296d849a33bb47ea:2:{i:0;s:5:\"_csrf\";i:1;s:32:\"CwqLhIxxDX3ih2sSmJCTeQx1p4Iyw3GI\";}'
    'VeiGestSession' => '15mg5ej006dvogpav0o1qoc11r'
]

$_SESSION = [
    '__flash' => []
    '__id' => 1
    '__authKey' => '7111b40ce0a5e7b6d75484ab7a3f5af1'
]

$_SERVER = [
    'REDIRECT_STATUS' => '200'
    'HTTP_HOST' => 'veigestback.dryadlang.org'
    'HTTP_USER_AGENT' => 'Mozilla/5.0 (Windows NT 10.0; Win64; x64; rv:146.0) Gecko/20100101 Firefox/146.0'
    'HTTP_ACCEPT' => 'image/avif,image/webp,image/png,image/svg+xml,image/*;q=0.8,*/*;q=0.5'
    'HTTP_ACCEPT_ENCODING' => 'gzip'
    'HTTP_ACCEPT_LANGUAGE' => 'pt-PT,pt;q=0.8,en-US;q=0.5,en;q=0.3'
    'HTTP_CDN_LOOP' => 'cloudflare; loops=1'
    'HTTP_CF_CONNECTING_IP' => '2001:818:e848:8200:24fc:64a9:6d8c:5ccb'
    'HTTP_CF_IPCOUNTRY' => 'PT'
    'HTTP_CF_RAY' => '9b98d9328d51f437-LIS'
    'HTTP_CF_VISITOR' => '{\"scheme\":\"http\"}'
    'HTTP_CF_WARP_TAG_ID' => 'f5bcc1c9-1522-405b-9562-82cfc34acae8'
    'HTTP_CONNECTION' => 'keep-alive'
    'HTTP_COOKIE' => '_csrf=9c51e7ef584468f9805930ce7ce95b2c2cff3618ef58bfb29296d849a33bb47ea%3A2%3A%7Bi%3A0%3Bs%3A5%3A%22_csrf%22%3Bi%3A1%3Bs%3A32%3A%22CwqLhIxxDX3ih2sSmJCTeQx1p4Iyw3GI%22%3B%7D; VeiGestSession=15mg5ej006dvogpav0o1qoc11r'
    'HTTP_PRIORITY' => 'u=5, i'
    'HTTP_REFERER' => 'http://veigestback.dryadlang.org/user/create'
    'HTTP_SEC_GPC' => '1'
    'HTTP_X_FORWARDED_FOR' => '2001:818:e848:8200:24fc:64a9:6d8c:5ccb'
    'HTTP_X_FORWARDED_PROTO' => 'http'
    'PATH' => '/usr/local/sbin:/usr/local/bin:/usr/sbin:/usr/bin:/snap/bin'
    'SERVER_SIGNATURE' => '<address>Apache/2.4.58 (Ubuntu) Server at veigestback.dryadlang.org Port 8002</address>
'
    'SERVER_SOFTWARE' => 'Apache/2.4.58 (Ubuntu)'
    'SERVER_NAME' => 'veigestback.dryadlang.org'
    'SERVER_ADDR' => '127.0.0.1'
    'SERVER_PORT' => '8002'
    'REMOTE_ADDR' => '127.0.0.1'
    'DOCUMENT_ROOT' => '/home/pedro/facul/website-VeiGest/veigest/backend/web'
    'REQUEST_SCHEME' => 'http'
    'CONTEXT_PREFIX' => ''
    'CONTEXT_DOCUMENT_ROOT' => '/home/pedro/facul/website-VeiGest/veigest/backend/web'
    'SERVER_ADMIN' => '[no address given]'
    'SCRIPT_FILENAME' => '/home/pedro/facul/website-VeiGest/veigest/backend/web/index.php'
    'REMOTE_PORT' => '51830'
    'REDIRECT_URL' => '/img/user-placeholder.png'
    'GATEWAY_INTERFACE' => 'CGI/1.1'
    'SERVER_PROTOCOL' => 'HTTP/1.1'
    'REQUEST_METHOD' => 'GET'
    'QUERY_STRING' => ''
    'REQUEST_URI' => '/img/user-placeholder.png'
    'SCRIPT_NAME' => '/index.php'
    'PHP_SELF' => '/index.php'
    'REQUEST_TIME_FLOAT' => 1767677688.7348
    'REQUEST_TIME' => 1767677688
]
2026-01-06 05:35:13 [127.0.0.1][1][15mg5ej006dvogpav0o1qoc11r][error][yii\web\HttpException:404] yii\base\InvalidRouteException: Unable to resolve the request "img/user-placeholder.png". in /home/pedro/facul/website-VeiGest/veigest/vendor/yiisoft/yii2/base/Module.php:564
Stack trace:
#0 /home/pedro/facul/website-VeiGest/veigest/vendor/yiisoft/yii2/web/Application.php(103): yii\base\Module->runAction()
#1 /home/pedro/facul/website-VeiGest/veigest/vendor/yiisoft/yii2/base/Application.php(387): yii\web\Application->handleRequest()
#2 /home/pedro/facul/website-VeiGest/veigest/backend/web/index.php(18): yii\base\Application->run()
#3 {main}

Next yii\web\NotFoundHttpException: Page not found. in /home/pedro/facul/website-VeiGest/veigest/vendor/yiisoft/yii2/web/Application.php:115
Stack trace:
#0 /home/pedro/facul/website-VeiGest/veigest/vendor/yiisoft/yii2/base/Application.php(387): yii\web\Application->handleRequest()
#1 /home/pedro/facul/website-VeiGest/veigest/backend/web/index.php(18): yii\base\Application->run()
#2 {main}
2026-01-06 05:35:13 [127.0.0.1][1][15mg5ej006dvogpav0o1qoc11r][info][application] $_GET = []

$_POST = []

$_FILES = []

$_COOKIE = [
    '_csrf' => '9c51e7ef584468f9805930ce7ce95b2c2cff3618ef58bfb29296d849a33bb47ea:2:{i:0;s:5:\"_csrf\";i:1;s:32:\"CwqLhIxxDX3ih2sSmJCTeQx1p4Iyw3GI\";}'
    'VeiGestSession' => '15mg5ej006dvogpav0o1qoc11r'
]

$_SESSION = [
    '__flash' => []
    '__id' => 1
    '__authKey' => '7111b40ce0a5e7b6d75484ab7a3f5af1'
]

$_SERVER = [
    'REDIRECT_STATUS' => '200'
    'HTTP_HOST' => 'veigestback.dryadlang.org'
    'HTTP_USER_AGENT' => 'Mozilla/5.0 (Windows NT 10.0; Win64; x64; rv:146.0) Gecko/20100101 Firefox/146.0'
    'HTTP_ACCEPT' => 'image/avif,image/webp,image/png,image/svg+xml,image/*;q=0.8,*/*;q=0.5'
    'HTTP_ACCEPT_ENCODING' => 'gzip'
    'HTTP_ACCEPT_LANGUAGE' => 'pt-PT,pt;q=0.8,en-US;q=0.5,en;q=0.3'
    'HTTP_CDN_LOOP' => 'cloudflare; loops=1'
    'HTTP_CF_CONNECTING_IP' => '2001:818:e848:8200:24fc:64a9:6d8c:5ccb'
    'HTTP_CF_IPCOUNTRY' => 'PT'
    'HTTP_CF_RAY' => '9b98d9cddcd4f437-LIS'
    'HTTP_CF_VISITOR' => '{\"scheme\":\"http\"}'
    'HTTP_CF_WARP_TAG_ID' => 'f5bcc1c9-1522-405b-9562-82cfc34acae8'
    'HTTP_CONNECTION' => 'keep-alive'
    'HTTP_COOKIE' => '_csrf=9c51e7ef584468f9805930ce7ce95b2c2cff3618ef58bfb29296d849a33bb47ea%3A2%3A%7Bi%3A0%3Bs%3A5%3A%22_csrf%22%3Bi%3A1%3Bs%3A32%3A%22CwqLhIxxDX3ih2sSmJCTeQx1p4Iyw3GI%22%3B%7D; VeiGestSession=15mg5ej006dvogpav0o1qoc11r'
    'HTTP_PRIORITY' => 'u=4, i'
    'HTTP_REFERER' => 'http://veigestback.dryadlang.org/user/create'
    'HTTP_SEC_GPC' => '1'
    'HTTP_X_FORWARDED_FOR' => '2001:818:e848:8200:24fc:64a9:6d8c:5ccb'
    'HTTP_X_FORWARDED_PROTO' => 'http'
    'PATH' => '/usr/local/sbin:/usr/local/bin:/usr/sbin:/usr/bin:/snap/bin'
    'SERVER_SIGNATURE' => '<address>Apache/2.4.58 (Ubuntu) Server at veigestback.dryadlang.org Port 8002</address>
'
    'SERVER_SOFTWARE' => 'Apache/2.4.58 (Ubuntu)'
    'SERVER_NAME' => 'veigestback.dryadlang.org'
    'SERVER_ADDR' => '127.0.0.1'
    'SERVER_PORT' => '8002'
    'REMOTE_ADDR' => '127.0.0.1'
    'DOCUMENT_ROOT' => '/home/pedro/facul/website-VeiGest/veigest/backend/web'
    'REQUEST_SCHEME' => 'http'
    'CONTEXT_PREFIX' => ''
    'CONTEXT_DOCUMENT_ROOT' => '/home/pedro/facul/website-VeiGest/veigest/backend/web'
    'SERVER_ADMIN' => '[no address given]'
    'SCRIPT_FILENAME' => '/home/pedro/facul/website-VeiGest/veigest/backend/web/index.php'
    'REMOTE_PORT' => '58046'
    'REDIRECT_URL' => '/img/user-placeholder.png'
    'GATEWAY_INTERFACE' => 'CGI/1.1'
    'SERVER_PROTOCOL' => 'HTTP/1.1'
    'REQUEST_METHOD' => 'GET'
    'QUERY_STRING' => ''
    'REQUEST_URI' => '/img/user-placeholder.png'
    'SCRIPT_NAME' => '/index.php'
    'PHP_SELF' => '/index.php'
    'REQUEST_TIME_FLOAT' => 1767677713.5804
    'REQUEST_TIME' => 1767677713
]
2026-01-06 05:35:23 [127.0.0.1][1][15mg5ej006dvogpav0o1qoc11r][error][yii\web\HttpException:404] yii\base\InvalidRouteException: Unable to resolve the request "img/user-placeholder.png". in /home/pedro/facul/website-VeiGest/veigest/vendor/yiisoft/yii2/base/Module.php:564
Stack trace:
#0 /home/pedro/facul/website-VeiGest/veigest/vendor/yiisoft/yii2/web/Application.php(103): yii\base\Module->runAction()
#1 /home/pedro/facul/website-VeiGest/veigest/vendor/yiisoft/yii2/base/Application.php(387): yii\web\Application->handleRequest()
#2 /home/pedro/facul/website-VeiGest/veigest/backend/web/index.php(18): yii\base\Application->run()
#3 {main}

Next yii\web\NotFoundHttpException: Page not found. in /home/pedro/facul/website-VeiGest/veigest/vendor/yiisoft/yii2/web/Application.php:115
Stack trace:
#0 /home/pedro/facul/website-VeiGest/veigest/vendor/yiisoft/yii2/base/Application.php(387): yii\web\Application->handleRequest()
#1 /home/pedro/facul/website-VeiGest/veigest/backend/web/index.php(18): yii\base\Application->run()
#2 {main}
2026-01-06 05:35:23 [127.0.0.1][1][15mg5ej006dvogpav0o1qoc11r][info][application] $_GET = []

$_POST = []

$_FILES = []

$_COOKIE = [
    '_csrf' => '9c51e7ef584468f9805930ce7ce95b2c2cff3618ef58bfb29296d849a33bb47ea:2:{i:0;s:5:\"_csrf\";i:1;s:32:\"CwqLhIxxDX3ih2sSmJCTeQx1p4Iyw3GI\";}'
    'VeiGestSession' => '15mg5ej006dvogpav0o1qoc11r'
]

$_SESSION = [
    '__flash' => [
        'success' => -1
    ]
    '__id' => 1
    '__authKey' => '7111b40ce0a5e7b6d75484ab7a3f5af1'
    'success' => 'Utilizador criado com sucesso.'
]

$_SERVER = [
    'REDIRECT_STATUS' => '200'
    'HTTP_HOST' => 'veigestback.dryadlang.org'
    'HTTP_USER_AGENT' => 'Mozilla/5.0 (Windows NT 10.0; Win64; x64; rv:146.0) Gecko/20100101 Firefox/146.0'
    'HTTP_ACCEPT' => 'image/avif,image/webp,image/png,image/svg+xml,image/*;q=0.8,*/*;q=0.5'
    'HTTP_ACCEPT_ENCODING' => 'gzip'
    'HTTP_ACCEPT_LANGUAGE' => 'pt-PT,pt;q=0.8,en-US;q=0.5,en;q=0.3'
    'HTTP_CDN_LOOP' => 'cloudflare; loops=1'
    'HTTP_CF_CONNECTING_IP' => '2001:818:e848:8200:24fc:64a9:6d8c:5ccb'
    'HTTP_CF_IPCOUNTRY' => 'PT'
    'HTTP_CF_RAY' => '9b98da0a5a76f437-LIS'
    'HTTP_CF_VISITOR' => '{\"scheme\":\"http\"}'
    'HTTP_CF_WARP_TAG_ID' => 'f5bcc1c9-1522-405b-9562-82cfc34acae8'
    'HTTP_CONNECTION' => 'keep-alive'
    'HTTP_COOKIE' => '_csrf=9c51e7ef584468f9805930ce7ce95b2c2cff3618ef58bfb29296d849a33bb47ea%3A2%3A%7Bi%3A0%3Bs%3A5%3A%22_csrf%22%3Bi%3A1%3Bs%3A32%3A%22CwqLhIxxDX3ih2sSmJCTeQx1p4Iyw3GI%22%3B%7D; VeiGestSession=15mg5ej006dvogpav0o1qoc11r'
    'HTTP_PRIORITY' => 'u=4, i'
    'HTTP_REFERER' => 'http://veigestback.dryadlang.org/user/view?id=8'
    'HTTP_SEC_GPC' => '1'
    'HTTP_X_FORWARDED_FOR' => '2001:818:e848:8200:24fc:64a9:6d8c:5ccb'
    'HTTP_X_FORWARDED_PROTO' => 'http'
    'PATH' => '/usr/local/sbin:/usr/local/bin:/usr/sbin:/usr/bin:/snap/bin'
    'SERVER_SIGNATURE' => '<address>Apache/2.4.58 (Ubuntu) Server at veigestback.dryadlang.org Port 8002</address>
'
    'SERVER_SOFTWARE' => 'Apache/2.4.58 (Ubuntu)'
    'SERVER_NAME' => 'veigestback.dryadlang.org'
    'SERVER_ADDR' => '127.0.0.1'
    'SERVER_PORT' => '8002'
    'REMOTE_ADDR' => '127.0.0.1'
    'DOCUMENT_ROOT' => '/home/pedro/facul/website-VeiGest/veigest/backend/web'
    'REQUEST_SCHEME' => 'http'
    'CONTEXT_PREFIX' => ''
    'CONTEXT_DOCUMENT_ROOT' => '/home/pedro/facul/website-VeiGest/veigest/backend/web'
    'SERVER_ADMIN' => '[no address given]'
    'SCRIPT_FILENAME' => '/home/pedro/facul/website-VeiGest/veigest/backend/web/index.php'
    'REMOTE_PORT' => '59364'
    'REDIRECT_URL' => '/img/user-placeholder.png'
    'GATEWAY_INTERFACE' => 'CGI/1.1'
    'SERVER_PROTOCOL' => 'HTTP/1.1'
    'REQUEST_METHOD' => 'GET'
    'QUERY_STRING' => ''
    'REQUEST_URI' => '/img/user-placeholder.png'
    'SCRIPT_NAME' => '/index.php'
    'PHP_SELF' => '/index.php'
    'REQUEST_TIME_FLOAT' => 1767677723.2607
    'REQUEST_TIME' => 1767677723
]
2026-01-06 05:35:29 [127.0.0.1][1][15mg5ej006dvogpav0o1qoc11r][error][yii\web\HttpException:404] yii\base\InvalidRouteException: Unable to resolve the request "img/user-placeholder.png". in /home/pedro/facul/website-VeiGest/veigest/vendor/yiisoft/yii2/base/Module.php:564
Stack trace:
#0 /home/pedro/facul/website-VeiGest/veigest/vendor/yiisoft/yii2/web/Application.php(103): yii\base\Module->runAction()
#1 /home/pedro/facul/website-VeiGest/veigest/vendor/yiisoft/yii2/base/Application.php(387): yii\web\Application->handleRequest()
#2 /home/pedro/facul/website-VeiGest/veigest/backend/web/index.php(18): yii\base\Application->run()
#3 {main}

Next yii\web\NotFoundHttpException: Page not found. in /home/pedro/facul/website-VeiGest/veigest/vendor/yiisoft/yii2/web/Application.php:115
Stack trace:
#0 /home/pedro/facul/website-VeiGest/veigest/vendor/yiisoft/yii2/base/Application.php(387): yii\web\Application->handleRequest()
#1 /home/pedro/facul/website-VeiGest/veigest/backend/web/index.php(18): yii\base\Application->run()
#2 {main}
2026-01-06 05:35:29 [127.0.0.1][1][15mg5ej006dvogpav0o1qoc11r][info][application] $_GET = []

$_POST = []

$_FILES = []

$_COOKIE = [
    '_csrf' => '9c51e7ef584468f9805930ce7ce95b2c2cff3618ef58bfb29296d849a33bb47ea:2:{i:0;s:5:\"_csrf\";i:1;s:32:\"CwqLhIxxDX3ih2sSmJCTeQx1p4Iyw3GI\";}'
    'VeiGestSession' => '15mg5ej006dvogpav0o1qoc11r'
]

$_SESSION = [
    '__flash' => [
        'success' => -1
    ]
    '__id' => 1
    '__authKey' => '7111b40ce0a5e7b6d75484ab7a3f5af1'
    'success' => 'Utilizador criado com sucesso.'
]

$_SERVER = [
    'REDIRECT_STATUS' => '200'
    'HTTP_HOST' => 'veigestback.dryadlang.org'
    'HTTP_USER_AGENT' => 'Mozilla/5.0 (Windows NT 10.0; Win64; x64; rv:146.0) Gecko/20100101 Firefox/146.0'
    'HTTP_ACCEPT' => 'image/avif,image/webp,image/png,image/svg+xml,image/*;q=0.8,*/*;q=0.5'
    'HTTP_ACCEPT_ENCODING' => 'gzip'
    'HTTP_ACCEPT_LANGUAGE' => 'pt-PT,pt;q=0.8,en-US;q=0.5,en;q=0.3'
    'HTTP_CDN_LOOP' => 'cloudflare; loops=1'
    'HTTP_CF_CONNECTING_IP' => '2001:818:e848:8200:24fc:64a9:6d8c:5ccb'
    'HTTP_CF_IPCOUNTRY' => 'PT'
    'HTTP_CF_RAY' => '9b98da32fd48f437-LIS'
    'HTTP_CF_VISITOR' => '{\"scheme\":\"http\"}'
    'HTTP_CF_WARP_TAG_ID' => 'f5bcc1c9-1522-405b-9562-82cfc34acae8'
    'HTTP_CONNECTION' => 'keep-alive'
    'HTTP_COOKIE' => '_csrf=9c51e7ef584468f9805930ce7ce95b2c2cff3618ef58bfb29296d849a33bb47ea%3A2%3A%7Bi%3A0%3Bs%3A5%3A%22_csrf%22%3Bi%3A1%3Bs%3A32%3A%22CwqLhIxxDX3ih2sSmJCTeQx1p4Iyw3GI%22%3B%7D; VeiGestSession=15mg5ej006dvogpav0o1qoc11r'
    'HTTP_PRIORITY' => 'u=5, i'
    'HTTP_REFERER' => 'http://veigestback.dryadlang.org/user/index'
    'HTTP_SEC_GPC' => '1'
    'HTTP_X_FORWARDED_FOR' => '2001:818:e848:8200:24fc:64a9:6d8c:5ccb'
    'HTTP_X_FORWARDED_PROTO' => 'http'
    'PATH' => '/usr/local/sbin:/usr/local/bin:/usr/sbin:/usr/bin:/snap/bin'
    'SERVER_SIGNATURE' => '<address>Apache/2.4.58 (Ubuntu) Server at veigestback.dryadlang.org Port 8002</address>
'
    'SERVER_SOFTWARE' => 'Apache/2.4.58 (Ubuntu)'
    'SERVER_NAME' => 'veigestback.dryadlang.org'
    'SERVER_ADDR' => '127.0.0.1'
    'SERVER_PORT' => '8002'
    'REMOTE_ADDR' => '127.0.0.1'
    'DOCUMENT_ROOT' => '/home/pedro/facul/website-VeiGest/veigest/backend/web'
    'REQUEST_SCHEME' => 'http'
    'CONTEXT_PREFIX' => ''
    'CONTEXT_DOCUMENT_ROOT' => '/home/pedro/facul/website-VeiGest/veigest/backend/web'
    'SERVER_ADMIN' => '[no address given]'
    'SCRIPT_FILENAME' => '/home/pedro/facul/website-VeiGest/veigest/backend/web/index.php'
    'REMOTE_PORT' => '59378'
    'REDIRECT_URL' => '/img/user-placeholder.png'
    'GATEWAY_INTERFACE' => 'CGI/1.1'
    'SERVER_PROTOCOL' => 'HTTP/1.1'
    'REQUEST_METHOD' => 'GET'
    'QUERY_STRING' => ''
    'REQUEST_URI' => '/img/user-placeholder.png'
    'SCRIPT_NAME' => '/index.php'
    'PHP_SELF' => '/index.php'
    'REQUEST_TIME_FLOAT' => 1767677729.7647
    'REQUEST_TIME' => 1767677729
]
2026-01-06 05:35:33 [127.0.0.1][1][15mg5ej006dvogpav0o1qoc11r][error][yii\web\HttpException:404] yii\base\InvalidRouteException: Unable to resolve the request "img/user-placeholder.png". in /home/pedro/facul/website-VeiGest/veigest/vendor/yiisoft/yii2/base/Module.php:564
Stack trace:
#0 /home/pedro/facul/website-VeiGest/veigest/vendor/yiisoft/yii2/web/Application.php(103): yii\base\Module->runAction()
#1 /home/pedro/facul/website-VeiGest/veigest/vendor/yiisoft/yii2/base/Application.php(387): yii\web\Application->handleRequest()
#2 /home/pedro/facul/website-VeiGest/veigest/backend/web/index.php(18): yii\base\Application->run()
#3 {main}

Next yii\web\NotFoundHttpException: Page not found. in /home/pedro/facul/website-VeiGest/veigest/vendor/yiisoft/yii2/web/Application.php:115
Stack trace:
#0 /home/pedro/facul/website-VeiGest/veigest/vendor/yiisoft/yii2/base/Application.php(387): yii\web\Application->handleRequest()
#1 /home/pedro/facul/website-VeiGest/veigest/backend/web/index.php(18): yii\base\Application->run()
#2 {main}
2026-01-06 05:35:33 [127.0.0.1][1][15mg5ej006dvogpav0o1qoc11r][info][application] $_GET = []

$_POST = []

$_FILES = []

$_COOKIE = [
    '_csrf' => '9c51e7ef584468f9805930ce7ce95b2c2cff3618ef58bfb29296d849a33bb47ea:2:{i:0;s:5:\"_csrf\";i:1;s:32:\"CwqLhIxxDX3ih2sSmJCTeQx1p4Iyw3GI\";}'
    'VeiGestSession' => '15mg5ej006dvogpav0o1qoc11r'
]

$_SESSION = [
    '__flash' => [
        'success' => -1
    ]
    '__id' => 1
    '__authKey' => '7111b40ce0a5e7b6d75484ab7a3f5af1'
    'success' => 'Utilizador criado com sucesso.'
]

$_SERVER = [
    'REDIRECT_STATUS' => '200'
    'HTTP_HOST' => 'veigestback.dryadlang.org'
    'HTTP_USER_AGENT' => 'Mozilla/5.0 (Windows NT 10.0; Win64; x64; rv:146.0) Gecko/20100101 Firefox/146.0'
    'HTTP_ACCEPT' => 'image/avif,image/webp,image/png,image/svg+xml,image/*;q=0.8,*/*;q=0.5'
    'HTTP_ACCEPT_ENCODING' => 'gzip'
    'HTTP_ACCEPT_LANGUAGE' => 'pt-PT,pt;q=0.8,en-US;q=0.5,en;q=0.3'
    'HTTP_CDN_LOOP' => 'cloudflare; loops=1'
    'HTTP_CF_CONNECTING_IP' => '2001:818:e848:8200:24fc:64a9:6d8c:5ccb'
    'HTTP_CF_IPCOUNTRY' => 'PT'
    'HTTP_CF_RAY' => '9b98da499f86f437-LIS'
    'HTTP_CF_VISITOR' => '{\"scheme\":\"http\"}'
    'HTTP_CF_WARP_TAG_ID' => 'f5bcc1c9-1522-405b-9562-82cfc34acae8'
    'HTTP_CONNECTION' => 'keep-alive'
    'HTTP_COOKIE' => '_csrf=9c51e7ef584468f9805930ce7ce95b2c2cff3618ef58bfb29296d849a33bb47ea%3A2%3A%7Bi%3A0%3Bs%3A5%3A%22_csrf%22%3Bi%3A1%3Bs%3A32%3A%22CwqLhIxxDX3ih2sSmJCTeQx1p4Iyw3GI%22%3B%7D; VeiGestSession=15mg5ej006dvogpav0o1qoc11r'
    'HTTP_PRIORITY' => 'u=5, i'
    'HTTP_REFERER' => 'http://veigestback.dryadlang.org/company/index'
    'HTTP_SEC_GPC' => '1'
    'HTTP_X_FORWARDED_FOR' => '2001:818:e848:8200:24fc:64a9:6d8c:5ccb'
    'HTTP_X_FORWARDED_PROTO' => 'http'
    'PATH' => '/usr/local/sbin:/usr/local/bin:/usr/sbin:/usr/bin:/snap/bin'
    'SERVER_SIGNATURE' => '<address>Apache/2.4.58 (Ubuntu) Server at veigestback.dryadlang.org Port 8002</address>
'
    'SERVER_SOFTWARE' => 'Apache/2.4.58 (Ubuntu)'
    'SERVER_NAME' => 'veigestback.dryadlang.org'
    'SERVER_ADDR' => '127.0.0.1'
    'SERVER_PORT' => '8002'
    'REMOTE_ADDR' => '127.0.0.1'
    'DOCUMENT_ROOT' => '/home/pedro/facul/website-VeiGest/veigest/backend/web'
    'REQUEST_SCHEME' => 'http'
    'CONTEXT_PREFIX' => ''
    'CONTEXT_DOCUMENT_ROOT' => '/home/pedro/facul/website-VeiGest/veigest/backend/web'
    'SERVER_ADMIN' => '[no address given]'
    'SCRIPT_FILENAME' => '/home/pedro/facul/website-VeiGest/veigest/backend/web/index.php'
    'REMOTE_PORT' => '59378'
    'REDIRECT_URL' => '/img/user-placeholder.png'
    'GATEWAY_INTERFACE' => 'CGI/1.1'
    'SERVER_PROTOCOL' => 'HTTP/1.1'
    'REQUEST_METHOD' => 'GET'
    'QUERY_STRING' => ''
    'REQUEST_URI' => '/img/user-placeholder.png'
    'SCRIPT_NAME' => '/index.php'
    'PHP_SELF' => '/index.php'
    'REQUEST_TIME_FLOAT' => 1767677733.3837
    'REQUEST_TIME' => 1767677733
]
2026-01-06 05:35:34 [127.0.0.1][1][15mg5ej006dvogpav0o1qoc11r][error][yii\web\HttpException:404] yii\base\InvalidRouteException: Unable to resolve the request "img/user-placeholder.png". in /home/pedro/facul/website-VeiGest/veigest/vendor/yiisoft/yii2/base/Module.php:564
Stack trace:
#0 /home/pedro/facul/website-VeiGest/veigest/vendor/yiisoft/yii2/web/Application.php(103): yii\base\Module->runAction()
#1 /home/pedro/facul/website-VeiGest/veigest/vendor/yiisoft/yii2/base/Application.php(387): yii\web\Application->handleRequest()
#2 /home/pedro/facul/website-VeiGest/veigest/backend/web/index.php(18): yii\base\Application->run()
#3 {main}

Next yii\web\NotFoundHttpException: Page not found. in /home/pedro/facul/website-VeiGest/veigest/vendor/yiisoft/yii2/web/Application.php:115
Stack trace:
#0 /home/pedro/facul/website-VeiGest/veigest/vendor/yiisoft/yii2/base/Application.php(387): yii\web\Application->handleRequest()
#1 /home/pedro/facul/website-VeiGest/veigest/backend/web/index.php(18): yii\base\Application->run()
#2 {main}
2026-01-06 05:35:34 [127.0.0.1][1][15mg5ej006dvogpav0o1qoc11r][info][application] $_GET = []

$_POST = []

$_FILES = []

$_COOKIE = [
    '_csrf' => '9c51e7ef584468f9805930ce7ce95b2c2cff3618ef58bfb29296d849a33bb47ea:2:{i:0;s:5:\"_csrf\";i:1;s:32:\"CwqLhIxxDX3ih2sSmJCTeQx1p4Iyw3GI\";}'
    'VeiGestSession' => '15mg5ej006dvogpav0o1qoc11r'
]

$_SESSION = [
    '__flash' => [
        'success' => -1
    ]
    '__id' => 1
    '__authKey' => '7111b40ce0a5e7b6d75484ab7a3f5af1'
    'success' => 'Utilizador criado com sucesso.'
]

$_SERVER = [
    'REDIRECT_STATUS' => '200'
    'HTTP_HOST' => 'veigestback.dryadlang.org'
    'HTTP_USER_AGENT' => 'Mozilla/5.0 (Windows NT 10.0; Win64; x64; rv:146.0) Gecko/20100101 Firefox/146.0'
    'HTTP_ACCEPT' => 'image/avif,image/webp,image/png,image/svg+xml,image/*;q=0.8,*/*;q=0.5'
    'HTTP_ACCEPT_ENCODING' => 'gzip'
    'HTTP_ACCEPT_LANGUAGE' => 'pt-PT,pt;q=0.8,en-US;q=0.5,en;q=0.3'
    'HTTP_CDN_LOOP' => 'cloudflare; loops=1'
    'HTTP_CF_CONNECTING_IP' => '2001:818:e848:8200:24fc:64a9:6d8c:5ccb'
    'HTTP_CF_IPCOUNTRY' => 'PT'
    'HTTP_CF_RAY' => '9b98da4ed9c7f437-LIS'
    'HTTP_CF_VISITOR' => '{\"scheme\":\"http\"}'
    'HTTP_CF_WARP_TAG_ID' => 'f5bcc1c9-1522-405b-9562-82cfc34acae8'
    'HTTP_CONNECTION' => 'keep-alive'
    'HTTP_COOKIE' => '_csrf=9c51e7ef584468f9805930ce7ce95b2c2cff3618ef58bfb29296d849a33bb47ea%3A2%3A%7Bi%3A0%3Bs%3A5%3A%22_csrf%22%3Bi%3A1%3Bs%3A32%3A%22CwqLhIxxDX3ih2sSmJCTeQx1p4Iyw3GI%22%3B%7D; VeiGestSession=15mg5ej006dvogpav0o1qoc11r'
    'HTTP_PRIORITY' => 'u=5, i'
    'HTTP_REFERER' => 'http://veigestback.dryadlang.org/user/index'
    'HTTP_SEC_GPC' => '1'
    'HTTP_X_FORWARDED_FOR' => '2001:818:e848:8200:24fc:64a9:6d8c:5ccb'
    'HTTP_X_FORWARDED_PROTO' => 'http'
    'PATH' => '/usr/local/sbin:/usr/local/bin:/usr/sbin:/usr/bin:/snap/bin'
    'SERVER_SIGNATURE' => '<address>Apache/2.4.58 (Ubuntu) Server at veigestback.dryadlang.org Port 8002</address>
'
    'SERVER_SOFTWARE' => 'Apache/2.4.58 (Ubuntu)'
    'SERVER_NAME' => 'veigestback.dryadlang.org'
    'SERVER_ADDR' => '127.0.0.1'
    'SERVER_PORT' => '8002'
    'REMOTE_ADDR' => '127.0.0.1'
    'DOCUMENT_ROOT' => '/home/pedro/facul/website-VeiGest/veigest/backend/web'
    'REQUEST_SCHEME' => 'http'
    'CONTEXT_PREFIX' => ''
    'CONTEXT_DOCUMENT_ROOT' => '/home/pedro/facul/website-VeiGest/veigest/backend/web'
    'SERVER_ADMIN' => '[no address given]'
    'SCRIPT_FILENAME' => '/home/pedro/facul/website-VeiGest/veigest/backend/web/index.php'
    'REMOTE_PORT' => '59378'
    'REDIRECT_URL' => '/img/user-placeholder.png'
    'GATEWAY_INTERFACE' => 'CGI/1.1'
    'SERVER_PROTOCOL' => 'HTTP/1.1'
    'REQUEST_METHOD' => 'GET'
    'QUERY_STRING' => ''
    'REQUEST_URI' => '/img/user-placeholder.png'
    'SCRIPT_NAME' => '/index.php'
    'PHP_SELF' => '/index.php'
    'REQUEST_TIME_FLOAT' => 1767677734.2219
    'REQUEST_TIME' => 1767677734
]
2026-01-06 05:43:31 [127.0.0.1][1][15mg5ej006dvogpav0o1qoc11r][error][yii\web\HttpException:404] yii\base\InvalidRouteException: Unable to resolve the request "img/user-placeholder.png". in /home/pedro/facul/website-VeiGest/veigest/vendor/yiisoft/yii2/base/Module.php:564
Stack trace:
#0 /home/pedro/facul/website-VeiGest/veigest/vendor/yiisoft/yii2/web/Application.php(103): yii\base\Module->runAction()
#1 /home/pedro/facul/website-VeiGest/veigest/vendor/yiisoft/yii2/base/Application.php(387): yii\web\Application->handleRequest()
#2 /home/pedro/facul/website-VeiGest/veigest/backend/web/index.php(18): yii\base\Application->run()
#3 {main}

Next yii\web\NotFoundHttpException: Page not found. in /home/pedro/facul/website-VeiGest/veigest/vendor/yiisoft/yii2/web/Application.php:115
Stack trace:
#0 /home/pedro/facul/website-VeiGest/veigest/vendor/yiisoft/yii2/base/Application.php(387): yii\web\Application->handleRequest()
#1 /home/pedro/facul/website-VeiGest/veigest/backend/web/index.php(18): yii\base\Application->run()
#2 {main}
2026-01-06 05:43:31 [127.0.0.1][1][15mg5ej006dvogpav0o1qoc11r][info][application] $_GET = []

$_POST = []

$_FILES = []

$_COOKIE = [
    '_csrf' => '9c51e7ef584468f9805930ce7ce95b2c2cff3618ef58bfb29296d849a33bb47ea:2:{i:0;s:5:\"_csrf\";i:1;s:32:\"CwqLhIxxDX3ih2sSmJCTeQx1p4Iyw3GI\";}'
    'VeiGestSession' => '15mg5ej006dvogpav0o1qoc11r'
]

$_SESSION = [
    '__flash' => [
        'success' => -1
    ]
    '__id' => 1
    '__authKey' => '7111b40ce0a5e7b6d75484ab7a3f5af1'
    'success' => 'Utilizador criado com sucesso.'
]

$_SERVER = [
    'REDIRECT_STATUS' => '200'
    'HTTP_HOST' => 'veigestback.dryadlang.org'
    'HTTP_USER_AGENT' => 'Mozilla/5.0 (Windows NT 10.0; Win64; x64; rv:146.0) Gecko/20100101 Firefox/146.0'
    'HTTP_ACCEPT' => 'image/avif,image/webp,image/png,image/svg+xml,image/*;q=0.8,*/*;q=0.5'
    'HTTP_ACCEPT_ENCODING' => 'gzip'
    'HTTP_ACCEPT_LANGUAGE' => 'pt-PT,pt;q=0.8,en-US;q=0.5,en;q=0.3'
    'HTTP_CDN_LOOP' => 'cloudflare; loops=1'
    'HTTP_CF_CONNECTING_IP' => '2001:818:e848:8200:24fc:64a9:6d8c:5ccb'
    'HTTP_CF_IPCOUNTRY' => 'PT'
    'HTTP_CF_RAY' => '9b98e5f39a0f8e38-LIS'
    'HTTP_CF_VISITOR' => '{\"scheme\":\"http\"}'
    'HTTP_CF_WARP_TAG_ID' => 'f5bcc1c9-1522-405b-9562-82cfc34acae8'
    'HTTP_CONNECTION' => 'keep-alive'
    'HTTP_COOKIE' => '_csrf=9c51e7ef584468f9805930ce7ce95b2c2cff3618ef58bfb29296d849a33bb47ea%3A2%3A%7Bi%3A0%3Bs%3A5%3A%22_csrf%22%3Bi%3A1%3Bs%3A32%3A%22CwqLhIxxDX3ih2sSmJCTeQx1p4Iyw3GI%22%3B%7D; VeiGestSession=15mg5ej006dvogpav0o1qoc11r'
    'HTTP_PRIORITY' => 'u=5, i'
    'HTTP_REFERER' => 'http://veigestback.dryadlang.org/user/index'
    'HTTP_SEC_GPC' => '1'
    'HTTP_X_FORWARDED_FOR' => '2001:818:e848:8200:24fc:64a9:6d8c:5ccb'
    'HTTP_X_FORWARDED_PROTO' => 'http'
    'PATH' => '/usr/local/sbin:/usr/local/bin:/usr/sbin:/usr/bin:/snap/bin'
    'SERVER_SIGNATURE' => '<address>Apache/2.4.58 (Ubuntu) Server at veigestback.dryadlang.org Port 8002</address>
'
    'SERVER_SOFTWARE' => 'Apache/2.4.58 (Ubuntu)'
    'SERVER_NAME' => 'veigestback.dryadlang.org'
    'SERVER_ADDR' => '127.0.0.1'
    'SERVER_PORT' => '8002'
    'REMOTE_ADDR' => '127.0.0.1'
    'DOCUMENT_ROOT' => '/home/pedro/facul/website-VeiGest/veigest/backend/web'
    'REQUEST_SCHEME' => 'http'
    'CONTEXT_PREFIX' => ''
    'CONTEXT_DOCUMENT_ROOT' => '/home/pedro/facul/website-VeiGest/veigest/backend/web'
    'SERVER_ADMIN' => '[no address given]'
    'SCRIPT_FILENAME' => '/home/pedro/facul/website-VeiGest/veigest/backend/web/index.php'
    'REMOTE_PORT' => '46840'
    'REDIRECT_URL' => '/img/user-placeholder.png'
    'GATEWAY_INTERFACE' => 'CGI/1.1'
    'SERVER_PROTOCOL' => 'HTTP/1.1'
    'REQUEST_METHOD' => 'GET'
    'QUERY_STRING' => ''
    'REQUEST_URI' => '/img/user-placeholder.png'
    'SCRIPT_NAME' => '/index.php'
    'PHP_SELF' => '/index.php'
    'REQUEST_TIME_FLOAT' => 1767678211.1506
    'REQUEST_TIME' => 1767678211
]
2026-01-06 05:43:32 [127.0.0.1][1][15mg5ej006dvogpav0o1qoc11r][error][yii\web\HttpException:404] yii\base\InvalidRouteException: Unable to resolve the request "img/user-placeholder.png". in /home/pedro/facul/website-VeiGest/veigest/vendor/yiisoft/yii2/base/Module.php:564
Stack trace:
#0 /home/pedro/facul/website-VeiGest/veigest/vendor/yiisoft/yii2/web/Application.php(103): yii\base\Module->runAction()
#1 /home/pedro/facul/website-VeiGest/veigest/vendor/yiisoft/yii2/base/Application.php(387): yii\web\Application->handleRequest()
#2 /home/pedro/facul/website-VeiGest/veigest/backend/web/index.php(18): yii\base\Application->run()
#3 {main}

Next yii\web\NotFoundHttpException: Page not found. in /home/pedro/facul/website-VeiGest/veigest/vendor/yiisoft/yii2/web/Application.php:115
Stack trace:
#0 /home/pedro/facul/website-VeiGest/veigest/vendor/yiisoft/yii2/base/Application.php(387): yii\web\Application->handleRequest()
#1 /home/pedro/facul/website-VeiGest/veigest/backend/web/index.php(18): yii\base\Application->run()
#2 {main}
2026-01-06 05:43:32 [127.0.0.1][1][15mg5ej006dvogpav0o1qoc11r][info][application] $_GET = []

$_POST = []

$_FILES = []

$_COOKIE = [
    '_csrf' => '9c51e7ef584468f9805930ce7ce95b2c2cff3618ef58bfb29296d849a33bb47ea:2:{i:0;s:5:\"_csrf\";i:1;s:32:\"CwqLhIxxDX3ih2sSmJCTeQx1p4Iyw3GI\";}'
    'VeiGestSession' => '15mg5ej006dvogpav0o1qoc11r'
]

$_SESSION = [
    '__flash' => [
        'success' => -1
    ]
    '__id' => 1
    '__authKey' => '7111b40ce0a5e7b6d75484ab7a3f5af1'
    'success' => 'Utilizador criado com sucesso.'
]

$_SERVER = [
    'REDIRECT_STATUS' => '200'
    'HTTP_HOST' => 'veigestback.dryadlang.org'
    'HTTP_USER_AGENT' => 'Mozilla/5.0 (Windows NT 10.0; Win64; x64; rv:146.0) Gecko/20100101 Firefox/146.0'
    'HTTP_ACCEPT' => 'image/avif,image/webp,image/png,image/svg+xml,image/*;q=0.8,*/*;q=0.5'
    'HTTP_ACCEPT_ENCODING' => 'gzip'
    'HTTP_ACCEPT_LANGUAGE' => 'pt-PT,pt;q=0.8,en-US;q=0.5,en;q=0.3'
    'HTTP_CDN_LOOP' => 'cloudflare; loops=1'
    'HTTP_CF_CONNECTING_IP' => '2001:818:e848:8200:24fc:64a9:6d8c:5ccb'
    'HTTP_CF_IPCOUNTRY' => 'PT'
    'HTTP_CF_RAY' => '9b98e5fd2afb8e38-LIS'
    'HTTP_CF_VISITOR' => '{\"scheme\":\"http\"}'
    'HTTP_CF_WARP_TAG_ID' => 'f5bcc1c9-1522-405b-9562-82cfc34acae8'
    'HTTP_CONNECTION' => 'keep-alive'
    'HTTP_COOKIE' => '_csrf=9c51e7ef584468f9805930ce7ce95b2c2cff3618ef58bfb29296d849a33bb47ea%3A2%3A%7Bi%3A0%3Bs%3A5%3A%22_csrf%22%3Bi%3A1%3Bs%3A32%3A%22CwqLhIxxDX3ih2sSmJCTeQx1p4Iyw3GI%22%3B%7D; VeiGestSession=15mg5ej006dvogpav0o1qoc11r'
    'HTTP_PRIORITY' => 'u=5, i'
    'HTTP_REFERER' => 'http://veigestback.dryadlang.org/company/index'
    'HTTP_SEC_GPC' => '1'
    'HTTP_X_FORWARDED_FOR' => '2001:818:e848:8200:24fc:64a9:6d8c:5ccb'
    'HTTP_X_FORWARDED_PROTO' => 'http'
    'PATH' => '/usr/local/sbin:/usr/local/bin:/usr/sbin:/usr/bin:/snap/bin'
    'SERVER_SIGNATURE' => '<address>Apache/2.4.58 (Ubuntu) Server at veigestback.dryadlang.org Port 8002</address>
'
    'SERVER_SOFTWARE' => 'Apache/2.4.58 (Ubuntu)'
    'SERVER_NAME' => 'veigestback.dryadlang.org'
    'SERVER_ADDR' => '127.0.0.1'
    'SERVER_PORT' => '8002'
    'REMOTE_ADDR' => '127.0.0.1'
    'DOCUMENT_ROOT' => '/home/pedro/facul/website-VeiGest/veigest/backend/web'
    'REQUEST_SCHEME' => 'http'
    'CONTEXT_PREFIX' => ''
    'CONTEXT_DOCUMENT_ROOT' => '/home/pedro/facul/website-VeiGest/veigest/backend/web'
    'SERVER_ADMIN' => '[no address given]'
    'SCRIPT_FILENAME' => '/home/pedro/facul/website-VeiGest/veigest/backend/web/index.php'
    'REMOTE_PORT' => '46840'
    'REDIRECT_URL' => '/img/user-placeholder.png'
    'GATEWAY_INTERFACE' => 'CGI/1.1'
    'SERVER_PROTOCOL' => 'HTTP/1.1'
    'REQUEST_METHOD' => 'GET'
    'QUERY_STRING' => ''
    'REQUEST_URI' => '/img/user-placeholder.png'
    'SCRIPT_NAME' => '/index.php'
    'PHP_SELF' => '/index.php'
    'REQUEST_TIME_FLOAT' => 1767678212.6715
    'REQUEST_TIME' => 1767678212
]
2026-01-06 05:43:36 [127.0.0.1][1][15mg5ej006dvogpav0o1qoc11r][error][yii\web\HttpException:404] yii\base\InvalidRouteException: Unable to resolve the request "img/user-placeholder.png". in /home/pedro/facul/website-VeiGest/veigest/vendor/yiisoft/yii2/base/Module.php:564
Stack trace:
#0 /home/pedro/facul/website-VeiGest/veigest/vendor/yiisoft/yii2/web/Application.php(103): yii\base\Module->runAction()
#1 /home/pedro/facul/website-VeiGest/veigest/vendor/yiisoft/yii2/base/Application.php(387): yii\web\Application->handleRequest()
#2 /home/pedro/facul/website-VeiGest/veigest/backend/web/index.php(18): yii\base\Application->run()
#3 {main}

Next yii\web\NotFoundHttpException: Page not found. in /home/pedro/facul/website-VeiGest/veigest/vendor/yiisoft/yii2/web/Application.php:115
Stack trace:
#0 /home/pedro/facul/website-VeiGest/veigest/vendor/yiisoft/yii2/base/Application.php(387): yii\web\Application->handleRequest()
#1 /home/pedro/facul/website-VeiGest/veigest/backend/web/index.php(18): yii\base\Application->run()
#2 {main}
2026-01-06 05:43:36 [127.0.0.1][1][15mg5ej006dvogpav0o1qoc11r][info][application] $_GET = []

$_POST = []

$_FILES = []

$_COOKIE = [
    '_csrf' => '9c51e7ef584468f9805930ce7ce95b2c2cff3618ef58bfb29296d849a33bb47ea:2:{i:0;s:5:\"_csrf\";i:1;s:32:\"CwqLhIxxDX3ih2sSmJCTeQx1p4Iyw3GI\";}'
    'VeiGestSession' => '15mg5ej006dvogpav0o1qoc11r'
]

$_SESSION = [
    '__flash' => [
        'success' => -1
    ]
    '__id' => 1
    '__authKey' => '7111b40ce0a5e7b6d75484ab7a3f5af1'
    'success' => 'Utilizador criado com sucesso.'
]

$_SERVER = [
    'REDIRECT_STATUS' => '200'
    'HTTP_HOST' => 'veigestback.dryadlang.org'
    'HTTP_USER_AGENT' => 'Mozilla/5.0 (Windows NT 10.0; Win64; x64; rv:146.0) Gecko/20100101 Firefox/146.0'
    'HTTP_ACCEPT' => 'image/avif,image/webp,image/png,image/svg+xml,image/*;q=0.8,*/*;q=0.5'
    'HTTP_ACCEPT_ENCODING' => 'gzip'
    'HTTP_ACCEPT_LANGUAGE' => 'pt-PT,pt;q=0.8,en-US;q=0.5,en;q=0.3'
    'HTTP_CDN_LOOP' => 'cloudflare; loops=1'
    'HTTP_CF_CONNECTING_IP' => '2001:818:e848:8200:24fc:64a9:6d8c:5ccb'
    'HTTP_CF_IPCOUNTRY' => 'PT'
    'HTTP_CF_RAY' => '9b98e616fa7d8e38-LIS'
    'HTTP_CF_VISITOR' => '{\"scheme\":\"http\"}'
    'HTTP_CF_WARP_TAG_ID' => 'f5bcc1c9-1522-405b-9562-82cfc34acae8'
    'HTTP_CONNECTION' => 'keep-alive'
    'HTTP_COOKIE' => '_csrf=9c51e7ef584468f9805930ce7ce95b2c2cff3618ef58bfb29296d849a33bb47ea%3A2%3A%7Bi%3A0%3Bs%3A5%3A%22_csrf%22%3Bi%3A1%3Bs%3A32%3A%22CwqLhIxxDX3ih2sSmJCTeQx1p4Iyw3GI%22%3B%7D; VeiGestSession=15mg5ej006dvogpav0o1qoc11r'
    'HTTP_PRIORITY' => 'u=5, i'
    'HTTP_REFERER' => 'http://veigestback.dryadlang.org/company/index'
    'HTTP_SEC_GPC' => '1'
    'HTTP_X_FORWARDED_FOR' => '2001:818:e848:8200:24fc:64a9:6d8c:5ccb'
    'HTTP_X_FORWARDED_PROTO' => 'http'
    'PATH' => '/usr/local/sbin:/usr/local/bin:/usr/sbin:/usr/bin:/snap/bin'
    'SERVER_SIGNATURE' => '<address>Apache/2.4.58 (Ubuntu) Server at veigestback.dryadlang.org Port 8002</address>
'
    'SERVER_SOFTWARE' => 'Apache/2.4.58 (Ubuntu)'
    'SERVER_NAME' => 'veigestback.dryadlang.org'
    'SERVER_ADDR' => '127.0.0.1'
    'SERVER_PORT' => '8002'
    'REMOTE_ADDR' => '127.0.0.1'
    'DOCUMENT_ROOT' => '/home/pedro/facul/website-VeiGest/veigest/backend/web'
    'REQUEST_SCHEME' => 'http'
    'CONTEXT_PREFIX' => ''
    'CONTEXT_DOCUMENT_ROOT' => '/home/pedro/facul/website-VeiGest/veigest/backend/web'
    'SERVER_ADMIN' => '[no address given]'
    'SCRIPT_FILENAME' => '/home/pedro/facul/website-VeiGest/veigest/backend/web/index.php'
    'REMOTE_PORT' => '46840'
    'REDIRECT_URL' => '/img/user-placeholder.png'
    'GATEWAY_INTERFACE' => 'CGI/1.1'
    'SERVER_PROTOCOL' => 'HTTP/1.1'
    'REQUEST_METHOD' => 'GET'
    'QUERY_STRING' => ''
    'REQUEST_URI' => '/img/user-placeholder.png'
    'SCRIPT_NAME' => '/index.php'
    'PHP_SELF' => '/index.php'
    'REQUEST_TIME_FLOAT' => 1767678216.8054
    'REQUEST_TIME' => 1767678216
]
2026-01-06 05:43:54 [127.0.0.1][1][15mg5ej006dvogpav0o1qoc11r][error][yii\web\HttpException:404] yii\base\InvalidRouteException: Unable to resolve the request "img/user-placeholder.png". in /home/pedro/facul/website-VeiGest/veigest/vendor/yiisoft/yii2/base/Module.php:564
Stack trace:
#0 /home/pedro/facul/website-VeiGest/veigest/vendor/yiisoft/yii2/web/Application.php(103): yii\base\Module->runAction()
#1 /home/pedro/facul/website-VeiGest/veigest/vendor/yiisoft/yii2/base/Application.php(387): yii\web\Application->handleRequest()
#2 /home/pedro/facul/website-VeiGest/veigest/backend/web/index.php(18): yii\base\Application->run()
#3 {main}

Next yii\web\NotFoundHttpException: Page not found. in /home/pedro/facul/website-VeiGest/veigest/vendor/yiisoft/yii2/web/Application.php:115
Stack trace:
#0 /home/pedro/facul/website-VeiGest/veigest/vendor/yiisoft/yii2/base/Application.php(387): yii\web\Application->handleRequest()
#1 /home/pedro/facul/website-VeiGest/veigest/backend/web/index.php(18): yii\base\Application->run()
#2 {main}
2026-01-06 05:43:54 [127.0.0.1][1][15mg5ej006dvogpav0o1qoc11r][info][application] $_GET = []

$_POST = []

$_FILES = []

$_COOKIE = [
    '_csrf' => '9c51e7ef584468f9805930ce7ce95b2c2cff3618ef58bfb29296d849a33bb47ea:2:{i:0;s:5:\"_csrf\";i:1;s:32:\"CwqLhIxxDX3ih2sSmJCTeQx1p4Iyw3GI\";}'
    'VeiGestSession' => '15mg5ej006dvogpav0o1qoc11r'
]

$_SESSION = [
    '__flash' => [
        'success' => -1
    ]
    '__id' => 1
    '__authKey' => '7111b40ce0a5e7b6d75484ab7a3f5af1'
    'success' => 'Utilizador criado com sucesso.'
]

$_SERVER = [
    'REDIRECT_STATUS' => '200'
    'HTTP_HOST' => 'veigestback.dryadlang.org'
    'HTTP_USER_AGENT' => 'Mozilla/5.0 (Windows NT 10.0; Win64; x64; rv:146.0) Gecko/20100101 Firefox/146.0'
    'HTTP_ACCEPT' => 'image/avif,image/webp,image/png,image/svg+xml,image/*;q=0.8,*/*;q=0.5'
    'HTTP_ACCEPT_ENCODING' => 'gzip'
    'HTTP_ACCEPT_LANGUAGE' => 'pt-PT,pt;q=0.8,en-US;q=0.5,en;q=0.3'
    'HTTP_CDN_LOOP' => 'cloudflare; loops=1'
    'HTTP_CF_CONNECTING_IP' => '2001:818:e848:8200:24fc:64a9:6d8c:5ccb'
    'HTTP_CF_IPCOUNTRY' => 'PT'
    'HTTP_CF_RAY' => '9b98e6842ddd8e38-LIS'
    'HTTP_CF_VISITOR' => '{\"scheme\":\"http\"}'
    'HTTP_CF_WARP_TAG_ID' => 'f5bcc1c9-1522-405b-9562-82cfc34acae8'
    'HTTP_CONNECTION' => 'keep-alive'
    'HTTP_COOKIE' => '_csrf=9c51e7ef584468f9805930ce7ce95b2c2cff3618ef58bfb29296d849a33bb47ea%3A2%3A%7Bi%3A0%3Bs%3A5%3A%22_csrf%22%3Bi%3A1%3Bs%3A32%3A%22CwqLhIxxDX3ih2sSmJCTeQx1p4Iyw3GI%22%3B%7D; VeiGestSession=15mg5ej006dvogpav0o1qoc11r'
    'HTTP_PRIORITY' => 'u=5, i'
    'HTTP_REFERER' => 'http://veigestback.dryadlang.org/company/index'
    'HTTP_SEC_GPC' => '1'
    'HTTP_X_FORWARDED_FOR' => '2001:818:e848:8200:24fc:64a9:6d8c:5ccb'
    'HTTP_X_FORWARDED_PROTO' => 'http'
    'PATH' => '/usr/local/sbin:/usr/local/bin:/usr/sbin:/usr/bin:/snap/bin'
    'SERVER_SIGNATURE' => '<address>Apache/2.4.58 (Ubuntu) Server at veigestback.dryadlang.org Port 8002</address>
'
    'SERVER_SOFTWARE' => 'Apache/2.4.58 (Ubuntu)'
    'SERVER_NAME' => 'veigestback.dryadlang.org'
    'SERVER_ADDR' => '127.0.0.1'
    'SERVER_PORT' => '8002'
    'REMOTE_ADDR' => '127.0.0.1'
    'DOCUMENT_ROOT' => '/home/pedro/facul/website-VeiGest/veigest/backend/web'
    'REQUEST_SCHEME' => 'http'
    'CONTEXT_PREFIX' => ''
    'CONTEXT_DOCUMENT_ROOT' => '/home/pedro/facul/website-VeiGest/veigest/backend/web'
    'SERVER_ADMIN' => '[no address given]'
    'SCRIPT_FILENAME' => '/home/pedro/facul/website-VeiGest/veigest/backend/web/index.php'
    'REMOTE_PORT' => '53416'
    'REDIRECT_URL' => '/img/user-placeholder.png'
    'GATEWAY_INTERFACE' => 'CGI/1.1'
    'SERVER_PROTOCOL' => 'HTTP/1.1'
    'REQUEST_METHOD' => 'GET'
    'QUERY_STRING' => ''
    'REQUEST_URI' => '/img/user-placeholder.png'
    'SCRIPT_NAME' => '/index.php'
    'PHP_SELF' => '/index.php'
    'REQUEST_TIME_FLOAT' => 1767678234.2753
    'REQUEST_TIME' => 1767678234
]
2026-01-06 05:43:57 [127.0.0.1][1][15mg5ej006dvogpav0o1qoc11r][error][yii\web\HttpException:404] yii\base\InvalidRouteException: Unable to resolve the request "img/user-placeholder.png". in /home/pedro/facul/website-VeiGest/veigest/vendor/yiisoft/yii2/base/Module.php:564
Stack trace:
#0 /home/pedro/facul/website-VeiGest/veigest/vendor/yiisoft/yii2/web/Application.php(103): yii\base\Module->runAction()
#1 /home/pedro/facul/website-VeiGest/veigest/vendor/yiisoft/yii2/base/Application.php(387): yii\web\Application->handleRequest()
#2 /home/pedro/facul/website-VeiGest/veigest/backend/web/index.php(18): yii\base\Application->run()
#3 {main}

Next yii\web\NotFoundHttpException: Page not found. in /home/pedro/facul/website-VeiGest/veigest/vendor/yiisoft/yii2/web/Application.php:115
Stack trace:
#0 /home/pedro/facul/website-VeiGest/veigest/vendor/yiisoft/yii2/base/Application.php(387): yii\web\Application->handleRequest()
#1 /home/pedro/facul/website-VeiGest/veigest/backend/web/index.php(18): yii\base\Application->run()
#2 {main}
2026-01-06 05:43:57 [127.0.0.1][1][15mg5ej006dvogpav0o1qoc11r][info][application] $_GET = []

$_POST = []

$_FILES = []

$_COOKIE = [
    '_csrf' => '9c51e7ef584468f9805930ce7ce95b2c2cff3618ef58bfb29296d849a33bb47ea:2:{i:0;s:5:\"_csrf\";i:1;s:32:\"CwqLhIxxDX3ih2sSmJCTeQx1p4Iyw3GI\";}'
    'VeiGestSession' => '15mg5ej006dvogpav0o1qoc11r'
]

$_SESSION = [
    '__flash' => [
        'success' => -1
    ]
    '__id' => 1
    '__authKey' => '7111b40ce0a5e7b6d75484ab7a3f5af1'
    'success' => 'Utilizador criado com sucesso.'
]

$_SERVER = [
    'REDIRECT_STATUS' => '200'
    'HTTP_HOST' => 'veigestback.dryadlang.org'
    'HTTP_USER_AGENT' => 'Mozilla/5.0 (Windows NT 10.0; Win64; x64; rv:146.0) Gecko/20100101 Firefox/146.0'
    'HTTP_ACCEPT' => 'image/avif,image/webp,image/png,image/svg+xml,image/*;q=0.8,*/*;q=0.5'
    'HTTP_ACCEPT_ENCODING' => 'gzip'
    'HTTP_ACCEPT_LANGUAGE' => 'pt-PT,pt;q=0.8,en-US;q=0.5,en;q=0.3'
    'HTTP_CDN_LOOP' => 'cloudflare; loops=1'
    'HTTP_CF_CONNECTING_IP' => '2001:818:e848:8200:24fc:64a9:6d8c:5ccb'
    'HTTP_CF_IPCOUNTRY' => 'PT'
    'HTTP_CF_RAY' => '9b98e6956b8d8e38-LIS'
    'HTTP_CF_VISITOR' => '{\"scheme\":\"http\"}'
    'HTTP_CF_WARP_TAG_ID' => 'f5bcc1c9-1522-405b-9562-82cfc34acae8'
    'HTTP_CONNECTION' => 'keep-alive'
    'HTTP_COOKIE' => '_csrf=9c51e7ef584468f9805930ce7ce95b2c2cff3618ef58bfb29296d849a33bb47ea%3A2%3A%7Bi%3A0%3Bs%3A5%3A%22_csrf%22%3Bi%3A1%3Bs%3A32%3A%22CwqLhIxxDX3ih2sSmJCTeQx1p4Iyw3GI%22%3B%7D; VeiGestSession=15mg5ej006dvogpav0o1qoc11r'
    'HTTP_PRIORITY' => 'u=5, i'
    'HTTP_REFERER' => 'http://veigestback.dryadlang.org/company/index'
    'HTTP_SEC_GPC' => '1'
    'HTTP_X_FORWARDED_FOR' => '2001:818:e848:8200:24fc:64a9:6d8c:5ccb'
    'HTTP_X_FORWARDED_PROTO' => 'http'
    'PATH' => '/usr/local/sbin:/usr/local/bin:/usr/sbin:/usr/bin:/snap/bin'
    'SERVER_SIGNATURE' => '<address>Apache/2.4.58 (Ubuntu) Server at veigestback.dryadlang.org Port 8002</address>
'
    'SERVER_SOFTWARE' => 'Apache/2.4.58 (Ubuntu)'
    'SERVER_NAME' => 'veigestback.dryadlang.org'
    'SERVER_ADDR' => '127.0.0.1'
    'SERVER_PORT' => '8002'
    'REMOTE_ADDR' => '127.0.0.1'
    'DOCUMENT_ROOT' => '/home/pedro/facul/website-VeiGest/veigest/backend/web'
    'REQUEST_SCHEME' => 'http'
    'CONTEXT_PREFIX' => ''
    'CONTEXT_DOCUMENT_ROOT' => '/home/pedro/facul/website-VeiGest/veigest/backend/web'
    'SERVER_ADMIN' => '[no address given]'
    'SCRIPT_FILENAME' => '/home/pedro/facul/website-VeiGest/veigest/backend/web/index.php'
    'REMOTE_PORT' => '53416'
    'REDIRECT_URL' => '/img/user-placeholder.png'
    'GATEWAY_INTERFACE' => 'CGI/1.1'
    'SERVER_PROTOCOL' => 'HTTP/1.1'
    'REQUEST_METHOD' => 'GET'
    'QUERY_STRING' => ''
    'REQUEST_URI' => '/img/user-placeholder.png'
    'SCRIPT_NAME' => '/index.php'
    'PHP_SELF' => '/index.php'
    'REQUEST_TIME_FLOAT' => 1767678237.0317
    'REQUEST_TIME' => 1767678237
]
2026-01-06 05:43:57 [127.0.0.1][1][15mg5ej006dvogpav0o1qoc11r][error][yii\web\HttpException:404] yii\base\InvalidRouteException: Unable to resolve the request "img/user-placeholder.png". in /home/pedro/facul/website-VeiGest/veigest/vendor/yiisoft/yii2/base/Module.php:564
Stack trace:
#0 /home/pedro/facul/website-VeiGest/veigest/vendor/yiisoft/yii2/web/Application.php(103): yii\base\Module->runAction()
#1 /home/pedro/facul/website-VeiGest/veigest/vendor/yiisoft/yii2/base/Application.php(387): yii\web\Application->handleRequest()
#2 /home/pedro/facul/website-VeiGest/veigest/backend/web/index.php(18): yii\base\Application->run()
#3 {main}

Next yii\web\NotFoundHttpException: Page not found. in /home/pedro/facul/website-VeiGest/veigest/vendor/yiisoft/yii2/web/Application.php:115
Stack trace:
#0 /home/pedro/facul/website-VeiGest/veigest/vendor/yiisoft/yii2/base/Application.php(387): yii\web\Application->handleRequest()
#1 /home/pedro/facul/website-VeiGest/veigest/backend/web/index.php(18): yii\base\Application->run()
#2 {main}
2026-01-06 05:43:57 [127.0.0.1][1][15mg5ej006dvogpav0o1qoc11r][info][application] $_GET = []

$_POST = []

$_FILES = []

$_COOKIE = [
    '_csrf' => '9c51e7ef584468f9805930ce7ce95b2c2cff3618ef58bfb29296d849a33bb47ea:2:{i:0;s:5:\"_csrf\";i:1;s:32:\"CwqLhIxxDX3ih2sSmJCTeQx1p4Iyw3GI\";}'
    'VeiGestSession' => '15mg5ej006dvogpav0o1qoc11r'
]

$_SESSION = [
    '__flash' => [
        'success' => -1
    ]
    '__id' => 1
    '__authKey' => '7111b40ce0a5e7b6d75484ab7a3f5af1'
    'success' => 'Utilizador criado com sucesso.'
]

$_SERVER = [
    'REDIRECT_STATUS' => '200'
    'HTTP_HOST' => 'veigestback.dryadlang.org'
    'HTTP_USER_AGENT' => 'Mozilla/5.0 (Windows NT 10.0; Win64; x64; rv:146.0) Gecko/20100101 Firefox/146.0'
    'HTTP_ACCEPT' => 'image/avif,image/webp,image/png,image/svg+xml,image/*;q=0.8,*/*;q=0.5'
    'HTTP_ACCEPT_ENCODING' => 'gzip'
    'HTTP_ACCEPT_LANGUAGE' => 'pt-PT,pt;q=0.8,en-US;q=0.5,en;q=0.3'
    'HTTP_CDN_LOOP' => 'cloudflare; loops=1'
    'HTTP_CF_CONNECTING_IP' => '2001:818:e848:8200:24fc:64a9:6d8c:5ccb'
    'HTTP_CF_IPCOUNTRY' => 'PT'
    'HTTP_CF_RAY' => '9b98e69a6f9b8e38-LIS'
    'HTTP_CF_VISITOR' => '{\"scheme\":\"http\"}'
    'HTTP_CF_WARP_TAG_ID' => 'f5bcc1c9-1522-405b-9562-82cfc34acae8'
    'HTTP_CONNECTION' => 'keep-alive'
    'HTTP_COOKIE' => '_csrf=9c51e7ef584468f9805930ce7ce95b2c2cff3618ef58bfb29296d849a33bb47ea%3A2%3A%7Bi%3A0%3Bs%3A5%3A%22_csrf%22%3Bi%3A1%3Bs%3A32%3A%22CwqLhIxxDX3ih2sSmJCTeQx1p4Iyw3GI%22%3B%7D; VeiGestSession=15mg5ej006dvogpav0o1qoc11r'
    'HTTP_PRIORITY' => 'u=5, i'
    'HTTP_REFERER' => 'http://veigestback.dryadlang.org/user/index'
    'HTTP_SEC_GPC' => '1'
    'HTTP_X_FORWARDED_FOR' => '2001:818:e848:8200:24fc:64a9:6d8c:5ccb'
    'HTTP_X_FORWARDED_PROTO' => 'http'
    'PATH' => '/usr/local/sbin:/usr/local/bin:/usr/sbin:/usr/bin:/snap/bin'
    'SERVER_SIGNATURE' => '<address>Apache/2.4.58 (Ubuntu) Server at veigestback.dryadlang.org Port 8002</address>
'
    'SERVER_SOFTWARE' => 'Apache/2.4.58 (Ubuntu)'
    'SERVER_NAME' => 'veigestback.dryadlang.org'
    'SERVER_ADDR' => '127.0.0.1'
    'SERVER_PORT' => '8002'
    'REMOTE_ADDR' => '127.0.0.1'
    'DOCUMENT_ROOT' => '/home/pedro/facul/website-VeiGest/veigest/backend/web'
    'REQUEST_SCHEME' => 'http'
    'CONTEXT_PREFIX' => ''
    'CONTEXT_DOCUMENT_ROOT' => '/home/pedro/facul/website-VeiGest/veigest/backend/web'
    'SERVER_ADMIN' => '[no address given]'
    'SCRIPT_FILENAME' => '/home/pedro/facul/website-VeiGest/veigest/backend/web/index.php'
    'REMOTE_PORT' => '53416'
    'REDIRECT_URL' => '/img/user-placeholder.png'
    'GATEWAY_INTERFACE' => 'CGI/1.1'
    'SERVER_PROTOCOL' => 'HTTP/1.1'
    'REQUEST_METHOD' => 'GET'
    'QUERY_STRING' => ''
    'REQUEST_URI' => '/img/user-placeholder.png'
    'SCRIPT_NAME' => '/index.php'
    'PHP_SELF' => '/index.php'
    'REQUEST_TIME_FLOAT' => 1767678237.8321
    'REQUEST_TIME' => 1767678237
]
2026-01-06 06:45:00 [199.45.154.157][-][-][warning][yii\debug\Module::checkAccess] Access to debugger is denied due to IP address restriction. The requesting IP address is 199.45.154.157
2026-01-06 06:45:00 [199.45.154.157][-][-][info][application] $_GET = []

$_POST = []

$_FILES = []

$_COOKIE = []

$_SERVER = [
    'HTTP_HOST' => '148.71.29.109:8002'
    'HTTP_USER_AGENT' => 'Mozilla/5.0 (compatible; CensysInspect/1.1; +https://about.censys.io/)'
    'HTTP_ACCEPT' => '*/*'
    'HTTP_ACCEPT_ENCODING' => 'gzip'
    'PATH' => '/usr/local/sbin:/usr/local/bin:/usr/sbin:/usr/bin:/snap/bin'
    'SERVER_SIGNATURE' => '<address>Apache/2.4.58 (Ubuntu) Server at 148.71.29.109 Port 8002</address>
'
    'SERVER_SOFTWARE' => 'Apache/2.4.58 (Ubuntu)'
    'SERVER_NAME' => '148.71.29.109'
    'SERVER_ADDR' => '192.168.1.100'
    'SERVER_PORT' => '8002'
    'REMOTE_ADDR' => '199.45.154.157'
    'DOCUMENT_ROOT' => '/home/pedro/facul/website-VeiGest/veigest/backend/web'
    'REQUEST_SCHEME' => 'http'
    'CONTEXT_PREFIX' => ''
    'CONTEXT_DOCUMENT_ROOT' => '/home/pedro/facul/website-VeiGest/veigest/backend/web'
    'SERVER_ADMIN' => '[no address given]'
    'SCRIPT_FILENAME' => '/home/pedro/facul/website-VeiGest/veigest/backend/web/index.php'
    'REMOTE_PORT' => '44222'
    'GATEWAY_INTERFACE' => 'CGI/1.1'
    'SERVER_PROTOCOL' => 'HTTP/1.1'
    'REQUEST_METHOD' => 'GET'
    'QUERY_STRING' => ''
    'REQUEST_URI' => '/'
    'SCRIPT_NAME' => '/index.php'
    'PHP_SELF' => '/index.php'
    'REQUEST_TIME_FLOAT' => 1767681900.169
    'REQUEST_TIME' => 1767681900
]
2026-01-06 06:45:01 [199.45.154.157][-][-][warning][yii\debug\Module::checkAccess] Access to debugger is denied due to IP address restriction. The requesting IP address is 199.45.154.157
    in /home/pedro/facul/website-VeiGest/veigest/backend/views/layouts/blank.php:30
    in /home/pedro/facul/website-VeiGest/veigest/backend/controllers/SiteController.php:154
2026-01-06 06:45:01 [199.45.154.157][-][-][warning][yii\debug\Module::checkAccess] Access to debugger is denied due to IP address restriction. The requesting IP address is 199.45.154.157
2026-01-06 06:45:01 [199.45.154.157][-][-][info][application] $_GET = []

$_POST = []

$_FILES = []

$_COOKIE = []

$_SERVER = [
    'REDIRECT_STATUS' => '200'
    'HTTP_HOST' => '148.71.29.109:8002'
    'HTTP_USER_AGENT' => 'Mozilla/5.0 (compatible; CensysInspect/1.1; +https://about.censys.io/)'
    'HTTP_ACCEPT' => '*/*'
    'HTTP_ACCEPT_ENCODING' => 'gzip'
    'PATH' => '/usr/local/sbin:/usr/local/bin:/usr/sbin:/usr/bin:/snap/bin'
    'SERVER_SIGNATURE' => '<address>Apache/2.4.58 (Ubuntu) Server at 148.71.29.109 Port 8002</address>
'
    'SERVER_SOFTWARE' => 'Apache/2.4.58 (Ubuntu)'
    'SERVER_NAME' => '148.71.29.109'
    'SERVER_ADDR' => '192.168.1.100'
    'SERVER_PORT' => '8002'
    'REMOTE_ADDR' => '199.45.154.157'
    'DOCUMENT_ROOT' => '/home/pedro/facul/website-VeiGest/veigest/backend/web'
    'REQUEST_SCHEME' => 'http'
    'CONTEXT_PREFIX' => ''
    'CONTEXT_DOCUMENT_ROOT' => '/home/pedro/facul/website-VeiGest/veigest/backend/web'
    'SERVER_ADMIN' => '[no address given]'
    'SCRIPT_FILENAME' => '/home/pedro/facul/website-VeiGest/veigest/backend/web/index.php'
    'REMOTE_PORT' => '44256'
    'REDIRECT_URL' => '/site/login'
    'GATEWAY_INTERFACE' => 'CGI/1.1'
    'SERVER_PROTOCOL' => 'HTTP/1.1'
    'REQUEST_METHOD' => 'GET'
    'QUERY_STRING' => ''
    'REQUEST_URI' => '/site/login'
    'SCRIPT_NAME' => '/index.php'
    'PHP_SELF' => '/index.php'
    'REQUEST_TIME_FLOAT' => 1767681901.646
    'REQUEST_TIME' => 1767681901
]
2026-01-06 06:45:09 [199.45.154.157][-][-][warning][yii\debug\Module::checkAccess] Access to debugger is denied due to IP address restriction. The requesting IP address is 199.45.154.157
2026-01-06 06:45:09 [199.45.154.157][-][-][info][application] $_GET = []

$_POST = []

$_FILES = []

$_COOKIE = []

$_SERVER = [
    'HTTP_HOST' => '148.71.29.109:8002'
    'HTTP_USER_AGENT' => 'Mozilla/5.0 (compatible; CensysInspect/1.1; +https://about.censys.io/)'
    'HTTP_ACCEPT' => '*/*'
    'HTTP_ACCEPT_ENCODING' => 'gzip'
    'PATH' => '/usr/local/sbin:/usr/local/bin:/usr/sbin:/usr/bin:/snap/bin'
    'SERVER_SIGNATURE' => '<address>Apache/2.4.58 (Ubuntu) Server at 148.71.29.109 Port 8002</address>
'
    'SERVER_SOFTWARE' => 'Apache/2.4.58 (Ubuntu)'
    'SERVER_NAME' => '148.71.29.109'
    'SERVER_ADDR' => '192.168.1.100'
    'SERVER_PORT' => '8002'
    'REMOTE_ADDR' => '199.45.154.157'
    'DOCUMENT_ROOT' => '/home/pedro/facul/website-VeiGest/veigest/backend/web'
    'REQUEST_SCHEME' => 'http'
    'CONTEXT_PREFIX' => ''
    'CONTEXT_DOCUMENT_ROOT' => '/home/pedro/facul/website-VeiGest/veigest/backend/web'
    'SERVER_ADMIN' => '[no address given]'
    'SCRIPT_FILENAME' => '/home/pedro/facul/website-VeiGest/veigest/backend/web/index.php'
    'REMOTE_PORT' => '46966'
    'GATEWAY_INTERFACE' => 'CGI/1.1'
    'SERVER_PROTOCOL' => 'HTTP/1.1'
    'REQUEST_METHOD' => 'GET'
    'QUERY_STRING' => ''
    'REQUEST_URI' => '/'
    'SCRIPT_NAME' => '/index.php'
    'PHP_SELF' => '/index.php'
    'REQUEST_TIME_FLOAT' => 1767681909.869
    'REQUEST_TIME' => 1767681909
]
2026-01-06 06:45:18 [199.45.154.157][-][-][error][yii\web\HttpException:404] yii\base\InvalidRouteException: Unable to resolve the request "login". in /home/pedro/facul/website-VeiGest/veigest/vendor/yiisoft/yii2/base/Module.php:564
Stack trace:
#0 /home/pedro/facul/website-VeiGest/veigest/vendor/yiisoft/yii2/web/Application.php(103): yii\base\Module->runAction()
#1 /home/pedro/facul/website-VeiGest/veigest/vendor/yiisoft/yii2/base/Application.php(387): yii\web\Application->handleRequest()
#2 /home/pedro/facul/website-VeiGest/veigest/backend/web/index.php(18): yii\base\Application->run()
#3 {main}

Next yii\web\NotFoundHttpException: Page not found. in /home/pedro/facul/website-VeiGest/veigest/vendor/yiisoft/yii2/web/Application.php:115
Stack trace:
#0 /home/pedro/facul/website-VeiGest/veigest/vendor/yiisoft/yii2/base/Application.php(387): yii\web\Application->handleRequest()
#1 /home/pedro/facul/website-VeiGest/veigest/backend/web/index.php(18): yii\base\Application->run()
#2 {main}
2026-01-06 06:45:18 [199.45.154.157][-][-][warning][yii\debug\Module::checkAccess] Access to debugger is denied due to IP address restriction. The requesting IP address is 199.45.154.157
    in /home/pedro/facul/website-VeiGest/veigest/backend/views/layouts/blank.php:30
2026-01-06 06:45:18 [199.45.154.157][-][-][warning][yii\debug\Module::checkAccess] Access to debugger is denied due to IP address restriction. The requesting IP address is 199.45.154.157
2026-01-06 06:45:18 [199.45.154.157][-][-][info][application] $_GET = []

$_POST = []

$_FILES = []

$_COOKIE = []

$_SERVER = [
    'REDIRECT_STATUS' => '200'
    'HTTP_HOST' => '148.71.29.109:8002'
    'HTTP_USER_AGENT' => 'Mozilla/5.0 (compatible; CensysInspect/1.1; +https://about.censys.io/)'
    'HTTP_ACCEPT' => '*/*'
    'HTTP_ACCEPT_ENCODING' => 'gzip'
    'PATH' => '/usr/local/sbin:/usr/local/bin:/usr/sbin:/usr/bin:/snap/bin'
    'SERVER_SIGNATURE' => '<address>Apache/2.4.58 (Ubuntu) Server at 148.71.29.109 Port 8002</address>
'
    'SERVER_SOFTWARE' => 'Apache/2.4.58 (Ubuntu)'
    'SERVER_NAME' => '148.71.29.109'
    'SERVER_ADDR' => '192.168.1.100'
    'SERVER_PORT' => '8002'
    'REMOTE_ADDR' => '199.45.154.157'
    'DOCUMENT_ROOT' => '/home/pedro/facul/website-VeiGest/veigest/backend/web'
    'REQUEST_SCHEME' => 'http'
    'CONTEXT_PREFIX' => ''
    'CONTEXT_DOCUMENT_ROOT' => '/home/pedro/facul/website-VeiGest/veigest/backend/web'
    'SERVER_ADMIN' => '[no address given]'
    'SCRIPT_FILENAME' => '/home/pedro/facul/website-VeiGest/veigest/backend/web/index.php'
    'REMOTE_PORT' => '42080'
    'REDIRECT_URL' => '/login'
    'GATEWAY_INTERFACE' => 'CGI/1.1'
    'SERVER_PROTOCOL' => 'HTTP/1.1'
    'REQUEST_METHOD' => 'GET'
    'QUERY_STRING' => ''
    'REQUEST_URI' => '/login'
    'SCRIPT_NAME' => '/index.php'
    'PHP_SELF' => '/index.php'
    'REQUEST_TIME_FLOAT' => 1767681918.437
    'REQUEST_TIME' => 1767681918
]
2026-01-06 11:45:59 [127.0.0.1][1][bn8l9ng1h8n7jhhn6a9jqjcbk0][error][yii\web\HttpException:404] yii\base\InvalidRouteException: Unable to resolve the request "img/user-placeholder.png". in /home/pedro/facul/website-VeiGest/veigest/vendor/yiisoft/yii2/base/Module.php:564
Stack trace:
#0 /home/pedro/facul/website-VeiGest/veigest/vendor/yiisoft/yii2/web/Application.php(103): yii\base\Module->runAction()
#1 /home/pedro/facul/website-VeiGest/veigest/vendor/yiisoft/yii2/base/Application.php(387): yii\web\Application->handleRequest()
#2 /home/pedro/facul/website-VeiGest/veigest/backend/web/index.php(18): yii\base\Application->run()
#3 {main}

Next yii\web\NotFoundHttpException: Page not found. in /home/pedro/facul/website-VeiGest/veigest/vendor/yiisoft/yii2/web/Application.php:115
Stack trace:
#0 /home/pedro/facul/website-VeiGest/veigest/vendor/yiisoft/yii2/base/Application.php(387): yii\web\Application->handleRequest()
#1 /home/pedro/facul/website-VeiGest/veigest/backend/web/index.php(18): yii\base\Application->run()
#2 {main}
2026-01-06 11:45:59 [127.0.0.1][1][bn8l9ng1h8n7jhhn6a9jqjcbk0][info][application] $_GET = []

$_POST = []

$_FILES = []

$_COOKIE = [
    'VeiGestSession' => 'bn8l9ng1h8n7jhhn6a9jqjcbk0'
    '_csrf' => '8fed747c03d05f0b7f48362f465d471878e1674b9b470a9128d9cb316df38fc8a:2:{i:0;s:5:\"_csrf\";i:1;s:32:\"znOi5RXYet03bRvwnN9Ra5dVz2MG0PAM\";}'
]

$_SESSION = [
    '__flash' => []
    '__id' => 1
    '__authKey' => '7111b40ce0a5e7b6d75484ab7a3f5af1'
]

$_SERVER = [
    'REDIRECT_STATUS' => '200'
    'HTTP_HOST' => 'veigestback.dryadlang.org'
    'HTTP_USER_AGENT' => 'Mozilla/5.0 (Windows NT 10.0; Win64; x64; rv:135.0) Gecko/20100101 Firefox/135.0'
    'HTTP_ACCEPT' => 'image/avif,image/webp,image/png,image/svg+xml,image/*;q=0.8,*/*;q=0.5'
    'HTTP_ACCEPT_ENCODING' => 'gzip, br'
    'HTTP_ACCEPT_LANGUAGE' => 'en-US,en;q=0.5'
    'HTTP_CDN_LOOP' => 'cloudflare; loops=1'
    'HTTP_CF_CONNECTING_IP' => '188.250.95.38'
    'HTTP_CF_IPCOUNTRY' => 'PT'
    'HTTP_CF_RAY' => '9b9af8e95ccab2a2-LIS'
    'HTTP_CF_VISITOR' => '{\"scheme\":\"https\"}'
    'HTTP_CF_WARP_TAG_ID' => 'f5bcc1c9-1522-405b-9562-82cfc34acae8'
    'HTTP_CONNECTION' => 'keep-alive'
    'HTTP_COOKIE' => 'VeiGestSession=bn8l9ng1h8n7jhhn6a9jqjcbk0; _csrf=8fed747c03d05f0b7f48362f465d471878e1674b9b470a9128d9cb316df38fc8a%3A2%3A%7Bi%3A0%3Bs%3A5%3A%22_csrf%22%3Bi%3A1%3Bs%3A32%3A%22znOi5RXYet03bRvwnN9Ra5dVz2MG0PAM%22%3B%7D'
    'HTTP_DNT' => '1'
    'HTTP_PRIORITY' => 'u=5, i'
    'HTTP_REFERER' => 'https://veigestback.dryadlang.org/'
    'HTTP_SEC_FETCH_DEST' => 'image'
    'HTTP_SEC_FETCH_MODE' => 'no-cors'
    'HTTP_SEC_FETCH_SITE' => 'same-origin'
    'HTTP_SEC_GPC' => '1'
    'HTTP_X_FORWARDED_FOR' => '188.250.95.38'
    'HTTP_X_FORWARDED_PROTO' => 'https'
    'PATH' => '/usr/local/sbin:/usr/local/bin:/usr/sbin:/usr/bin:/snap/bin'
    'SERVER_SIGNATURE' => '<address>Apache/2.4.58 (Ubuntu) Server at veigestback.dryadlang.org Port 8002</address>
'
    'SERVER_SOFTWARE' => 'Apache/2.4.58 (Ubuntu)'
    'SERVER_NAME' => 'veigestback.dryadlang.org'
    'SERVER_ADDR' => '127.0.0.1'
    'SERVER_PORT' => '8002'
    'REMOTE_ADDR' => '127.0.0.1'
    'DOCUMENT_ROOT' => '/home/pedro/facul/website-VeiGest/veigest/backend/web'
    'REQUEST_SCHEME' => 'http'
    'CONTEXT_PREFIX' => ''
    'CONTEXT_DOCUMENT_ROOT' => '/home/pedro/facul/website-VeiGest/veigest/backend/web'
    'SERVER_ADMIN' => '[no address given]'
    'SCRIPT_FILENAME' => '/home/pedro/facul/website-VeiGest/veigest/backend/web/index.php'
    'REMOTE_PORT' => '58448'
    'REDIRECT_URL' => '/img/user-placeholder.png'
    'GATEWAY_INTERFACE' => 'CGI/1.1'
    'SERVER_PROTOCOL' => 'HTTP/1.1'
    'REQUEST_METHOD' => 'GET'
    'QUERY_STRING' => ''
    'REQUEST_URI' => '/img/user-placeholder.png'
    'SCRIPT_NAME' => '/index.php'
    'PHP_SELF' => '/index.php'
    'REQUEST_TIME_FLOAT' => 1767699959.2706
    'REQUEST_TIME' => 1767699959
]
2026-01-06 11:46:02 [127.0.0.1][1][bn8l9ng1h8n7jhhn6a9jqjcbk0][error][yii\web\HttpException:404] yii\base\InvalidRouteException: Unable to resolve the request "img/user-placeholder.png". in /home/pedro/facul/website-VeiGest/veigest/vendor/yiisoft/yii2/base/Module.php:564
Stack trace:
#0 /home/pedro/facul/website-VeiGest/veigest/vendor/yiisoft/yii2/web/Application.php(103): yii\base\Module->runAction()
#1 /home/pedro/facul/website-VeiGest/veigest/vendor/yiisoft/yii2/base/Application.php(387): yii\web\Application->handleRequest()
#2 /home/pedro/facul/website-VeiGest/veigest/backend/web/index.php(18): yii\base\Application->run()
#3 {main}

Next yii\web\NotFoundHttpException: Page not found. in /home/pedro/facul/website-VeiGest/veigest/vendor/yiisoft/yii2/web/Application.php:115
Stack trace:
#0 /home/pedro/facul/website-VeiGest/veigest/vendor/yiisoft/yii2/base/Application.php(387): yii\web\Application->handleRequest()
#1 /home/pedro/facul/website-VeiGest/veigest/backend/web/index.php(18): yii\base\Application->run()
#2 {main}
2026-01-06 11:46:02 [127.0.0.1][1][bn8l9ng1h8n7jhhn6a9jqjcbk0][info][application] $_GET = []

$_POST = []

$_FILES = []

$_COOKIE = [
    'VeiGestSession' => 'bn8l9ng1h8n7jhhn6a9jqjcbk0'
    '_csrf' => '8fed747c03d05f0b7f48362f465d471878e1674b9b470a9128d9cb316df38fc8a:2:{i:0;s:5:\"_csrf\";i:1;s:32:\"znOi5RXYet03bRvwnN9Ra5dVz2MG0PAM\";}'
]

$_SESSION = [
    '__flash' => []
    '__id' => 1
    '__authKey' => '7111b40ce0a5e7b6d75484ab7a3f5af1'
]

$_SERVER = [
    'REDIRECT_STATUS' => '200'
    'HTTP_HOST' => 'veigestback.dryadlang.org'
    'HTTP_USER_AGENT' => 'Mozilla/5.0 (Windows NT 10.0; Win64; x64; rv:135.0) Gecko/20100101 Firefox/135.0'
    'HTTP_ACCEPT' => 'image/avif,image/webp,image/png,image/svg+xml,image/*;q=0.8,*/*;q=0.5'
    'HTTP_ACCEPT_ENCODING' => 'gzip, br'
    'HTTP_ACCEPT_LANGUAGE' => 'en-US,en;q=0.5'
    'HTTP_CDN_LOOP' => 'cloudflare; loops=1'
    'HTTP_CF_CONNECTING_IP' => '188.250.95.38'
    'HTTP_CF_IPCOUNTRY' => 'PT'
    'HTTP_CF_RAY' => '9b9af8fa8990b2a2-LIS'
    'HTTP_CF_VISITOR' => '{\"scheme\":\"https\"}'
    'HTTP_CF_WARP_TAG_ID' => 'f5bcc1c9-1522-405b-9562-82cfc34acae8'
    'HTTP_CONNECTION' => 'keep-alive'
    'HTTP_COOKIE' => 'VeiGestSession=bn8l9ng1h8n7jhhn6a9jqjcbk0; _csrf=8fed747c03d05f0b7f48362f465d471878e1674b9b470a9128d9cb316df38fc8a%3A2%3A%7Bi%3A0%3Bs%3A5%3A%22_csrf%22%3Bi%3A1%3Bs%3A32%3A%22znOi5RXYet03bRvwnN9Ra5dVz2MG0PAM%22%3B%7D'
    'HTTP_DNT' => '1'
    'HTTP_PRIORITY' => 'u=4, i'
    'HTTP_REFERER' => 'https://veigestback.dryadlang.org/company/index'
    'HTTP_SEC_FETCH_DEST' => 'image'
    'HTTP_SEC_FETCH_MODE' => 'no-cors'
    'HTTP_SEC_FETCH_SITE' => 'same-origin'
    'HTTP_SEC_GPC' => '1'
    'HTTP_X_FORWARDED_FOR' => '188.250.95.38'
    'HTTP_X_FORWARDED_PROTO' => 'https'
    'PATH' => '/usr/local/sbin:/usr/local/bin:/usr/sbin:/usr/bin:/snap/bin'
    'SERVER_SIGNATURE' => '<address>Apache/2.4.58 (Ubuntu) Server at veigestback.dryadlang.org Port 8002</address>
'
    'SERVER_SOFTWARE' => 'Apache/2.4.58 (Ubuntu)'
    'SERVER_NAME' => 'veigestback.dryadlang.org'
    'SERVER_ADDR' => '127.0.0.1'
    'SERVER_PORT' => '8002'
    'REMOTE_ADDR' => '127.0.0.1'
    'DOCUMENT_ROOT' => '/home/pedro/facul/website-VeiGest/veigest/backend/web'
    'REQUEST_SCHEME' => 'http'
    'CONTEXT_PREFIX' => ''
    'CONTEXT_DOCUMENT_ROOT' => '/home/pedro/facul/website-VeiGest/veigest/backend/web'
    'SERVER_ADMIN' => '[no address given]'
    'SCRIPT_FILENAME' => '/home/pedro/facul/website-VeiGest/veigest/backend/web/index.php'
    'REMOTE_PORT' => '58448'
    'REDIRECT_URL' => '/img/user-placeholder.png'
    'GATEWAY_INTERFACE' => 'CGI/1.1'
    'SERVER_PROTOCOL' => 'HTTP/1.1'
    'REQUEST_METHOD' => 'GET'
    'QUERY_STRING' => ''
    'REQUEST_URI' => '/img/user-placeholder.png'
    'SCRIPT_NAME' => '/index.php'
    'PHP_SELF' => '/index.php'
    'REQUEST_TIME_FLOAT' => 1767699962.0126
    'REQUEST_TIME' => 1767699962
]
2026-01-06 11:46:03 [127.0.0.1][1][bn8l9ng1h8n7jhhn6a9jqjcbk0][error][yii\web\HttpException:404] yii\base\InvalidRouteException: Unable to resolve the request "img/user-placeholder.png". in /home/pedro/facul/website-VeiGest/veigest/vendor/yiisoft/yii2/base/Module.php:564
Stack trace:
#0 /home/pedro/facul/website-VeiGest/veigest/vendor/yiisoft/yii2/web/Application.php(103): yii\base\Module->runAction()
#1 /home/pedro/facul/website-VeiGest/veigest/vendor/yiisoft/yii2/base/Application.php(387): yii\web\Application->handleRequest()
#2 /home/pedro/facul/website-VeiGest/veigest/backend/web/index.php(18): yii\base\Application->run()
#3 {main}

Next yii\web\NotFoundHttpException: Page not found. in /home/pedro/facul/website-VeiGest/veigest/vendor/yiisoft/yii2/web/Application.php:115
Stack trace:
#0 /home/pedro/facul/website-VeiGest/veigest/vendor/yiisoft/yii2/base/Application.php(387): yii\web\Application->handleRequest()
#1 /home/pedro/facul/website-VeiGest/veigest/backend/web/index.php(18): yii\base\Application->run()
#2 {main}
2026-01-06 11:46:03 [127.0.0.1][1][bn8l9ng1h8n7jhhn6a9jqjcbk0][info][application] $_GET = []

$_POST = []

$_FILES = []

$_COOKIE = [
    'VeiGestSession' => 'bn8l9ng1h8n7jhhn6a9jqjcbk0'
    '_csrf' => '8fed747c03d05f0b7f48362f465d471878e1674b9b470a9128d9cb316df38fc8a:2:{i:0;s:5:\"_csrf\";i:1;s:32:\"znOi5RXYet03bRvwnN9Ra5dVz2MG0PAM\";}'
]

$_SESSION = [
    '__flash' => []
    '__id' => 1
    '__authKey' => '7111b40ce0a5e7b6d75484ab7a3f5af1'
]

$_SERVER = [
    'REDIRECT_STATUS' => '200'
    'HTTP_HOST' => 'veigestback.dryadlang.org'
    'HTTP_USER_AGENT' => 'Mozilla/5.0 (Windows NT 10.0; Win64; x64; rv:135.0) Gecko/20100101 Firefox/135.0'
    'HTTP_ACCEPT' => 'image/avif,image/webp,image/png,image/svg+xml,image/*;q=0.8,*/*;q=0.5'
    'HTTP_ACCEPT_ENCODING' => 'gzip, br'
    'HTTP_ACCEPT_LANGUAGE' => 'en-US,en;q=0.5'
    'HTTP_CDN_LOOP' => 'cloudflare; loops=1'
    'HTTP_CF_CONNECTING_IP' => '188.250.95.38'
    'HTTP_CF_IPCOUNTRY' => 'PT'
    'HTTP_CF_RAY' => '9b9af9061eeeb2a2-LIS'
    'HTTP_CF_VISITOR' => '{\"scheme\":\"https\"}'
    'HTTP_CF_WARP_TAG_ID' => 'f5bcc1c9-1522-405b-9562-82cfc34acae8'
    'HTTP_CONNECTION' => 'keep-alive'
    'HTTP_COOKIE' => 'VeiGestSession=bn8l9ng1h8n7jhhn6a9jqjcbk0; _csrf=8fed747c03d05f0b7f48362f465d471878e1674b9b470a9128d9cb316df38fc8a%3A2%3A%7Bi%3A0%3Bs%3A5%3A%22_csrf%22%3Bi%3A1%3Bs%3A32%3A%22znOi5RXYet03bRvwnN9Ra5dVz2MG0PAM%22%3B%7D'
    'HTTP_DNT' => '1'
    'HTTP_PRIORITY' => 'u=4, i'
    'HTTP_REFERER' => 'https://veigestback.dryadlang.org/user/index'
    'HTTP_SEC_FETCH_DEST' => 'image'
    'HTTP_SEC_FETCH_MODE' => 'no-cors'
    'HTTP_SEC_FETCH_SITE' => 'same-origin'
    'HTTP_SEC_GPC' => '1'
    'HTTP_X_FORWARDED_FOR' => '188.250.95.38'
    'HTTP_X_FORWARDED_PROTO' => 'https'
    'PATH' => '/usr/local/sbin:/usr/local/bin:/usr/sbin:/usr/bin:/snap/bin'
    'SERVER_SIGNATURE' => '<address>Apache/2.4.58 (Ubuntu) Server at veigestback.dryadlang.org Port 8002</address>
'
    'SERVER_SOFTWARE' => 'Apache/2.4.58 (Ubuntu)'
    'SERVER_NAME' => 'veigestback.dryadlang.org'
    'SERVER_ADDR' => '127.0.0.1'
    'SERVER_PORT' => '8002'
    'REMOTE_ADDR' => '127.0.0.1'
    'DOCUMENT_ROOT' => '/home/pedro/facul/website-VeiGest/veigest/backend/web'
    'REQUEST_SCHEME' => 'http'
    'CONTEXT_PREFIX' => ''
    'CONTEXT_DOCUMENT_ROOT' => '/home/pedro/facul/website-VeiGest/veigest/backend/web'
    'SERVER_ADMIN' => '[no address given]'
    'SCRIPT_FILENAME' => '/home/pedro/facul/website-VeiGest/veigest/backend/web/index.php'
    'REMOTE_PORT' => '58448'
    'REDIRECT_URL' => '/img/user-placeholder.png'
    'GATEWAY_INTERFACE' => 'CGI/1.1'
    'SERVER_PROTOCOL' => 'HTTP/1.1'
    'REQUEST_METHOD' => 'GET'
    'QUERY_STRING' => ''
    'REQUEST_URI' => '/img/user-placeholder.png'
    'SCRIPT_NAME' => '/index.php'
    'PHP_SELF' => '/index.php'
    'REQUEST_TIME_FLOAT' => 1767699963.868
    'REQUEST_TIME' => 1767699963
]
2026-01-06 11:46:05 [127.0.0.1][1][bn8l9ng1h8n7jhhn6a9jqjcbk0][error][yii\web\HttpException:404] yii\base\InvalidRouteException: Unable to resolve the request "img/user-placeholder.png". in /home/pedro/facul/website-VeiGest/veigest/vendor/yiisoft/yii2/base/Module.php:564
Stack trace:
#0 /home/pedro/facul/website-VeiGest/veigest/vendor/yiisoft/yii2/web/Application.php(103): yii\base\Module->runAction()
#1 /home/pedro/facul/website-VeiGest/veigest/vendor/yiisoft/yii2/base/Application.php(387): yii\web\Application->handleRequest()
#2 /home/pedro/facul/website-VeiGest/veigest/backend/web/index.php(18): yii\base\Application->run()
#3 {main}

Next yii\web\NotFoundHttpException: Page not found. in /home/pedro/facul/website-VeiGest/veigest/vendor/yiisoft/yii2/web/Application.php:115
Stack trace:
#0 /home/pedro/facul/website-VeiGest/veigest/vendor/yiisoft/yii2/base/Application.php(387): yii\web\Application->handleRequest()
#1 /home/pedro/facul/website-VeiGest/veigest/backend/web/index.php(18): yii\base\Application->run()
#2 {main}
2026-01-06 11:46:05 [127.0.0.1][1][bn8l9ng1h8n7jhhn6a9jqjcbk0][info][application] $_GET = []

$_POST = []

$_FILES = []

$_COOKIE = [
    'VeiGestSession' => 'bn8l9ng1h8n7jhhn6a9jqjcbk0'
    '_csrf' => '8fed747c03d05f0b7f48362f465d471878e1674b9b470a9128d9cb316df38fc8a:2:{i:0;s:5:\"_csrf\";i:1;s:32:\"znOi5RXYet03bRvwnN9Ra5dVz2MG0PAM\";}'
]

$_SESSION = [
    '__flash' => []
    '__id' => 1
    '__authKey' => '7111b40ce0a5e7b6d75484ab7a3f5af1'
]

$_SERVER = [
    'REDIRECT_STATUS' => '200'
    'HTTP_HOST' => 'veigestback.dryadlang.org'
    'HTTP_USER_AGENT' => 'Mozilla/5.0 (Windows NT 10.0; Win64; x64; rv:135.0) Gecko/20100101 Firefox/135.0'
    'HTTP_ACCEPT' => 'image/avif,image/webp,image/png,image/svg+xml,image/*;q=0.8,*/*;q=0.5'
    'HTTP_ACCEPT_ENCODING' => 'gzip, br'
    'HTTP_ACCEPT_LANGUAGE' => 'en-US,en;q=0.5'
    'HTTP_CDN_LOOP' => 'cloudflare; loops=1'
    'HTTP_CF_CONNECTING_IP' => '188.250.95.38'
    'HTTP_CF_IPCOUNTRY' => 'PT'
    'HTTP_CF_RAY' => '9b9af911fe90b2a2-LIS'
    'HTTP_CF_VISITOR' => '{\"scheme\":\"https\"}'
    'HTTP_CF_WARP_TAG_ID' => 'f5bcc1c9-1522-405b-9562-82cfc34acae8'
    'HTTP_CONNECTION' => 'keep-alive'
    'HTTP_COOKIE' => 'VeiGestSession=bn8l9ng1h8n7jhhn6a9jqjcbk0; _csrf=8fed747c03d05f0b7f48362f465d471878e1674b9b470a9128d9cb316df38fc8a%3A2%3A%7Bi%3A0%3Bs%3A5%3A%22_csrf%22%3Bi%3A1%3Bs%3A32%3A%22znOi5RXYet03bRvwnN9Ra5dVz2MG0PAM%22%3B%7D'
    'HTTP_DNT' => '1'
    'HTTP_PRIORITY' => 'u=4, i'
    'HTTP_REFERER' => 'https://veigestback.dryadlang.org/company/index'
    'HTTP_SEC_FETCH_DEST' => 'image'
    'HTTP_SEC_FETCH_MODE' => 'no-cors'
    'HTTP_SEC_FETCH_SITE' => 'same-origin'
    'HTTP_SEC_GPC' => '1'
    'HTTP_X_FORWARDED_FOR' => '188.250.95.38'
    'HTTP_X_FORWARDED_PROTO' => 'https'
    'PATH' => '/usr/local/sbin:/usr/local/bin:/usr/sbin:/usr/bin:/snap/bin'
    'SERVER_SIGNATURE' => '<address>Apache/2.4.58 (Ubuntu) Server at veigestback.dryadlang.org Port 8002</address>
'
    'SERVER_SOFTWARE' => 'Apache/2.4.58 (Ubuntu)'
    'SERVER_NAME' => 'veigestback.dryadlang.org'
    'SERVER_ADDR' => '127.0.0.1'
    'SERVER_PORT' => '8002'
    'REMOTE_ADDR' => '127.0.0.1'
    'DOCUMENT_ROOT' => '/home/pedro/facul/website-VeiGest/veigest/backend/web'
    'REQUEST_SCHEME' => 'http'
    'CONTEXT_PREFIX' => ''
    'CONTEXT_DOCUMENT_ROOT' => '/home/pedro/facul/website-VeiGest/veigest/backend/web'
    'SERVER_ADMIN' => '[no address given]'
    'SCRIPT_FILENAME' => '/home/pedro/facul/website-VeiGest/veigest/backend/web/index.php'
    'REMOTE_PORT' => '58448'
    'REDIRECT_URL' => '/img/user-placeholder.png'
    'GATEWAY_INTERFACE' => 'CGI/1.1'
    'SERVER_PROTOCOL' => 'HTTP/1.1'
    'REQUEST_METHOD' => 'GET'
    'QUERY_STRING' => ''
    'REQUEST_URI' => '/img/user-placeholder.png'
    'SCRIPT_NAME' => '/index.php'
    'PHP_SELF' => '/index.php'
    'REQUEST_TIME_FLOAT' => 1767699965.7664
    'REQUEST_TIME' => 1767699965
]
2026-01-06 11:46:40 [127.0.0.1][1][bn8l9ng1h8n7jhhn6a9jqjcbk0][error][yii\web\HttpException:404] yii\base\InvalidRouteException: Unable to resolve the request "img/user-placeholder.png". in /home/pedro/facul/website-VeiGest/veigest/vendor/yiisoft/yii2/base/Module.php:564
Stack trace:
#0 /home/pedro/facul/website-VeiGest/veigest/vendor/yiisoft/yii2/web/Application.php(103): yii\base\Module->runAction()
#1 /home/pedro/facul/website-VeiGest/veigest/vendor/yiisoft/yii2/base/Application.php(387): yii\web\Application->handleRequest()
#2 /home/pedro/facul/website-VeiGest/veigest/backend/web/index.php(18): yii\base\Application->run()
#3 {main}

Next yii\web\NotFoundHttpException: Page not found. in /home/pedro/facul/website-VeiGest/veigest/vendor/yiisoft/yii2/web/Application.php:115
Stack trace:
#0 /home/pedro/facul/website-VeiGest/veigest/vendor/yiisoft/yii2/base/Application.php(387): yii\web\Application->handleRequest()
#1 /home/pedro/facul/website-VeiGest/veigest/backend/web/index.php(18): yii\base\Application->run()
#2 {main}
2026-01-06 11:46:40 [127.0.0.1][1][bn8l9ng1h8n7jhhn6a9jqjcbk0][info][application] $_GET = []

$_POST = []

$_FILES = []

$_COOKIE = [
    'VeiGestSession' => 'bn8l9ng1h8n7jhhn6a9jqjcbk0'
    '_csrf' => '8fed747c03d05f0b7f48362f465d471878e1674b9b470a9128d9cb316df38fc8a:2:{i:0;s:5:\"_csrf\";i:1;s:32:\"znOi5RXYet03bRvwnN9Ra5dVz2MG0PAM\";}'
]

$_SESSION = [
    '__flash' => []
    '__id' => 1
    '__authKey' => '7111b40ce0a5e7b6d75484ab7a3f5af1'
]

$_SERVER = [
    'REDIRECT_STATUS' => '200'
    'HTTP_HOST' => 'veigestback.dryadlang.org'
    'HTTP_USER_AGENT' => 'Mozilla/5.0 (Windows NT 10.0; Win64; x64; rv:135.0) Gecko/20100101 Firefox/135.0'
    'HTTP_ACCEPT' => 'image/avif,image/webp,image/png,image/svg+xml,image/*;q=0.8,*/*;q=0.5'
    'HTTP_ACCEPT_ENCODING' => 'gzip, br'
    'HTTP_ACCEPT_LANGUAGE' => 'en-US,en;q=0.5'
    'HTTP_CDN_LOOP' => 'cloudflare; loops=1'
    'HTTP_CF_CONNECTING_IP' => '188.250.95.38'
    'HTTP_CF_IPCOUNTRY' => 'PT'
    'HTTP_CF_RAY' => '9b9af9e878d7f55c-LIS'
    'HTTP_CF_VISITOR' => '{\"scheme\":\"https\"}'
    'HTTP_CF_WARP_TAG_ID' => 'f5bcc1c9-1522-405b-9562-82cfc34acae8'
    'HTTP_CONNECTION' => 'keep-alive'
    'HTTP_COOKIE' => 'VeiGestSession=bn8l9ng1h8n7jhhn6a9jqjcbk0; _csrf=8fed747c03d05f0b7f48362f465d471878e1674b9b470a9128d9cb316df38fc8a%3A2%3A%7Bi%3A0%3Bs%3A5%3A%22_csrf%22%3Bi%3A1%3Bs%3A32%3A%22znOi5RXYet03bRvwnN9Ra5dVz2MG0PAM%22%3B%7D'
    'HTTP_DNT' => '1'
    'HTTP_PRIORITY' => 'u=4, i'
    'HTTP_REFERER' => 'https://veigestback.dryadlang.org/user/index'
    'HTTP_SEC_FETCH_DEST' => 'image'
    'HTTP_SEC_FETCH_MODE' => 'no-cors'
    'HTTP_SEC_FETCH_SITE' => 'same-origin'
    'HTTP_SEC_GPC' => '1'
    'HTTP_X_FORWARDED_FOR' => '188.250.95.38'
    'HTTP_X_FORWARDED_PROTO' => 'https'
    'PATH' => '/usr/local/sbin:/usr/local/bin:/usr/sbin:/usr/bin:/snap/bin'
    'SERVER_SIGNATURE' => '<address>Apache/2.4.58 (Ubuntu) Server at veigestback.dryadlang.org Port 8002</address>
'
    'SERVER_SOFTWARE' => 'Apache/2.4.58 (Ubuntu)'
    'SERVER_NAME' => 'veigestback.dryadlang.org'
    'SERVER_ADDR' => '127.0.0.1'
    'SERVER_PORT' => '8002'
    'REMOTE_ADDR' => '127.0.0.1'
    'DOCUMENT_ROOT' => '/home/pedro/facul/website-VeiGest/veigest/backend/web'
    'REQUEST_SCHEME' => 'http'
    'CONTEXT_PREFIX' => ''
    'CONTEXT_DOCUMENT_ROOT' => '/home/pedro/facul/website-VeiGest/veigest/backend/web'
    'SERVER_ADMIN' => '[no address given]'
    'SCRIPT_FILENAME' => '/home/pedro/facul/website-VeiGest/veigest/backend/web/index.php'
    'REMOTE_PORT' => '35922'
    'REDIRECT_URL' => '/img/user-placeholder.png'
    'GATEWAY_INTERFACE' => 'CGI/1.1'
    'SERVER_PROTOCOL' => 'HTTP/1.1'
    'REQUEST_METHOD' => 'GET'
    'QUERY_STRING' => ''
    'REQUEST_URI' => '/img/user-placeholder.png'
    'SCRIPT_NAME' => '/index.php'
    'PHP_SELF' => '/index.php'
    'REQUEST_TIME_FLOAT' => 1767700000.0856
    'REQUEST_TIME' => 1767700000
]
2026-01-06 11:46:40 [127.0.0.1][1][bn8l9ng1h8n7jhhn6a9jqjcbk0][error][yii\web\HttpException:404] yii\base\InvalidRouteException: Unable to resolve the request "img/user-placeholder.png". in /home/pedro/facul/website-VeiGest/veigest/vendor/yiisoft/yii2/base/Module.php:564
Stack trace:
#0 /home/pedro/facul/website-VeiGest/veigest/vendor/yiisoft/yii2/web/Application.php(103): yii\base\Module->runAction()
#1 /home/pedro/facul/website-VeiGest/veigest/vendor/yiisoft/yii2/base/Application.php(387): yii\web\Application->handleRequest()
#2 /home/pedro/facul/website-VeiGest/veigest/backend/web/index.php(18): yii\base\Application->run()
#3 {main}

Next yii\web\NotFoundHttpException: Page not found. in /home/pedro/facul/website-VeiGest/veigest/vendor/yiisoft/yii2/web/Application.php:115
Stack trace:
#0 /home/pedro/facul/website-VeiGest/veigest/vendor/yiisoft/yii2/base/Application.php(387): yii\web\Application->handleRequest()
#1 /home/pedro/facul/website-VeiGest/veigest/backend/web/index.php(18): yii\base\Application->run()
#2 {main}
2026-01-06 11:46:40 [127.0.0.1][1][bn8l9ng1h8n7jhhn6a9jqjcbk0][info][application] $_GET = []

$_POST = []

$_FILES = []

$_COOKIE = [
    'VeiGestSession' => 'bn8l9ng1h8n7jhhn6a9jqjcbk0'
    '_csrf' => '8fed747c03d05f0b7f48362f465d471878e1674b9b470a9128d9cb316df38fc8a:2:{i:0;s:5:\"_csrf\";i:1;s:32:\"znOi5RXYet03bRvwnN9Ra5dVz2MG0PAM\";}'
]

$_SESSION = [
    '__flash' => []
    '__id' => 1
    '__authKey' => '7111b40ce0a5e7b6d75484ab7a3f5af1'
]

$_SERVER = [
    'REDIRECT_STATUS' => '200'
    'HTTP_HOST' => 'veigestback.dryadlang.org'
    'HTTP_USER_AGENT' => 'Mozilla/5.0 (Windows NT 10.0; Win64; x64; rv:135.0) Gecko/20100101 Firefox/135.0'
    'HTTP_ACCEPT' => 'image/avif,image/webp,image/png,image/svg+xml,image/*;q=0.8,*/*;q=0.5'
    'HTTP_ACCEPT_ENCODING' => 'gzip, br'
    'HTTP_ACCEPT_LANGUAGE' => 'en-US,en;q=0.5'
    'HTTP_CDN_LOOP' => 'cloudflare; loops=1'
    'HTTP_CF_CONNECTING_IP' => '188.250.95.38'
    'HTTP_CF_IPCOUNTRY' => 'PT'
    'HTTP_CF_RAY' => '9b9af9ed283bf55c-LIS'
    'HTTP_CF_VISITOR' => '{\"scheme\":\"https\"}'
    'HTTP_CF_WARP_TAG_ID' => 'f5bcc1c9-1522-405b-9562-82cfc34acae8'
    'HTTP_CONNECTION' => 'keep-alive'
    'HTTP_COOKIE' => 'VeiGestSession=bn8l9ng1h8n7jhhn6a9jqjcbk0; _csrf=8fed747c03d05f0b7f48362f465d471878e1674b9b470a9128d9cb316df38fc8a%3A2%3A%7Bi%3A0%3Bs%3A5%3A%22_csrf%22%3Bi%3A1%3Bs%3A32%3A%22znOi5RXYet03bRvwnN9Ra5dVz2MG0PAM%22%3B%7D'
    'HTTP_DNT' => '1'
    'HTTP_PRIORITY' => 'u=4, i'
    'HTTP_REFERER' => 'https://veigestback.dryadlang.org/system/settings'
    'HTTP_SEC_FETCH_DEST' => 'image'
    'HTTP_SEC_FETCH_MODE' => 'no-cors'
    'HTTP_SEC_FETCH_SITE' => 'same-origin'
    'HTTP_SEC_GPC' => '1'
    'HTTP_X_FORWARDED_FOR' => '188.250.95.38'
    'HTTP_X_FORWARDED_PROTO' => 'https'
    'PATH' => '/usr/local/sbin:/usr/local/bin:/usr/sbin:/usr/bin:/snap/bin'
    'SERVER_SIGNATURE' => '<address>Apache/2.4.58 (Ubuntu) Server at veigestback.dryadlang.org Port 8002</address>
'
    'SERVER_SOFTWARE' => 'Apache/2.4.58 (Ubuntu)'
    'SERVER_NAME' => 'veigestback.dryadlang.org'
    'SERVER_ADDR' => '127.0.0.1'
    'SERVER_PORT' => '8002'
    'REMOTE_ADDR' => '127.0.0.1'
    'DOCUMENT_ROOT' => '/home/pedro/facul/website-VeiGest/veigest/backend/web'
    'REQUEST_SCHEME' => 'http'
    'CONTEXT_PREFIX' => ''
    'CONTEXT_DOCUMENT_ROOT' => '/home/pedro/facul/website-VeiGest/veigest/backend/web'
    'SERVER_ADMIN' => '[no address given]'
    'SCRIPT_FILENAME' => '/home/pedro/facul/website-VeiGest/veigest/backend/web/index.php'
    'REMOTE_PORT' => '35922'
    'REDIRECT_URL' => '/img/user-placeholder.png'
    'GATEWAY_INTERFACE' => 'CGI/1.1'
    'SERVER_PROTOCOL' => 'HTTP/1.1'
    'REQUEST_METHOD' => 'GET'
    'QUERY_STRING' => ''
    'REQUEST_URI' => '/img/user-placeholder.png'
    'SCRIPT_NAME' => '/index.php'
    'PHP_SELF' => '/index.php'
    'REQUEST_TIME_FLOAT' => 1767700000.8368
    'REQUEST_TIME' => 1767700000
]
2026-01-06 11:46:41 [127.0.0.1][1][bn8l9ng1h8n7jhhn6a9jqjcbk0][error][yii\web\HttpException:404] yii\base\InvalidRouteException: Unable to resolve the request "img/user-placeholder.png". in /home/pedro/facul/website-VeiGest/veigest/vendor/yiisoft/yii2/base/Module.php:564
Stack trace:
#0 /home/pedro/facul/website-VeiGest/veigest/vendor/yiisoft/yii2/web/Application.php(103): yii\base\Module->runAction()
#1 /home/pedro/facul/website-VeiGest/veigest/vendor/yiisoft/yii2/base/Application.php(387): yii\web\Application->handleRequest()
#2 /home/pedro/facul/website-VeiGest/veigest/backend/web/index.php(18): yii\base\Application->run()
#3 {main}

Next yii\web\NotFoundHttpException: Page not found. in /home/pedro/facul/website-VeiGest/veigest/vendor/yiisoft/yii2/web/Application.php:115
Stack trace:
#0 /home/pedro/facul/website-VeiGest/veigest/vendor/yiisoft/yii2/base/Application.php(387): yii\web\Application->handleRequest()
#1 /home/pedro/facul/website-VeiGest/veigest/backend/web/index.php(18): yii\base\Application->run()
#2 {main}
2026-01-06 11:46:41 [127.0.0.1][1][bn8l9ng1h8n7jhhn6a9jqjcbk0][info][application] $_GET = []

$_POST = []

$_FILES = []

$_COOKIE = [
    'VeiGestSession' => 'bn8l9ng1h8n7jhhn6a9jqjcbk0'
    '_csrf' => '8fed747c03d05f0b7f48362f465d471878e1674b9b470a9128d9cb316df38fc8a:2:{i:0;s:5:\"_csrf\";i:1;s:32:\"znOi5RXYet03bRvwnN9Ra5dVz2MG0PAM\";}'
]

$_SESSION = [
    '__flash' => []
    '__id' => 1
    '__authKey' => '7111b40ce0a5e7b6d75484ab7a3f5af1'
]

$_SERVER = [
    'REDIRECT_STATUS' => '200'
    'HTTP_HOST' => 'veigestback.dryadlang.org'
    'HTTP_USER_AGENT' => 'Mozilla/5.0 (Windows NT 10.0; Win64; x64; rv:135.0) Gecko/20100101 Firefox/135.0'
    'HTTP_ACCEPT' => 'image/avif,image/webp,image/png,image/svg+xml,image/*;q=0.8,*/*;q=0.5'
    'HTTP_ACCEPT_ENCODING' => 'gzip, br'
    'HTTP_ACCEPT_LANGUAGE' => 'en-US,en;q=0.5'
    'HTTP_CDN_LOOP' => 'cloudflare; loops=1'
    'HTTP_CF_CONNECTING_IP' => '188.250.95.38'
    'HTTP_CF_IPCOUNTRY' => 'PT'
    'HTTP_CF_RAY' => '9b9af9f3fc3ff55c-LIS'
    'HTTP_CF_VISITOR' => '{\"scheme\":\"https\"}'
    'HTTP_CF_WARP_TAG_ID' => 'f5bcc1c9-1522-405b-9562-82cfc34acae8'
    'HTTP_CONNECTION' => 'keep-alive'
    'HTTP_COOKIE' => 'VeiGestSession=bn8l9ng1h8n7jhhn6a9jqjcbk0; _csrf=8fed747c03d05f0b7f48362f465d471878e1674b9b470a9128d9cb316df38fc8a%3A2%3A%7Bi%3A0%3Bs%3A5%3A%22_csrf%22%3Bi%3A1%3Bs%3A32%3A%22znOi5RXYet03bRvwnN9Ra5dVz2MG0PAM%22%3B%7D'
    'HTTP_DNT' => '1'
    'HTTP_PRIORITY' => 'u=4, i'
    'HTTP_REFERER' => 'https://veigestback.dryadlang.org/user/index'
    'HTTP_SEC_FETCH_DEST' => 'image'
    'HTTP_SEC_FETCH_MODE' => 'no-cors'
    'HTTP_SEC_FETCH_SITE' => 'same-origin'
    'HTTP_SEC_GPC' => '1'
    'HTTP_X_FORWARDED_FOR' => '188.250.95.38'
    'HTTP_X_FORWARDED_PROTO' => 'https'
    'PATH' => '/usr/local/sbin:/usr/local/bin:/usr/sbin:/usr/bin:/snap/bin'
    'SERVER_SIGNATURE' => '<address>Apache/2.4.58 (Ubuntu) Server at veigestback.dryadlang.org Port 8002</address>
'
    'SERVER_SOFTWARE' => 'Apache/2.4.58 (Ubuntu)'
    'SERVER_NAME' => 'veigestback.dryadlang.org'
    'SERVER_ADDR' => '127.0.0.1'
    'SERVER_PORT' => '8002'
    'REMOTE_ADDR' => '127.0.0.1'
    'DOCUMENT_ROOT' => '/home/pedro/facul/website-VeiGest/veigest/backend/web'
    'REQUEST_SCHEME' => 'http'
    'CONTEXT_PREFIX' => ''
    'CONTEXT_DOCUMENT_ROOT' => '/home/pedro/facul/website-VeiGest/veigest/backend/web'
    'SERVER_ADMIN' => '[no address given]'
    'SCRIPT_FILENAME' => '/home/pedro/facul/website-VeiGest/veigest/backend/web/index.php'
    'REMOTE_PORT' => '35922'
    'REDIRECT_URL' => '/img/user-placeholder.png'
    'GATEWAY_INTERFACE' => 'CGI/1.1'
    'SERVER_PROTOCOL' => 'HTTP/1.1'
    'REQUEST_METHOD' => 'GET'
    'QUERY_STRING' => ''
    'REQUEST_URI' => '/img/user-placeholder.png'
    'SCRIPT_NAME' => '/index.php'
    'PHP_SELF' => '/index.php'
    'REQUEST_TIME_FLOAT' => 1767700001.9249
    'REQUEST_TIME' => 1767700001
]
2026-01-06 11:46:44 [127.0.0.1][1][bn8l9ng1h8n7jhhn6a9jqjcbk0][error][yii\web\HttpException:404] yii\base\InvalidRouteException: Unable to resolve the request "img/user-placeholder.png". in /home/pedro/facul/website-VeiGest/veigest/vendor/yiisoft/yii2/base/Module.php:564
Stack trace:
#0 /home/pedro/facul/website-VeiGest/veigest/vendor/yiisoft/yii2/web/Application.php(103): yii\base\Module->runAction()
#1 /home/pedro/facul/website-VeiGest/veigest/vendor/yiisoft/yii2/base/Application.php(387): yii\web\Application->handleRequest()
#2 /home/pedro/facul/website-VeiGest/veigest/backend/web/index.php(18): yii\base\Application->run()
#3 {main}

Next yii\web\NotFoundHttpException: Page not found. in /home/pedro/facul/website-VeiGest/veigest/vendor/yiisoft/yii2/web/Application.php:115
Stack trace:
#0 /home/pedro/facul/website-VeiGest/veigest/vendor/yiisoft/yii2/base/Application.php(387): yii\web\Application->handleRequest()
#1 /home/pedro/facul/website-VeiGest/veigest/backend/web/index.php(18): yii\base\Application->run()
#2 {main}
2026-01-06 11:46:44 [127.0.0.1][1][bn8l9ng1h8n7jhhn6a9jqjcbk0][info][application] $_GET = []

$_POST = []

$_FILES = []

$_COOKIE = [
    'VeiGestSession' => 'bn8l9ng1h8n7jhhn6a9jqjcbk0'
    '_csrf' => '8fed747c03d05f0b7f48362f465d471878e1674b9b470a9128d9cb316df38fc8a:2:{i:0;s:5:\"_csrf\";i:1;s:32:\"znOi5RXYet03bRvwnN9Ra5dVz2MG0PAM\";}'
]

$_SESSION = [
    '__flash' => []
    '__id' => 1
    '__authKey' => '7111b40ce0a5e7b6d75484ab7a3f5af1'
]

$_SERVER = [
    'REDIRECT_STATUS' => '200'
    'HTTP_HOST' => 'veigestback.dryadlang.org'
    'HTTP_USER_AGENT' => 'Mozilla/5.0 (Windows NT 10.0; Win64; x64; rv:135.0) Gecko/20100101 Firefox/135.0'
    'HTTP_ACCEPT' => 'image/avif,image/webp,image/png,image/svg+xml,image/*;q=0.8,*/*;q=0.5'
    'HTTP_ACCEPT_ENCODING' => 'gzip, br'
    'HTTP_ACCEPT_LANGUAGE' => 'en-US,en;q=0.5'
    'HTTP_CDN_LOOP' => 'cloudflare; loops=1'
    'HTTP_CF_CONNECTING_IP' => '188.250.95.38'
    'HTTP_CF_IPCOUNTRY' => 'PT'
    'HTTP_CF_RAY' => '9b9afa035861f55c-LIS'
    'HTTP_CF_VISITOR' => '{\"scheme\":\"https\"}'
    'HTTP_CF_WARP_TAG_ID' => 'f5bcc1c9-1522-405b-9562-82cfc34acae8'
    'HTTP_CONNECTION' => 'keep-alive'
    'HTTP_COOKIE' => 'VeiGestSession=bn8l9ng1h8n7jhhn6a9jqjcbk0; _csrf=8fed747c03d05f0b7f48362f465d471878e1674b9b470a9128d9cb316df38fc8a%3A2%3A%7Bi%3A0%3Bs%3A5%3A%22_csrf%22%3Bi%3A1%3Bs%3A32%3A%22znOi5RXYet03bRvwnN9Ra5dVz2MG0PAM%22%3B%7D'
    'HTTP_DNT' => '1'
    'HTTP_PRIORITY' => 'u=4, i'
    'HTTP_REFERER' => 'https://veigestback.dryadlang.org/user/index'
    'HTTP_SEC_FETCH_DEST' => 'image'
    'HTTP_SEC_FETCH_MODE' => 'no-cors'
    'HTTP_SEC_FETCH_SITE' => 'same-origin'
    'HTTP_SEC_GPC' => '1'
    'HTTP_X_FORWARDED_FOR' => '188.250.95.38'
    'HTTP_X_FORWARDED_PROTO' => 'https'
    'PATH' => '/usr/local/sbin:/usr/local/bin:/usr/sbin:/usr/bin:/snap/bin'
    'SERVER_SIGNATURE' => '<address>Apache/2.4.58 (Ubuntu) Server at veigestback.dryadlang.org Port 8002</address>
'
    'SERVER_SOFTWARE' => 'Apache/2.4.58 (Ubuntu)'
    'SERVER_NAME' => 'veigestback.dryadlang.org'
    'SERVER_ADDR' => '127.0.0.1'
    'SERVER_PORT' => '8002'
    'REMOTE_ADDR' => '127.0.0.1'
    'DOCUMENT_ROOT' => '/home/pedro/facul/website-VeiGest/veigest/backend/web'
    'REQUEST_SCHEME' => 'http'
    'CONTEXT_PREFIX' => ''
    'CONTEXT_DOCUMENT_ROOT' => '/home/pedro/facul/website-VeiGest/veigest/backend/web'
    'SERVER_ADMIN' => '[no address given]'
    'SCRIPT_FILENAME' => '/home/pedro/facul/website-VeiGest/veigest/backend/web/index.php'
    'REMOTE_PORT' => '35922'
    'REDIRECT_URL' => '/img/user-placeholder.png'
    'GATEWAY_INTERFACE' => 'CGI/1.1'
    'SERVER_PROTOCOL' => 'HTTP/1.1'
    'REQUEST_METHOD' => 'GET'
    'QUERY_STRING' => ''
    'REQUEST_URI' => '/img/user-placeholder.png'
    'SCRIPT_NAME' => '/index.php'
    'PHP_SELF' => '/index.php'
    'REQUEST_TIME_FLOAT' => 1767700004.3826
    'REQUEST_TIME' => 1767700004
]
2026-01-06 11:46:45 [127.0.0.1][1][bn8l9ng1h8n7jhhn6a9jqjcbk0][error][yii\web\HttpException:404] yii\base\InvalidRouteException: Unable to resolve the request "img/user-placeholder.png". in /home/pedro/facul/website-VeiGest/veigest/vendor/yiisoft/yii2/base/Module.php:564
Stack trace:
#0 /home/pedro/facul/website-VeiGest/veigest/vendor/yiisoft/yii2/web/Application.php(103): yii\base\Module->runAction()
#1 /home/pedro/facul/website-VeiGest/veigest/vendor/yiisoft/yii2/base/Application.php(387): yii\web\Application->handleRequest()
#2 /home/pedro/facul/website-VeiGest/veigest/backend/web/index.php(18): yii\base\Application->run()
#3 {main}

Next yii\web\NotFoundHttpException: Page not found. in /home/pedro/facul/website-VeiGest/veigest/vendor/yiisoft/yii2/web/Application.php:115
Stack trace:
#0 /home/pedro/facul/website-VeiGest/veigest/vendor/yiisoft/yii2/base/Application.php(387): yii\web\Application->handleRequest()
#1 /home/pedro/facul/website-VeiGest/veigest/backend/web/index.php(18): yii\base\Application->run()
#2 {main}
2026-01-06 11:46:45 [127.0.0.1][1][bn8l9ng1h8n7jhhn6a9jqjcbk0][info][application] $_GET = []

$_POST = []

$_FILES = []

$_COOKIE = [
    'VeiGestSession' => 'bn8l9ng1h8n7jhhn6a9jqjcbk0'
    '_csrf' => '8fed747c03d05f0b7f48362f465d471878e1674b9b470a9128d9cb316df38fc8a:2:{i:0;s:5:\"_csrf\";i:1;s:32:\"znOi5RXYet03bRvwnN9Ra5dVz2MG0PAM\";}'
]

$_SESSION = [
    '__flash' => []
    '__id' => 1
    '__authKey' => '7111b40ce0a5e7b6d75484ab7a3f5af1'
]

$_SERVER = [
    'REDIRECT_STATUS' => '200'
    'HTTP_HOST' => 'veigestback.dryadlang.org'
    'HTTP_USER_AGENT' => 'Mozilla/5.0 (Windows NT 10.0; Win64; x64; rv:135.0) Gecko/20100101 Firefox/135.0'
    'HTTP_ACCEPT' => 'image/avif,image/webp,image/png,image/svg+xml,image/*;q=0.8,*/*;q=0.5'
    'HTTP_ACCEPT_ENCODING' => 'gzip, br'
    'HTTP_ACCEPT_LANGUAGE' => 'en-US,en;q=0.5'
    'HTTP_CDN_LOOP' => 'cloudflare; loops=1'
    'HTTP_CF_CONNECTING_IP' => '188.250.95.38'
    'HTTP_CF_IPCOUNTRY' => 'PT'
    'HTTP_CF_RAY' => '9b9afa09cb3df55c-LIS'
    'HTTP_CF_VISITOR' => '{\"scheme\":\"https\"}'
    'HTTP_CF_WARP_TAG_ID' => 'f5bcc1c9-1522-405b-9562-82cfc34acae8'
    'HTTP_CONNECTION' => 'keep-alive'
    'HTTP_COOKIE' => 'VeiGestSession=bn8l9ng1h8n7jhhn6a9jqjcbk0; _csrf=8fed747c03d05f0b7f48362f465d471878e1674b9b470a9128d9cb316df38fc8a%3A2%3A%7Bi%3A0%3Bs%3A5%3A%22_csrf%22%3Bi%3A1%3Bs%3A32%3A%22znOi5RXYet03bRvwnN9Ra5dVz2MG0PAM%22%3B%7D'
    'HTTP_DNT' => '1'
    'HTTP_PRIORITY' => 'u=4, i'
    'HTTP_REFERER' => 'https://veigestback.dryadlang.org/system/settings'
    'HTTP_SEC_FETCH_DEST' => 'image'
    'HTTP_SEC_FETCH_MODE' => 'no-cors'
    'HTTP_SEC_FETCH_SITE' => 'same-origin'
    'HTTP_SEC_GPC' => '1'
    'HTTP_X_FORWARDED_FOR' => '188.250.95.38'
    'HTTP_X_FORWARDED_PROTO' => 'https'
    'PATH' => '/usr/local/sbin:/usr/local/bin:/usr/sbin:/usr/bin:/snap/bin'
    'SERVER_SIGNATURE' => '<address>Apache/2.4.58 (Ubuntu) Server at veigestback.dryadlang.org Port 8002</address>
'
    'SERVER_SOFTWARE' => 'Apache/2.4.58 (Ubuntu)'
    'SERVER_NAME' => 'veigestback.dryadlang.org'
    'SERVER_ADDR' => '127.0.0.1'
    'SERVER_PORT' => '8002'
    'REMOTE_ADDR' => '127.0.0.1'
    'DOCUMENT_ROOT' => '/home/pedro/facul/website-VeiGest/veigest/backend/web'
    'REQUEST_SCHEME' => 'http'
    'CONTEXT_PREFIX' => ''
    'CONTEXT_DOCUMENT_ROOT' => '/home/pedro/facul/website-VeiGest/veigest/backend/web'
    'SERVER_ADMIN' => '[no address given]'
    'SCRIPT_FILENAME' => '/home/pedro/facul/website-VeiGest/veigest/backend/web/index.php'
    'REMOTE_PORT' => '35922'
    'REDIRECT_URL' => '/img/user-placeholder.png'
    'GATEWAY_INTERFACE' => 'CGI/1.1'
    'SERVER_PROTOCOL' => 'HTTP/1.1'
    'REQUEST_METHOD' => 'GET'
    'QUERY_STRING' => ''
    'REQUEST_URI' => '/img/user-placeholder.png'
    'SCRIPT_NAME' => '/index.php'
    'PHP_SELF' => '/index.php'
    'REQUEST_TIME_FLOAT' => 1767700005.4106
    'REQUEST_TIME' => 1767700005
]
2026-01-06 11:47:21 [127.0.0.1][1][bn8l9ng1h8n7jhhn6a9jqjcbk0][error][yii\web\HttpException:404] yii\base\InvalidRouteException: Unable to resolve the request "img/user-placeholder.png". in /home/pedro/facul/website-VeiGest/veigest/vendor/yiisoft/yii2/base/Module.php:564
Stack trace:
#0 /home/pedro/facul/website-VeiGest/veigest/vendor/yiisoft/yii2/web/Application.php(103): yii\base\Module->runAction()
#1 /home/pedro/facul/website-VeiGest/veigest/vendor/yiisoft/yii2/base/Application.php(387): yii\web\Application->handleRequest()
#2 /home/pedro/facul/website-VeiGest/veigest/backend/web/index.php(18): yii\base\Application->run()
#3 {main}

Next yii\web\NotFoundHttpException: Page not found. in /home/pedro/facul/website-VeiGest/veigest/vendor/yiisoft/yii2/web/Application.php:115
Stack trace:
#0 /home/pedro/facul/website-VeiGest/veigest/vendor/yiisoft/yii2/base/Application.php(387): yii\web\Application->handleRequest()
#1 /home/pedro/facul/website-VeiGest/veigest/backend/web/index.php(18): yii\base\Application->run()
#2 {main}
2026-01-06 11:47:21 [127.0.0.1][1][bn8l9ng1h8n7jhhn6a9jqjcbk0][info][application] $_GET = []

$_POST = []

$_FILES = []

$_COOKIE = [
    'VeiGestSession' => 'bn8l9ng1h8n7jhhn6a9jqjcbk0'
    '_csrf' => '8fed747c03d05f0b7f48362f465d471878e1674b9b470a9128d9cb316df38fc8a:2:{i:0;s:5:\"_csrf\";i:1;s:32:\"znOi5RXYet03bRvwnN9Ra5dVz2MG0PAM\";}'
]

$_SESSION = [
    '__flash' => []
    '__id' => 1
    '__authKey' => '7111b40ce0a5e7b6d75484ab7a3f5af1'
]

$_SERVER = [
    'REDIRECT_STATUS' => '200'
    'HTTP_HOST' => 'veigestback.dryadlang.org'
    'HTTP_USER_AGENT' => 'Mozilla/5.0 (Windows NT 10.0; Win64; x64; rv:135.0) Gecko/20100101 Firefox/135.0'
    'HTTP_ACCEPT' => 'image/avif,image/webp,image/png,image/svg+xml,image/*;q=0.8,*/*;q=0.5'
    'HTTP_ACCEPT_ENCODING' => 'gzip'
    'HTTP_ACCEPT_LANGUAGE' => 'en-US,en;q=0.5'
    'HTTP_CDN_LOOP' => 'cloudflare; loops=1'
    'HTTP_CF_CONNECTING_IP' => '188.250.95.38'
    'HTTP_CF_IPCOUNTRY' => 'PT'
    'HTTP_CF_RAY' => '9b9afaea1f8fe3c8-LIS'
    'HTTP_CF_VISITOR' => '{\"scheme\":\"http\"}'
    'HTTP_CF_WARP_TAG_ID' => 'f5bcc1c9-1522-405b-9562-82cfc34acae8'
    'HTTP_CONNECTION' => 'keep-alive'
    'HTTP_COOKIE' => 'VeiGestSession=bn8l9ng1h8n7jhhn6a9jqjcbk0; _csrf=8fed747c03d05f0b7f48362f465d471878e1674b9b470a9128d9cb316df38fc8a%3A2%3A%7Bi%3A0%3Bs%3A5%3A%22_csrf%22%3Bi%3A1%3Bs%3A32%3A%22znOi5RXYet03bRvwnN9Ra5dVz2MG0PAM%22%3B%7D'
    'HTTP_DNT' => '1'
    'HTTP_PRIORITY' => 'u=5, i'
    'HTTP_REFERER' => 'http://veigestback.dryadlang.org/system/settings'
    'HTTP_SEC_GPC' => '1'
    'HTTP_X_FORWARDED_FOR' => '188.250.95.38'
    'HTTP_X_FORWARDED_PROTO' => 'http'
    'PATH' => '/usr/local/sbin:/usr/local/bin:/usr/sbin:/usr/bin:/snap/bin'
    'SERVER_SIGNATURE' => '<address>Apache/2.4.58 (Ubuntu) Server at veigestback.dryadlang.org Port 8002</address>
'
    'SERVER_SOFTWARE' => 'Apache/2.4.58 (Ubuntu)'
    'SERVER_NAME' => 'veigestback.dryadlang.org'
    'SERVER_ADDR' => '127.0.0.1'
    'SERVER_PORT' => '8002'
    'REMOTE_ADDR' => '127.0.0.1'
    'DOCUMENT_ROOT' => '/home/pedro/facul/website-VeiGest/veigest/backend/web'
    'REQUEST_SCHEME' => 'http'
    'CONTEXT_PREFIX' => ''
    'CONTEXT_DOCUMENT_ROOT' => '/home/pedro/facul/website-VeiGest/veigest/backend/web'
    'SERVER_ADMIN' => '[no address given]'
    'SCRIPT_FILENAME' => '/home/pedro/facul/website-VeiGest/veigest/backend/web/index.php'
    'REMOTE_PORT' => '37770'
    'REDIRECT_URL' => '/img/user-placeholder.png'
    'GATEWAY_INTERFACE' => 'CGI/1.1'
    'SERVER_PROTOCOL' => 'HTTP/1.1'
    'REQUEST_METHOD' => 'GET'
    'QUERY_STRING' => ''
    'REQUEST_URI' => '/img/user-placeholder.png'
    'SCRIPT_NAME' => '/index.php'
    'PHP_SELF' => '/index.php'
    'REQUEST_TIME_FLOAT' => 1767700041.3099
    'REQUEST_TIME' => 1767700041
]
2026-01-06 11:47:25 [127.0.0.1][1][bn8l9ng1h8n7jhhn6a9jqjcbk0][error][yii\web\HttpException:404] yii\base\InvalidRouteException: Unable to resolve the request "img/user-placeholder.png". in /home/pedro/facul/website-VeiGest/veigest/vendor/yiisoft/yii2/base/Module.php:564
Stack trace:
#0 /home/pedro/facul/website-VeiGest/veigest/vendor/yiisoft/yii2/web/Application.php(103): yii\base\Module->runAction()
#1 /home/pedro/facul/website-VeiGest/veigest/vendor/yiisoft/yii2/base/Application.php(387): yii\web\Application->handleRequest()
#2 /home/pedro/facul/website-VeiGest/veigest/backend/web/index.php(18): yii\base\Application->run()
#3 {main}

Next yii\web\NotFoundHttpException: Page not found. in /home/pedro/facul/website-VeiGest/veigest/vendor/yiisoft/yii2/web/Application.php:115
Stack trace:
#0 /home/pedro/facul/website-VeiGest/veigest/vendor/yiisoft/yii2/base/Application.php(387): yii\web\Application->handleRequest()
#1 /home/pedro/facul/website-VeiGest/veigest/backend/web/index.php(18): yii\base\Application->run()
#2 {main}
2026-01-06 11:47:25 [127.0.0.1][1][bn8l9ng1h8n7jhhn6a9jqjcbk0][info][application] $_GET = []

$_POST = []

$_FILES = []

$_COOKIE = [
    'VeiGestSession' => 'bn8l9ng1h8n7jhhn6a9jqjcbk0'
    '_csrf' => '8fed747c03d05f0b7f48362f465d471878e1674b9b470a9128d9cb316df38fc8a:2:{i:0;s:5:\"_csrf\";i:1;s:32:\"znOi5RXYet03bRvwnN9Ra5dVz2MG0PAM\";}'
]

$_SESSION = [
    '__flash' => []
    '__id' => 1
    '__authKey' => '7111b40ce0a5e7b6d75484ab7a3f5af1'
]

$_SERVER = [
    'REDIRECT_STATUS' => '200'
    'HTTP_HOST' => 'veigestback.dryadlang.org'
    'HTTP_USER_AGENT' => 'Mozilla/5.0 (Windows NT 10.0; Win64; x64; rv:135.0) Gecko/20100101 Firefox/135.0'
    'HTTP_ACCEPT' => 'image/avif,image/webp,image/png,image/svg+xml,image/*;q=0.8,*/*;q=0.5'
    'HTTP_ACCEPT_ENCODING' => 'gzip'
    'HTTP_ACCEPT_LANGUAGE' => 'en-US,en;q=0.5'
    'HTTP_CDN_LOOP' => 'cloudflare; loops=1'
    'HTTP_CF_CONNECTING_IP' => '188.250.95.38'
    'HTTP_CF_IPCOUNTRY' => 'PT'
    'HTTP_CF_RAY' => '9b9afb01c928df91-LIS'
    'HTTP_CF_VISITOR' => '{\"scheme\":\"http\"}'
    'HTTP_CF_WARP_TAG_ID' => 'f5bcc1c9-1522-405b-9562-82cfc34acae8'
    'HTTP_CONNECTION' => 'keep-alive'
    'HTTP_COOKIE' => 'VeiGestSession=bn8l9ng1h8n7jhhn6a9jqjcbk0; _csrf=8fed747c03d05f0b7f48362f465d471878e1674b9b470a9128d9cb316df38fc8a%3A2%3A%7Bi%3A0%3Bs%3A5%3A%22_csrf%22%3Bi%3A1%3Bs%3A32%3A%22znOi5RXYet03bRvwnN9Ra5dVz2MG0PAM%22%3B%7D'
    'HTTP_DNT' => '1'
    'HTTP_PRIORITY' => 'u=4, i'
    'HTTP_REFERER' => 'http://veigestback.dryadlang.org/company/index'
    'HTTP_SEC_GPC' => '1'
    'HTTP_X_FORWARDED_FOR' => '188.250.95.38'
    'HTTP_X_FORWARDED_PROTO' => 'http'
    'PATH' => '/usr/local/sbin:/usr/local/bin:/usr/sbin:/usr/bin:/snap/bin'
    'SERVER_SIGNATURE' => '<address>Apache/2.4.58 (Ubuntu) Server at veigestback.dryadlang.org Port 8002</address>
'
    'SERVER_SOFTWARE' => 'Apache/2.4.58 (Ubuntu)'
    'SERVER_NAME' => 'veigestback.dryadlang.org'
    'SERVER_ADDR' => '127.0.0.1'
    'SERVER_PORT' => '8002'
    'REMOTE_ADDR' => '127.0.0.1'
    'DOCUMENT_ROOT' => '/home/pedro/facul/website-VeiGest/veigest/backend/web'
    'REQUEST_SCHEME' => 'http'
    'CONTEXT_PREFIX' => ''
    'CONTEXT_DOCUMENT_ROOT' => '/home/pedro/facul/website-VeiGest/veigest/backend/web'
    'SERVER_ADMIN' => '[no address given]'
    'SCRIPT_FILENAME' => '/home/pedro/facul/website-VeiGest/veigest/backend/web/index.php'
    'REMOTE_PORT' => '37770'
    'REDIRECT_URL' => '/img/user-placeholder.png'
    'GATEWAY_INTERFACE' => 'CGI/1.1'
    'SERVER_PROTOCOL' => 'HTTP/1.1'
    'REQUEST_METHOD' => 'GET'
    'QUERY_STRING' => ''
    'REQUEST_URI' => '/img/user-placeholder.png'
    'SCRIPT_NAME' => '/index.php'
    'PHP_SELF' => '/index.php'
    'REQUEST_TIME_FLOAT' => 1767700045.0905
    'REQUEST_TIME' => 1767700045
]
2026-01-06 11:47:27 [127.0.0.1][1][bn8l9ng1h8n7jhhn6a9jqjcbk0][error][yii\web\HttpException:404] yii\base\InvalidRouteException: Unable to resolve the request "img/user-placeholder.png". in /home/pedro/facul/website-VeiGest/veigest/vendor/yiisoft/yii2/base/Module.php:564
Stack trace:
#0 /home/pedro/facul/website-VeiGest/veigest/vendor/yiisoft/yii2/web/Application.php(103): yii\base\Module->runAction()
#1 /home/pedro/facul/website-VeiGest/veigest/vendor/yiisoft/yii2/base/Application.php(387): yii\web\Application->handleRequest()
#2 /home/pedro/facul/website-VeiGest/veigest/backend/web/index.php(18): yii\base\Application->run()
#3 {main}

Next yii\web\NotFoundHttpException: Page not found. in /home/pedro/facul/website-VeiGest/veigest/vendor/yiisoft/yii2/web/Application.php:115
Stack trace:
#0 /home/pedro/facul/website-VeiGest/veigest/vendor/yiisoft/yii2/base/Application.php(387): yii\web\Application->handleRequest()
#1 /home/pedro/facul/website-VeiGest/veigest/backend/web/index.php(18): yii\base\Application->run()
#2 {main}
2026-01-06 11:47:27 [127.0.0.1][1][bn8l9ng1h8n7jhhn6a9jqjcbk0][info][application] $_GET = []

$_POST = []

$_FILES = []

$_COOKIE = [
    'VeiGestSession' => 'bn8l9ng1h8n7jhhn6a9jqjcbk0'
    '_csrf' => '8fed747c03d05f0b7f48362f465d471878e1674b9b470a9128d9cb316df38fc8a:2:{i:0;s:5:\"_csrf\";i:1;s:32:\"znOi5RXYet03bRvwnN9Ra5dVz2MG0PAM\";}'
]

$_SESSION = [
    '__flash' => []
    '__id' => 1
    '__authKey' => '7111b40ce0a5e7b6d75484ab7a3f5af1'
]

$_SERVER = [
    'REDIRECT_STATUS' => '200'
    'HTTP_HOST' => 'veigestback.dryadlang.org'
    'HTTP_USER_AGENT' => 'Mozilla/5.0 (Windows NT 10.0; Win64; x64; rv:135.0) Gecko/20100101 Firefox/135.0'
    'HTTP_ACCEPT' => 'image/avif,image/webp,image/png,image/svg+xml,image/*;q=0.8,*/*;q=0.5'
    'HTTP_ACCEPT_ENCODING' => 'gzip'
    'HTTP_ACCEPT_LANGUAGE' => 'en-US,en;q=0.5'
    'HTTP_CDN_LOOP' => 'cloudflare; loops=1'
    'HTTP_CF_CONNECTING_IP' => '188.250.95.38'
    'HTTP_CF_IPCOUNTRY' => 'PT'
    'HTTP_CF_RAY' => '9b9afb11b88ee3b4-LIS'
    'HTTP_CF_VISITOR' => '{\"scheme\":\"http\"}'
    'HTTP_CF_WARP_TAG_ID' => 'f5bcc1c9-1522-405b-9562-82cfc34acae8'
    'HTTP_CONNECTION' => 'keep-alive'
    'HTTP_COOKIE' => 'VeiGestSession=bn8l9ng1h8n7jhhn6a9jqjcbk0; _csrf=8fed747c03d05f0b7f48362f465d471878e1674b9b470a9128d9cb316df38fc8a%3A2%3A%7Bi%3A0%3Bs%3A5%3A%22_csrf%22%3Bi%3A1%3Bs%3A32%3A%22znOi5RXYet03bRvwnN9Ra5dVz2MG0PAM%22%3B%7D'
    'HTTP_DNT' => '1'
    'HTTP_PRIORITY' => 'u=4, i'
    'HTTP_REFERER' => 'http://veigestback.dryadlang.org/user/index'
    'HTTP_SEC_GPC' => '1'
    'HTTP_X_FORWARDED_FOR' => '188.250.95.38'
    'HTTP_X_FORWARDED_PROTO' => 'http'
    'PATH' => '/usr/local/sbin:/usr/local/bin:/usr/sbin:/usr/bin:/snap/bin'
    'SERVER_SIGNATURE' => '<address>Apache/2.4.58 (Ubuntu) Server at veigestback.dryadlang.org Port 8002</address>
'
    'SERVER_SOFTWARE' => 'Apache/2.4.58 (Ubuntu)'
    'SERVER_NAME' => 'veigestback.dryadlang.org'
    'SERVER_ADDR' => '127.0.0.1'
    'SERVER_PORT' => '8002'
    'REMOTE_ADDR' => '127.0.0.1'
    'DOCUMENT_ROOT' => '/home/pedro/facul/website-VeiGest/veigest/backend/web'
    'REQUEST_SCHEME' => 'http'
    'CONTEXT_PREFIX' => ''
    'CONTEXT_DOCUMENT_ROOT' => '/home/pedro/facul/website-VeiGest/veigest/backend/web'
    'SERVER_ADMIN' => '[no address given]'
    'SCRIPT_FILENAME' => '/home/pedro/facul/website-VeiGest/veigest/backend/web/index.php'
    'REMOTE_PORT' => '37770'
    'REDIRECT_URL' => '/img/user-placeholder.png'
    'GATEWAY_INTERFACE' => 'CGI/1.1'
    'SERVER_PROTOCOL' => 'HTTP/1.1'
    'REQUEST_METHOD' => 'GET'
    'QUERY_STRING' => ''
    'REQUEST_URI' => '/img/user-placeholder.png'
    'SCRIPT_NAME' => '/index.php'
    'PHP_SELF' => '/index.php'
    'REQUEST_TIME_FLOAT' => 1767700047.6464
    'REQUEST_TIME' => 1767700047
]
2026-01-06 11:47:28 [127.0.0.1][1][bn8l9ng1h8n7jhhn6a9jqjcbk0][error][yii\web\HttpException:404] yii\base\InvalidRouteException: Unable to resolve the request "img/user-placeholder.png". in /home/pedro/facul/website-VeiGest/veigest/vendor/yiisoft/yii2/base/Module.php:564
Stack trace:
#0 /home/pedro/facul/website-VeiGest/veigest/vendor/yiisoft/yii2/web/Application.php(103): yii\base\Module->runAction()
#1 /home/pedro/facul/website-VeiGest/veigest/vendor/yiisoft/yii2/base/Application.php(387): yii\web\Application->handleRequest()
#2 /home/pedro/facul/website-VeiGest/veigest/backend/web/index.php(18): yii\base\Application->run()
#3 {main}

Next yii\web\NotFoundHttpException: Page not found. in /home/pedro/facul/website-VeiGest/veigest/vendor/yiisoft/yii2/web/Application.php:115
Stack trace:
#0 /home/pedro/facul/website-VeiGest/veigest/vendor/yiisoft/yii2/base/Application.php(387): yii\web\Application->handleRequest()
#1 /home/pedro/facul/website-VeiGest/veigest/backend/web/index.php(18): yii\base\Application->run()
#2 {main}
2026-01-06 11:47:28 [127.0.0.1][1][bn8l9ng1h8n7jhhn6a9jqjcbk0][info][application] $_GET = []

$_POST = []

$_FILES = []

$_COOKIE = [
    'VeiGestSession' => 'bn8l9ng1h8n7jhhn6a9jqjcbk0'
    '_csrf' => '8fed747c03d05f0b7f48362f465d471878e1674b9b470a9128d9cb316df38fc8a:2:{i:0;s:5:\"_csrf\";i:1;s:32:\"znOi5RXYet03bRvwnN9Ra5dVz2MG0PAM\";}'
]

$_SESSION = [
    '__flash' => []
    '__id' => 1
    '__authKey' => '7111b40ce0a5e7b6d75484ab7a3f5af1'
]

$_SERVER = [
    'REDIRECT_STATUS' => '200'
    'HTTP_HOST' => 'veigestback.dryadlang.org'
    'HTTP_USER_AGENT' => 'Mozilla/5.0 (Windows NT 10.0; Win64; x64; rv:135.0) Gecko/20100101 Firefox/135.0'
    'HTTP_ACCEPT' => 'image/avif,image/webp,image/png,image/svg+xml,image/*;q=0.8,*/*;q=0.5'
    'HTTP_ACCEPT_ENCODING' => 'gzip'
    'HTTP_ACCEPT_LANGUAGE' => 'en-US,en;q=0.5'
    'HTTP_CDN_LOOP' => 'cloudflare; loops=1'
    'HTTP_CF_CONNECTING_IP' => '188.250.95.38'
    'HTTP_CF_IPCOUNTRY' => 'PT'
    'HTTP_CF_RAY' => '9b9afb14aa79cc1e-LIS'
    'HTTP_CF_VISITOR' => '{\"scheme\":\"http\"}'
    'HTTP_CF_WARP_TAG_ID' => 'f5bcc1c9-1522-405b-9562-82cfc34acae8'
    'HTTP_CONNECTION' => 'keep-alive'
    'HTTP_COOKIE' => 'VeiGestSession=bn8l9ng1h8n7jhhn6a9jqjcbk0; _csrf=8fed747c03d05f0b7f48362f465d471878e1674b9b470a9128d9cb316df38fc8a%3A2%3A%7Bi%3A0%3Bs%3A5%3A%22_csrf%22%3Bi%3A1%3Bs%3A32%3A%22znOi5RXYet03bRvwnN9Ra5dVz2MG0PAM%22%3B%7D'
    'HTTP_DNT' => '1'
    'HTTP_PRIORITY' => 'u=4, i'
    'HTTP_REFERER' => 'http://veigestback.dryadlang.org/company/index'
    'HTTP_SEC_GPC' => '1'
    'HTTP_X_FORWARDED_FOR' => '188.250.95.38'
    'HTTP_X_FORWARDED_PROTO' => 'http'
    'PATH' => '/usr/local/sbin:/usr/local/bin:/usr/sbin:/usr/bin:/snap/bin'
    'SERVER_SIGNATURE' => '<address>Apache/2.4.58 (Ubuntu) Server at veigestback.dryadlang.org Port 8002</address>
'
    'SERVER_SOFTWARE' => 'Apache/2.4.58 (Ubuntu)'
    'SERVER_NAME' => 'veigestback.dryadlang.org'
    'SERVER_ADDR' => '127.0.0.1'
    'SERVER_PORT' => '8002'
    'REMOTE_ADDR' => '127.0.0.1'
    'DOCUMENT_ROOT' => '/home/pedro/facul/website-VeiGest/veigest/backend/web'
    'REQUEST_SCHEME' => 'http'
    'CONTEXT_PREFIX' => ''
    'CONTEXT_DOCUMENT_ROOT' => '/home/pedro/facul/website-VeiGest/veigest/backend/web'
    'SERVER_ADMIN' => '[no address given]'
    'SCRIPT_FILENAME' => '/home/pedro/facul/website-VeiGest/veigest/backend/web/index.php'
    'REMOTE_PORT' => '37770'
    'REDIRECT_URL' => '/img/user-placeholder.png'
    'GATEWAY_INTERFACE' => 'CGI/1.1'
    'SERVER_PROTOCOL' => 'HTTP/1.1'
    'REQUEST_METHOD' => 'GET'
    'QUERY_STRING' => ''
    'REQUEST_URI' => '/img/user-placeholder.png'
    'SCRIPT_NAME' => '/index.php'
    'PHP_SELF' => '/index.php'
    'REQUEST_TIME_FLOAT' => 1767700048.1207
    'REQUEST_TIME' => 1767700048
]
2026-01-06 11:47:29 [127.0.0.1][1][bn8l9ng1h8n7jhhn6a9jqjcbk0][error][yii\web\HttpException:404] yii\base\InvalidRouteException: Unable to resolve the request "img/user-placeholder.png". in /home/pedro/facul/website-VeiGest/veigest/vendor/yiisoft/yii2/base/Module.php:564
Stack trace:
#0 /home/pedro/facul/website-VeiGest/veigest/vendor/yiisoft/yii2/web/Application.php(103): yii\base\Module->runAction()
#1 /home/pedro/facul/website-VeiGest/veigest/vendor/yiisoft/yii2/base/Application.php(387): yii\web\Application->handleRequest()
#2 /home/pedro/facul/website-VeiGest/veigest/backend/web/index.php(18): yii\base\Application->run()
#3 {main}

Next yii\web\NotFoundHttpException: Page not found. in /home/pedro/facul/website-VeiGest/veigest/vendor/yiisoft/yii2/web/Application.php:115
Stack trace:
#0 /home/pedro/facul/website-VeiGest/veigest/vendor/yiisoft/yii2/base/Application.php(387): yii\web\Application->handleRequest()
#1 /home/pedro/facul/website-VeiGest/veigest/backend/web/index.php(18): yii\base\Application->run()
#2 {main}
2026-01-06 11:47:29 [127.0.0.1][1][bn8l9ng1h8n7jhhn6a9jqjcbk0][info][application] $_GET = []

$_POST = []

$_FILES = []

$_COOKIE = [
    'VeiGestSession' => 'bn8l9ng1h8n7jhhn6a9jqjcbk0'
    '_csrf' => '8fed747c03d05f0b7f48362f465d471878e1674b9b470a9128d9cb316df38fc8a:2:{i:0;s:5:\"_csrf\";i:1;s:32:\"znOi5RXYet03bRvwnN9Ra5dVz2MG0PAM\";}'
]

$_SESSION = [
    '__flash' => []
    '__id' => 1
    '__authKey' => '7111b40ce0a5e7b6d75484ab7a3f5af1'
]

$_SERVER = [
    'REDIRECT_STATUS' => '200'
    'HTTP_HOST' => 'veigestback.dryadlang.org'
    'HTTP_USER_AGENT' => 'Mozilla/5.0 (Windows NT 10.0; Win64; x64; rv:135.0) Gecko/20100101 Firefox/135.0'
    'HTTP_ACCEPT' => 'image/avif,image/webp,image/png,image/svg+xml,image/*;q=0.8,*/*;q=0.5'
    'HTTP_ACCEPT_ENCODING' => 'gzip'
    'HTTP_ACCEPT_LANGUAGE' => 'en-US,en;q=0.5'
    'HTTP_CDN_LOOP' => 'cloudflare; loops=1'
    'HTTP_CF_CONNECTING_IP' => '188.250.95.38'
    'HTTP_CF_IPCOUNTRY' => 'PT'
    'HTTP_CF_RAY' => '9b9afb1b9f90c127-MAD'
    'HTTP_CF_VISITOR' => '{\"scheme\":\"http\"}'
    'HTTP_CF_WARP_TAG_ID' => 'f5bcc1c9-1522-405b-9562-82cfc34acae8'
    'HTTP_CONNECTION' => 'keep-alive'
    'HTTP_COOKIE' => 'VeiGestSession=bn8l9ng1h8n7jhhn6a9jqjcbk0; _csrf=8fed747c03d05f0b7f48362f465d471878e1674b9b470a9128d9cb316df38fc8a%3A2%3A%7Bi%3A0%3Bs%3A5%3A%22_csrf%22%3Bi%3A1%3Bs%3A32%3A%22znOi5RXYet03bRvwnN9Ra5dVz2MG0PAM%22%3B%7D'
    'HTTP_DNT' => '1'
    'HTTP_PRIORITY' => 'u=4, i'
    'HTTP_REFERER' => 'http://veigestback.dryadlang.org/site/index'
    'HTTP_SEC_GPC' => '1'
    'HTTP_X_FORWARDED_FOR' => '188.250.95.38'
    'HTTP_X_FORWARDED_PROTO' => 'http'
    'PATH' => '/usr/local/sbin:/usr/local/bin:/usr/sbin:/usr/bin:/snap/bin'
    'SERVER_SIGNATURE' => '<address>Apache/2.4.58 (Ubuntu) Server at veigestback.dryadlang.org Port 8002</address>
'
    'SERVER_SOFTWARE' => 'Apache/2.4.58 (Ubuntu)'
    'SERVER_NAME' => 'veigestback.dryadlang.org'
    'SERVER_ADDR' => '127.0.0.1'
    'SERVER_PORT' => '8002'
    'REMOTE_ADDR' => '127.0.0.1'
    'DOCUMENT_ROOT' => '/home/pedro/facul/website-VeiGest/veigest/backend/web'
    'REQUEST_SCHEME' => 'http'
    'CONTEXT_PREFIX' => ''
    'CONTEXT_DOCUMENT_ROOT' => '/home/pedro/facul/website-VeiGest/veigest/backend/web'
    'SERVER_ADMIN' => '[no address given]'
    'SCRIPT_FILENAME' => '/home/pedro/facul/website-VeiGest/veigest/backend/web/index.php'
    'REMOTE_PORT' => '37770'
    'REDIRECT_URL' => '/img/user-placeholder.png'
    'GATEWAY_INTERFACE' => 'CGI/1.1'
    'SERVER_PROTOCOL' => 'HTTP/1.1'
    'REQUEST_METHOD' => 'GET'
    'QUERY_STRING' => ''
    'REQUEST_URI' => '/img/user-placeholder.png'
    'SCRIPT_NAME' => '/index.php'
    'PHP_SELF' => '/index.php'
    'REQUEST_TIME_FLOAT' => 1767700049.2347
    'REQUEST_TIME' => 1767700049
]
2026-01-06 11:47:35 [127.0.0.1][1][bn8l9ng1h8n7jhhn6a9jqjcbk0][error][yii\web\HttpException:404] yii\base\InvalidRouteException: Unable to resolve the request "img/user-placeholder.png". in /home/pedro/facul/website-VeiGest/veigest/vendor/yiisoft/yii2/base/Module.php:564
Stack trace:
#0 /home/pedro/facul/website-VeiGest/veigest/vendor/yiisoft/yii2/web/Application.php(103): yii\base\Module->runAction()
#1 /home/pedro/facul/website-VeiGest/veigest/vendor/yiisoft/yii2/base/Application.php(387): yii\web\Application->handleRequest()
#2 /home/pedro/facul/website-VeiGest/veigest/backend/web/index.php(18): yii\base\Application->run()
#3 {main}

Next yii\web\NotFoundHttpException: Page not found. in /home/pedro/facul/website-VeiGest/veigest/vendor/yiisoft/yii2/web/Application.php:115
Stack trace:
#0 /home/pedro/facul/website-VeiGest/veigest/vendor/yiisoft/yii2/base/Application.php(387): yii\web\Application->handleRequest()
#1 /home/pedro/facul/website-VeiGest/veigest/backend/web/index.php(18): yii\base\Application->run()
#2 {main}
2026-01-06 11:47:35 [127.0.0.1][1][bn8l9ng1h8n7jhhn6a9jqjcbk0][info][application] $_GET = []

$_POST = []

$_FILES = []

$_COOKIE = [
    'VeiGestSession' => 'bn8l9ng1h8n7jhhn6a9jqjcbk0'
    '_csrf' => '8fed747c03d05f0b7f48362f465d471878e1674b9b470a9128d9cb316df38fc8a:2:{i:0;s:5:\"_csrf\";i:1;s:32:\"znOi5RXYet03bRvwnN9Ra5dVz2MG0PAM\";}'
]

$_SESSION = [
    '__flash' => []
    '__id' => 1
    '__authKey' => '7111b40ce0a5e7b6d75484ab7a3f5af1'
]

$_SERVER = [
    'REDIRECT_STATUS' => '200'
    'HTTP_HOST' => 'veigestback.dryadlang.org'
    'HTTP_USER_AGENT' => 'Mozilla/5.0 (Windows NT 10.0; Win64; x64; rv:135.0) Gecko/20100101 Firefox/135.0'
    'HTTP_ACCEPT' => 'image/avif,image/webp,image/png,image/svg+xml,image/*;q=0.8,*/*;q=0.5'
    'HTTP_ACCEPT_ENCODING' => 'gzip'
    'HTTP_ACCEPT_LANGUAGE' => 'en-US,en;q=0.5'
    'HTTP_CDN_LOOP' => 'cloudflare; loops=1'
    'HTTP_CF_CONNECTING_IP' => '188.250.95.38'
    'HTTP_CF_IPCOUNTRY' => 'PT'
    'HTTP_CF_RAY' => '9b9afb407b28c127-MAD'
    'HTTP_CF_VISITOR' => '{\"scheme\":\"http\"}'
    'HTTP_CF_WARP_TAG_ID' => 'f5bcc1c9-1522-405b-9562-82cfc34acae8'
    'HTTP_CONNECTION' => 'keep-alive'
    'HTTP_COOKIE' => 'VeiGestSession=bn8l9ng1h8n7jhhn6a9jqjcbk0; _csrf=8fed747c03d05f0b7f48362f465d471878e1674b9b470a9128d9cb316df38fc8a%3A2%3A%7Bi%3A0%3Bs%3A5%3A%22_csrf%22%3Bi%3A1%3Bs%3A32%3A%22znOi5RXYet03bRvwnN9Ra5dVz2MG0PAM%22%3B%7D'
    'HTTP_DNT' => '1'
    'HTTP_PRIORITY' => 'u=4, i'
    'HTTP_REFERER' => 'http://veigestback.dryadlang.org/system/settings'
    'HTTP_SEC_GPC' => '1'
    'HTTP_X_FORWARDED_FOR' => '188.250.95.38'
    'HTTP_X_FORWARDED_PROTO' => 'http'
    'PATH' => '/usr/local/sbin:/usr/local/bin:/usr/sbin:/usr/bin:/snap/bin'
    'SERVER_SIGNATURE' => '<address>Apache/2.4.58 (Ubuntu) Server at veigestback.dryadlang.org Port 8002</address>
'
    'SERVER_SOFTWARE' => 'Apache/2.4.58 (Ubuntu)'
    'SERVER_NAME' => 'veigestback.dryadlang.org'
    'SERVER_ADDR' => '127.0.0.1'
    'SERVER_PORT' => '8002'
    'REMOTE_ADDR' => '127.0.0.1'
    'DOCUMENT_ROOT' => '/home/pedro/facul/website-VeiGest/veigest/backend/web'
    'REQUEST_SCHEME' => 'http'
    'CONTEXT_PREFIX' => ''
    'CONTEXT_DOCUMENT_ROOT' => '/home/pedro/facul/website-VeiGest/veigest/backend/web'
    'SERVER_ADMIN' => '[no address given]'
    'SCRIPT_FILENAME' => '/home/pedro/facul/website-VeiGest/veigest/backend/web/index.php'
    'REMOTE_PORT' => '46636'
    'REDIRECT_URL' => '/img/user-placeholder.png'
    'GATEWAY_INTERFACE' => 'CGI/1.1'
    'SERVER_PROTOCOL' => 'HTTP/1.1'
    'REQUEST_METHOD' => 'GET'
    'QUERY_STRING' => ''
    'REQUEST_URI' => '/img/user-placeholder.png'
    'SCRIPT_NAME' => '/index.php'
    'PHP_SELF' => '/index.php'
    'REQUEST_TIME_FLOAT' => 1767700055.1332
    'REQUEST_TIME' => 1767700055
]
2026-01-06 11:47:36 [127.0.0.1][1][bn8l9ng1h8n7jhhn6a9jqjcbk0][error][yii\web\HttpException:404] yii\base\InvalidRouteException: Unable to resolve the request "img/user-placeholder.png". in /home/pedro/facul/website-VeiGest/veigest/vendor/yiisoft/yii2/base/Module.php:564
Stack trace:
#0 /home/pedro/facul/website-VeiGest/veigest/vendor/yiisoft/yii2/web/Application.php(103): yii\base\Module->runAction()
#1 /home/pedro/facul/website-VeiGest/veigest/vendor/yiisoft/yii2/base/Application.php(387): yii\web\Application->handleRequest()
#2 /home/pedro/facul/website-VeiGest/veigest/backend/web/index.php(18): yii\base\Application->run()
#3 {main}

Next yii\web\NotFoundHttpException: Page not found. in /home/pedro/facul/website-VeiGest/veigest/vendor/yiisoft/yii2/web/Application.php:115
Stack trace:
#0 /home/pedro/facul/website-VeiGest/veigest/vendor/yiisoft/yii2/base/Application.php(387): yii\web\Application->handleRequest()
#1 /home/pedro/facul/website-VeiGest/veigest/backend/web/index.php(18): yii\base\Application->run()
#2 {main}
2026-01-06 11:47:36 [127.0.0.1][1][bn8l9ng1h8n7jhhn6a9jqjcbk0][info][application] $_GET = []

$_POST = []

$_FILES = []

$_COOKIE = [
    'VeiGestSession' => 'bn8l9ng1h8n7jhhn6a9jqjcbk0'
    '_csrf' => '8fed747c03d05f0b7f48362f465d471878e1674b9b470a9128d9cb316df38fc8a:2:{i:0;s:5:\"_csrf\";i:1;s:32:\"znOi5RXYet03bRvwnN9Ra5dVz2MG0PAM\";}'
]

$_SESSION = [
    '__flash' => []
    '__id' => 1
    '__authKey' => '7111b40ce0a5e7b6d75484ab7a3f5af1'
]

$_SERVER = [
    'REDIRECT_STATUS' => '200'
    'HTTP_HOST' => 'veigestback.dryadlang.org'
    'HTTP_USER_AGENT' => 'Mozilla/5.0 (Windows NT 10.0; Win64; x64; rv:135.0) Gecko/20100101 Firefox/135.0'
    'HTTP_ACCEPT' => 'image/avif,image/webp,image/png,image/svg+xml,image/*;q=0.8,*/*;q=0.5'
    'HTTP_ACCEPT_ENCODING' => 'gzip'
    'HTTP_ACCEPT_LANGUAGE' => 'en-US,en;q=0.5'
    'HTTP_CDN_LOOP' => 'cloudflare; loops=1'
    'HTTP_CF_CONNECTING_IP' => '188.250.95.38'
    'HTTP_CF_IPCOUNTRY' => 'PT'
    'HTTP_CF_RAY' => '9b9afb463b044813-LIS'
    'HTTP_CF_VISITOR' => '{\"scheme\":\"http\"}'
    'HTTP_CF_WARP_TAG_ID' => 'f5bcc1c9-1522-405b-9562-82cfc34acae8'
    'HTTP_CONNECTION' => 'keep-alive'
    'HTTP_COOKIE' => 'VeiGestSession=bn8l9ng1h8n7jhhn6a9jqjcbk0; _csrf=8fed747c03d05f0b7f48362f465d471878e1674b9b470a9128d9cb316df38fc8a%3A2%3A%7Bi%3A0%3Bs%3A5%3A%22_csrf%22%3Bi%3A1%3Bs%3A32%3A%22znOi5RXYet03bRvwnN9Ra5dVz2MG0PAM%22%3B%7D'
    'HTTP_DNT' => '1'
    'HTTP_PRIORITY' => 'u=4, i'
    'HTTP_REFERER' => 'http://veigestback.dryadlang.org/company/index'
    'HTTP_SEC_GPC' => '1'
    'HTTP_X_FORWARDED_FOR' => '188.250.95.38'
    'HTTP_X_FORWARDED_PROTO' => 'http'
    'PATH' => '/usr/local/sbin:/usr/local/bin:/usr/sbin:/usr/bin:/snap/bin'
    'SERVER_SIGNATURE' => '<address>Apache/2.4.58 (Ubuntu) Server at veigestback.dryadlang.org Port 8002</address>
'
    'SERVER_SOFTWARE' => 'Apache/2.4.58 (Ubuntu)'
    'SERVER_NAME' => 'veigestback.dryadlang.org'
    'SERVER_ADDR' => '127.0.0.1'
    'SERVER_PORT' => '8002'
    'REMOTE_ADDR' => '127.0.0.1'
    'DOCUMENT_ROOT' => '/home/pedro/facul/website-VeiGest/veigest/backend/web'
    'REQUEST_SCHEME' => 'http'
    'CONTEXT_PREFIX' => ''
    'CONTEXT_DOCUMENT_ROOT' => '/home/pedro/facul/website-VeiGest/veigest/backend/web'
    'SERVER_ADMIN' => '[no address given]'
    'SCRIPT_FILENAME' => '/home/pedro/facul/website-VeiGest/veigest/backend/web/index.php'
    'REMOTE_PORT' => '46646'
    'REDIRECT_URL' => '/img/user-placeholder.png'
    'GATEWAY_INTERFACE' => 'CGI/1.1'
    'SERVER_PROTOCOL' => 'HTTP/1.1'
    'REQUEST_METHOD' => 'GET'
    'QUERY_STRING' => ''
    'REQUEST_URI' => '/img/user-placeholder.png'
    'SCRIPT_NAME' => '/index.php'
    'PHP_SELF' => '/index.php'
    'REQUEST_TIME_FLOAT' => 1767700056.0438
    'REQUEST_TIME' => 1767700056
]
2026-01-06 11:47:37 [127.0.0.1][1][bn8l9ng1h8n7jhhn6a9jqjcbk0][error][yii\web\HttpException:404] yii\base\InvalidRouteException: Unable to resolve the request "img/user-placeholder.png". in /home/pedro/facul/website-VeiGest/veigest/vendor/yiisoft/yii2/base/Module.php:564
Stack trace:
#0 /home/pedro/facul/website-VeiGest/veigest/vendor/yiisoft/yii2/web/Application.php(103): yii\base\Module->runAction()
#1 /home/pedro/facul/website-VeiGest/veigest/vendor/yiisoft/yii2/base/Application.php(387): yii\web\Application->handleRequest()
#2 /home/pedro/facul/website-VeiGest/veigest/backend/web/index.php(18): yii\base\Application->run()
#3 {main}

Next yii\web\NotFoundHttpException: Page not found. in /home/pedro/facul/website-VeiGest/veigest/vendor/yiisoft/yii2/web/Application.php:115
Stack trace:
#0 /home/pedro/facul/website-VeiGest/veigest/vendor/yiisoft/yii2/base/Application.php(387): yii\web\Application->handleRequest()
#1 /home/pedro/facul/website-VeiGest/veigest/backend/web/index.php(18): yii\base\Application->run()
#2 {main}
2026-01-06 11:47:37 [127.0.0.1][1][bn8l9ng1h8n7jhhn6a9jqjcbk0][info][application] $_GET = []

$_POST = []

$_FILES = []

$_COOKIE = [
    'VeiGestSession' => 'bn8l9ng1h8n7jhhn6a9jqjcbk0'
    '_csrf' => '8fed747c03d05f0b7f48362f465d471878e1674b9b470a9128d9cb316df38fc8a:2:{i:0;s:5:\"_csrf\";i:1;s:32:\"znOi5RXYet03bRvwnN9Ra5dVz2MG0PAM\";}'
]

$_SESSION = [
    '__flash' => []
    '__id' => 1
    '__authKey' => '7111b40ce0a5e7b6d75484ab7a3f5af1'
]

$_SERVER = [
    'REDIRECT_STATUS' => '200'
    'HTTP_HOST' => 'veigestback.dryadlang.org'
    'HTTP_USER_AGENT' => 'Mozilla/5.0 (Windows NT 10.0; Win64; x64; rv:135.0) Gecko/20100101 Firefox/135.0'
    'HTTP_ACCEPT' => 'image/avif,image/webp,image/png,image/svg+xml,image/*;q=0.8,*/*;q=0.5'
    'HTTP_ACCEPT_ENCODING' => 'gzip'
    'HTTP_ACCEPT_LANGUAGE' => 'en-US,en;q=0.5'
    'HTTP_CDN_LOOP' => 'cloudflare; loops=1'
    'HTTP_CF_CONNECTING_IP' => '188.250.95.38'
    'HTTP_CF_IPCOUNTRY' => 'PT'
    'HTTP_CF_RAY' => '9b9afb4d9de06924-LIS'
    'HTTP_CF_VISITOR' => '{\"scheme\":\"http\"}'
    'HTTP_CF_WARP_TAG_ID' => 'f5bcc1c9-1522-405b-9562-82cfc34acae8'
    'HTTP_CONNECTION' => 'keep-alive'
    'HTTP_COOKIE' => 'VeiGestSession=bn8l9ng1h8n7jhhn6a9jqjcbk0; _csrf=8fed747c03d05f0b7f48362f465d471878e1674b9b470a9128d9cb316df38fc8a%3A2%3A%7Bi%3A0%3Bs%3A5%3A%22_csrf%22%3Bi%3A1%3Bs%3A32%3A%22znOi5RXYet03bRvwnN9Ra5dVz2MG0PAM%22%3B%7D'
    'HTTP_DNT' => '1'
    'HTTP_PRIORITY' => 'u=4, i'
    'HTTP_REFERER' => 'http://veigestback.dryadlang.org/system/settings'
    'HTTP_SEC_GPC' => '1'
    'HTTP_X_FORWARDED_FOR' => '188.250.95.38'
    'HTTP_X_FORWARDED_PROTO' => 'http'
    'PATH' => '/usr/local/sbin:/usr/local/bin:/usr/sbin:/usr/bin:/snap/bin'
    'SERVER_SIGNATURE' => '<address>Apache/2.4.58 (Ubuntu) Server at veigestback.dryadlang.org Port 8002</address>
'
    'SERVER_SOFTWARE' => 'Apache/2.4.58 (Ubuntu)'
    'SERVER_NAME' => 'veigestback.dryadlang.org'
    'SERVER_ADDR' => '127.0.0.1'
    'SERVER_PORT' => '8002'
    'REMOTE_ADDR' => '127.0.0.1'
    'DOCUMENT_ROOT' => '/home/pedro/facul/website-VeiGest/veigest/backend/web'
    'REQUEST_SCHEME' => 'http'
    'CONTEXT_PREFIX' => ''
    'CONTEXT_DOCUMENT_ROOT' => '/home/pedro/facul/website-VeiGest/veigest/backend/web'
    'SERVER_ADMIN' => '[no address given]'
    'SCRIPT_FILENAME' => '/home/pedro/facul/website-VeiGest/veigest/backend/web/index.php'
    'REMOTE_PORT' => '46646'
    'REDIRECT_URL' => '/img/user-placeholder.png'
    'GATEWAY_INTERFACE' => 'CGI/1.1'
    'SERVER_PROTOCOL' => 'HTTP/1.1'
    'REQUEST_METHOD' => 'GET'
    'QUERY_STRING' => ''
    'REQUEST_URI' => '/img/user-placeholder.png'
    'SCRIPT_NAME' => '/index.php'
    'PHP_SELF' => '/index.php'
    'REQUEST_TIME_FLOAT' => 1767700057.2294
    'REQUEST_TIME' => 1767700057
]
2026-01-06 11:48:28 [127.0.0.1][1][bn8l9ng1h8n7jhhn6a9jqjcbk0][error][yii\web\HttpException:404] yii\base\InvalidRouteException: Unable to resolve the request "img/user-placeholder.png". in /home/pedro/facul/website-VeiGest/veigest/vendor/yiisoft/yii2/base/Module.php:564
Stack trace:
#0 /home/pedro/facul/website-VeiGest/veigest/vendor/yiisoft/yii2/web/Application.php(103): yii\base\Module->runAction()
#1 /home/pedro/facul/website-VeiGest/veigest/vendor/yiisoft/yii2/base/Application.php(387): yii\web\Application->handleRequest()
#2 /home/pedro/facul/website-VeiGest/veigest/backend/web/index.php(18): yii\base\Application->run()
#3 {main}

Next yii\web\NotFoundHttpException: Page not found. in /home/pedro/facul/website-VeiGest/veigest/vendor/yiisoft/yii2/web/Application.php:115
Stack trace:
#0 /home/pedro/facul/website-VeiGest/veigest/vendor/yiisoft/yii2/base/Application.php(387): yii\web\Application->handleRequest()
#1 /home/pedro/facul/website-VeiGest/veigest/backend/web/index.php(18): yii\base\Application->run()
#2 {main}
2026-01-06 11:48:28 [127.0.0.1][1][bn8l9ng1h8n7jhhn6a9jqjcbk0][info][application] $_GET = []

$_POST = []

$_FILES = []

$_COOKIE = [
    'VeiGestSession' => 'bn8l9ng1h8n7jhhn6a9jqjcbk0'
    '_csrf' => '8fed747c03d05f0b7f48362f465d471878e1674b9b470a9128d9cb316df38fc8a:2:{i:0;s:5:\"_csrf\";i:1;s:32:\"znOi5RXYet03bRvwnN9Ra5dVz2MG0PAM\";}'
]

$_SESSION = [
    '__flash' => []
    '__id' => 1
    '__authKey' => '7111b40ce0a5e7b6d75484ab7a3f5af1'
]

$_SERVER = [
    'REDIRECT_STATUS' => '200'
    'HTTP_HOST' => 'veigestback.dryadlang.org'
    'HTTP_USER_AGENT' => 'Mozilla/5.0 (Windows NT 10.0; Win64; x64; rv:135.0) Gecko/20100101 Firefox/135.0'
    'HTTP_ACCEPT' => 'image/avif,image/webp,image/png,image/svg+xml,image/*;q=0.8,*/*;q=0.5'
    'HTTP_ACCEPT_ENCODING' => 'gzip'
    'HTTP_ACCEPT_LANGUAGE' => 'en-US,en;q=0.5'
    'HTTP_CDN_LOOP' => 'cloudflare; loops=1'
    'HTTP_CF_CONNECTING_IP' => '188.250.95.38'
    'HTTP_CF_IPCOUNTRY' => 'PT'
    'HTTP_CF_RAY' => '9b9afc8daeaa7db8-MAD'
    'HTTP_CF_VISITOR' => '{\"scheme\":\"http\"}'
    'HTTP_CF_WARP_TAG_ID' => 'f5bcc1c9-1522-405b-9562-82cfc34acae8'
    'HTTP_CONNECTION' => 'keep-alive'
    'HTTP_COOKIE' => 'VeiGestSession=bn8l9ng1h8n7jhhn6a9jqjcbk0; _csrf=8fed747c03d05f0b7f48362f465d471878e1674b9b470a9128d9cb316df38fc8a%3A2%3A%7Bi%3A0%3Bs%3A5%3A%22_csrf%22%3Bi%3A1%3Bs%3A32%3A%22znOi5RXYet03bRvwnN9Ra5dVz2MG0PAM%22%3B%7D'
    'HTTP_DNT' => '1'
    'HTTP_PRIORITY' => 'u=4, i'
    'HTTP_REFERER' => 'http://veigestback.dryadlang.org/company/index'
    'HTTP_SEC_GPC' => '1'
    'HTTP_X_FORWARDED_FOR' => '188.250.95.38'
    'HTTP_X_FORWARDED_PROTO' => 'http'
    'PATH' => '/usr/local/sbin:/usr/local/bin:/usr/sbin:/usr/bin:/snap/bin'
    'SERVER_SIGNATURE' => '<address>Apache/2.4.58 (Ubuntu) Server at veigestback.dryadlang.org Port 8002</address>
'
    'SERVER_SOFTWARE' => 'Apache/2.4.58 (Ubuntu)'
    'SERVER_NAME' => 'veigestback.dryadlang.org'
    'SERVER_ADDR' => '127.0.0.1'
    'SERVER_PORT' => '8002'
    'REMOTE_ADDR' => '127.0.0.1'
    'DOCUMENT_ROOT' => '/home/pedro/facul/website-VeiGest/veigest/backend/web'
    'REQUEST_SCHEME' => 'http'
    'CONTEXT_PREFIX' => ''
    'CONTEXT_DOCUMENT_ROOT' => '/home/pedro/facul/website-VeiGest/veigest/backend/web'
    'SERVER_ADMIN' => '[no address given]'
    'SCRIPT_FILENAME' => '/home/pedro/facul/website-VeiGest/veigest/backend/web/index.php'
    'REMOTE_PORT' => '52862'
    'REDIRECT_URL' => '/img/user-placeholder.png'
    'GATEWAY_INTERFACE' => 'CGI/1.1'
    'SERVER_PROTOCOL' => 'HTTP/1.1'
    'REQUEST_METHOD' => 'GET'
    'QUERY_STRING' => ''
    'REQUEST_URI' => '/img/user-placeholder.png'
    'SCRIPT_NAME' => '/index.php'
    'PHP_SELF' => '/index.php'
    'REQUEST_TIME_FLOAT' => 1767700108.4463
    'REQUEST_TIME' => 1767700108
]
2026-01-06 11:48:31 [127.0.0.1][1][bn8l9ng1h8n7jhhn6a9jqjcbk0][error][yii\web\HttpException:404] yii\base\InvalidRouteException: Unable to resolve the request "img/user-placeholder.png". in /home/pedro/facul/website-VeiGest/veigest/vendor/yiisoft/yii2/base/Module.php:564
Stack trace:
#0 /home/pedro/facul/website-VeiGest/veigest/vendor/yiisoft/yii2/web/Application.php(103): yii\base\Module->runAction()
#1 /home/pedro/facul/website-VeiGest/veigest/vendor/yiisoft/yii2/base/Application.php(387): yii\web\Application->handleRequest()
#2 /home/pedro/facul/website-VeiGest/veigest/backend/web/index.php(18): yii\base\Application->run()
#3 {main}

Next yii\web\NotFoundHttpException: Page not found. in /home/pedro/facul/website-VeiGest/veigest/vendor/yiisoft/yii2/web/Application.php:115
Stack trace:
#0 /home/pedro/facul/website-VeiGest/veigest/vendor/yiisoft/yii2/base/Application.php(387): yii\web\Application->handleRequest()
#1 /home/pedro/facul/website-VeiGest/veigest/backend/web/index.php(18): yii\base\Application->run()
#2 {main}
2026-01-06 11:48:31 [127.0.0.1][1][bn8l9ng1h8n7jhhn6a9jqjcbk0][info][application] $_GET = []

$_POST = []

$_FILES = []

$_COOKIE = [
    'VeiGestSession' => 'bn8l9ng1h8n7jhhn6a9jqjcbk0'
    '_csrf' => '8fed747c03d05f0b7f48362f465d471878e1674b9b470a9128d9cb316df38fc8a:2:{i:0;s:5:\"_csrf\";i:1;s:32:\"znOi5RXYet03bRvwnN9Ra5dVz2MG0PAM\";}'
]

$_SESSION = [
    '__flash' => []
    '__id' => 1
    '__authKey' => '7111b40ce0a5e7b6d75484ab7a3f5af1'
]

$_SERVER = [
    'REDIRECT_STATUS' => '200'
    'HTTP_HOST' => 'veigestback.dryadlang.org'
    'HTTP_USER_AGENT' => 'Mozilla/5.0 (Windows NT 10.0; Win64; x64; rv:135.0) Gecko/20100101 Firefox/135.0'
    'HTTP_ACCEPT' => 'image/avif,image/webp,image/png,image/svg+xml,image/*;q=0.8,*/*;q=0.5'
    'HTTP_ACCEPT_ENCODING' => 'gzip'
    'HTTP_ACCEPT_LANGUAGE' => 'en-US,en;q=0.5'
    'HTTP_CDN_LOOP' => 'cloudflare; loops=1'
    'HTTP_CF_CONNECTING_IP' => '188.250.95.38'
    'HTTP_CF_IPCOUNTRY' => 'PT'
    'HTTP_CF_RAY' => '9b9afca00bed31fe-MAD'
    'HTTP_CF_VISITOR' => '{\"scheme\":\"http\"}'
    'HTTP_CF_WARP_TAG_ID' => 'f5bcc1c9-1522-405b-9562-82cfc34acae8'
    'HTTP_CONNECTION' => 'keep-alive'
    'HTTP_COOKIE' => 'VeiGestSession=bn8l9ng1h8n7jhhn6a9jqjcbk0; _csrf=8fed747c03d05f0b7f48362f465d471878e1674b9b470a9128d9cb316df38fc8a%3A2%3A%7Bi%3A0%3Bs%3A5%3A%22_csrf%22%3Bi%3A1%3Bs%3A32%3A%22znOi5RXYet03bRvwnN9Ra5dVz2MG0PAM%22%3B%7D'
    'HTTP_DNT' => '1'
    'HTTP_PRIORITY' => 'u=4, i'
    'HTTP_REFERER' => 'http://veigestback.dryadlang.org/company/create'
    'HTTP_SEC_GPC' => '1'
    'HTTP_X_FORWARDED_FOR' => '188.250.95.38'
    'HTTP_X_FORWARDED_PROTO' => 'http'
    'PATH' => '/usr/local/sbin:/usr/local/bin:/usr/sbin:/usr/bin:/snap/bin'
    'SERVER_SIGNATURE' => '<address>Apache/2.4.58 (Ubuntu) Server at veigestback.dryadlang.org Port 8002</address>
'
    'SERVER_SOFTWARE' => 'Apache/2.4.58 (Ubuntu)'
    'SERVER_NAME' => 'veigestback.dryadlang.org'
    'SERVER_ADDR' => '127.0.0.1'
    'SERVER_PORT' => '8002'
    'REMOTE_ADDR' => '127.0.0.1'
    'DOCUMENT_ROOT' => '/home/pedro/facul/website-VeiGest/veigest/backend/web'
    'REQUEST_SCHEME' => 'http'
    'CONTEXT_PREFIX' => ''
    'CONTEXT_DOCUMENT_ROOT' => '/home/pedro/facul/website-VeiGest/veigest/backend/web'
    'SERVER_ADMIN' => '[no address given]'
    'SCRIPT_FILENAME' => '/home/pedro/facul/website-VeiGest/veigest/backend/web/index.php'
    'REMOTE_PORT' => '52862'
    'REDIRECT_URL' => '/img/user-placeholder.png'
    'GATEWAY_INTERFACE' => 'CGI/1.1'
    'SERVER_PROTOCOL' => 'HTTP/1.1'
    'REQUEST_METHOD' => 'GET'
    'QUERY_STRING' => ''
    'REQUEST_URI' => '/img/user-placeholder.png'
    'SCRIPT_NAME' => '/index.php'
    'PHP_SELF' => '/index.php'
    'REQUEST_TIME_FLOAT' => 1767700111.3834
    'REQUEST_TIME' => 1767700111
]
2026-01-06 11:48:33 [127.0.0.1][1][bn8l9ng1h8n7jhhn6a9jqjcbk0][error][yii\web\HttpException:404] yii\base\InvalidRouteException: Unable to resolve the request "img/user-placeholder.png". in /home/pedro/facul/website-VeiGest/veigest/vendor/yiisoft/yii2/base/Module.php:564
Stack trace:
#0 /home/pedro/facul/website-VeiGest/veigest/vendor/yiisoft/yii2/web/Application.php(103): yii\base\Module->runAction()
#1 /home/pedro/facul/website-VeiGest/veigest/vendor/yiisoft/yii2/base/Application.php(387): yii\web\Application->handleRequest()
#2 /home/pedro/facul/website-VeiGest/veigest/backend/web/index.php(18): yii\base\Application->run()
#3 {main}

Next yii\web\NotFoundHttpException: Page not found. in /home/pedro/facul/website-VeiGest/veigest/vendor/yiisoft/yii2/web/Application.php:115
Stack trace:
#0 /home/pedro/facul/website-VeiGest/veigest/vendor/yiisoft/yii2/base/Application.php(387): yii\web\Application->handleRequest()
#1 /home/pedro/facul/website-VeiGest/veigest/backend/web/index.php(18): yii\base\Application->run()
#2 {main}
2026-01-06 11:48:33 [127.0.0.1][1][bn8l9ng1h8n7jhhn6a9jqjcbk0][info][application] $_GET = []

$_POST = []

$_FILES = []

$_COOKIE = [
    'VeiGestSession' => 'bn8l9ng1h8n7jhhn6a9jqjcbk0'
    '_csrf' => '8fed747c03d05f0b7f48362f465d471878e1674b9b470a9128d9cb316df38fc8a:2:{i:0;s:5:\"_csrf\";i:1;s:32:\"znOi5RXYet03bRvwnN9Ra5dVz2MG0PAM\";}'
]

$_SESSION = [
    '__flash' => []
    '__id' => 1
    '__authKey' => '7111b40ce0a5e7b6d75484ab7a3f5af1'
]

$_SERVER = [
    'REDIRECT_STATUS' => '200'
    'HTTP_HOST' => 'veigestback.dryadlang.org'
    'HTTP_USER_AGENT' => 'Mozilla/5.0 (Windows NT 10.0; Win64; x64; rv:135.0) Gecko/20100101 Firefox/135.0'
    'HTTP_ACCEPT' => 'image/avif,image/webp,image/png,image/svg+xml,image/*;q=0.8,*/*;q=0.5'
    'HTTP_ACCEPT_ENCODING' => 'gzip'
    'HTTP_ACCEPT_LANGUAGE' => 'en-US,en;q=0.5'
    'HTTP_CDN_LOOP' => 'cloudflare; loops=1'
    'HTTP_CF_CONNECTING_IP' => '188.250.95.38'
    'HTTP_CF_IPCOUNTRY' => 'PT'
    'HTTP_CF_RAY' => '9b9afcaf48794813-LIS'
    'HTTP_CF_VISITOR' => '{\"scheme\":\"http\"}'
    'HTTP_CF_WARP_TAG_ID' => 'f5bcc1c9-1522-405b-9562-82cfc34acae8'
    'HTTP_CONNECTION' => 'keep-alive'
    'HTTP_COOKIE' => 'VeiGestSession=bn8l9ng1h8n7jhhn6a9jqjcbk0; _csrf=8fed747c03d05f0b7f48362f465d471878e1674b9b470a9128d9cb316df38fc8a%3A2%3A%7Bi%3A0%3Bs%3A5%3A%22_csrf%22%3Bi%3A1%3Bs%3A32%3A%22znOi5RXYet03bRvwnN9Ra5dVz2MG0PAM%22%3B%7D'
    'HTTP_DNT' => '1'
    'HTTP_PRIORITY' => 'u=4, i'
    'HTTP_REFERER' => 'http://veigestback.dryadlang.org/site/index'
    'HTTP_SEC_GPC' => '1'
    'HTTP_X_FORWARDED_FOR' => '188.250.95.38'
    'HTTP_X_FORWARDED_PROTO' => 'http'
    'PATH' => '/usr/local/sbin:/usr/local/bin:/usr/sbin:/usr/bin:/snap/bin'
    'SERVER_SIGNATURE' => '<address>Apache/2.4.58 (Ubuntu) Server at veigestback.dryadlang.org Port 8002</address>
'
    'SERVER_SOFTWARE' => 'Apache/2.4.58 (Ubuntu)'
    'SERVER_NAME' => 'veigestback.dryadlang.org'
    'SERVER_ADDR' => '127.0.0.1'
    'SERVER_PORT' => '8002'
    'REMOTE_ADDR' => '127.0.0.1'
    'DOCUMENT_ROOT' => '/home/pedro/facul/website-VeiGest/veigest/backend/web'
    'REQUEST_SCHEME' => 'http'
    'CONTEXT_PREFIX' => ''
    'CONTEXT_DOCUMENT_ROOT' => '/home/pedro/facul/website-VeiGest/veigest/backend/web'
    'SERVER_ADMIN' => '[no address given]'
    'SCRIPT_FILENAME' => '/home/pedro/facul/website-VeiGest/veigest/backend/web/index.php'
    'REMOTE_PORT' => '52862'
    'REDIRECT_URL' => '/img/user-placeholder.png'
    'GATEWAY_INTERFACE' => 'CGI/1.1'
    'SERVER_PROTOCOL' => 'HTTP/1.1'
    'REQUEST_METHOD' => 'GET'
    'QUERY_STRING' => ''
    'REQUEST_URI' => '/img/user-placeholder.png'
    'SCRIPT_NAME' => '/index.php'
    'PHP_SELF' => '/index.php'
    'REQUEST_TIME_FLOAT' => 1767700113.8179
    'REQUEST_TIME' => 1767700113
]
2026-01-06 11:48:35 [127.0.0.1][1][bn8l9ng1h8n7jhhn6a9jqjcbk0][error][yii\web\HttpException:404] yii\base\InvalidRouteException: Unable to resolve the request "img/user-placeholder.png". in /home/pedro/facul/website-VeiGest/veigest/vendor/yiisoft/yii2/base/Module.php:564
Stack trace:
#0 /home/pedro/facul/website-VeiGest/veigest/vendor/yiisoft/yii2/web/Application.php(103): yii\base\Module->runAction()
#1 /home/pedro/facul/website-VeiGest/veigest/vendor/yiisoft/yii2/base/Application.php(387): yii\web\Application->handleRequest()
#2 /home/pedro/facul/website-VeiGest/veigest/backend/web/index.php(18): yii\base\Application->run()
#3 {main}

Next yii\web\NotFoundHttpException: Page not found. in /home/pedro/facul/website-VeiGest/veigest/vendor/yiisoft/yii2/web/Application.php:115
Stack trace:
#0 /home/pedro/facul/website-VeiGest/veigest/vendor/yiisoft/yii2/base/Application.php(387): yii\web\Application->handleRequest()
#1 /home/pedro/facul/website-VeiGest/veigest/backend/web/index.php(18): yii\base\Application->run()
#2 {main}
2026-01-06 11:48:35 [127.0.0.1][1][bn8l9ng1h8n7jhhn6a9jqjcbk0][info][application] $_GET = []

$_POST = []

$_FILES = []

$_COOKIE = [
    'VeiGestSession' => 'bn8l9ng1h8n7jhhn6a9jqjcbk0'
    '_csrf' => '8fed747c03d05f0b7f48362f465d471878e1674b9b470a9128d9cb316df38fc8a:2:{i:0;s:5:\"_csrf\";i:1;s:32:\"znOi5RXYet03bRvwnN9Ra5dVz2MG0PAM\";}'
]

$_SESSION = [
    '__flash' => []
    '__id' => 1
    '__authKey' => '7111b40ce0a5e7b6d75484ab7a3f5af1'
]

$_SERVER = [
    'REDIRECT_STATUS' => '200'
    'HTTP_HOST' => 'veigestback.dryadlang.org'
    'HTTP_USER_AGENT' => 'Mozilla/5.0 (Windows NT 10.0; Win64; x64; rv:135.0) Gecko/20100101 Firefox/135.0'
    'HTTP_ACCEPT' => 'image/avif,image/webp,image/png,image/svg+xml,image/*;q=0.8,*/*;q=0.5'
    'HTTP_ACCEPT_ENCODING' => 'gzip'
    'HTTP_ACCEPT_LANGUAGE' => 'en-US,en;q=0.5'
    'HTTP_CDN_LOOP' => 'cloudflare; loops=1'
    'HTTP_CF_CONNECTING_IP' => '188.250.95.38'
    'HTTP_CF_IPCOUNTRY' => 'PT'
    'HTTP_CF_RAY' => '9b9afcb828ac4813-LIS'
    'HTTP_CF_VISITOR' => '{\"scheme\":\"http\"}'
    'HTTP_CF_WARP_TAG_ID' => 'f5bcc1c9-1522-405b-9562-82cfc34acae8'
    'HTTP_CONNECTION' => 'keep-alive'
    'HTTP_COOKIE' => 'VeiGestSession=bn8l9ng1h8n7jhhn6a9jqjcbk0; _csrf=8fed747c03d05f0b7f48362f465d471878e1674b9b470a9128d9cb316df38fc8a%3A2%3A%7Bi%3A0%3Bs%3A5%3A%22_csrf%22%3Bi%3A1%3Bs%3A32%3A%22znOi5RXYet03bRvwnN9Ra5dVz2MG0PAM%22%3B%7D'
    'HTTP_DNT' => '1'
    'HTTP_PRIORITY' => 'u=4, i'
    'HTTP_REFERER' => 'http://veigestback.dryadlang.org/site/index'
    'HTTP_SEC_GPC' => '1'
    'HTTP_X_FORWARDED_FOR' => '188.250.95.38'
    'HTTP_X_FORWARDED_PROTO' => 'http'
    'PATH' => '/usr/local/sbin:/usr/local/bin:/usr/sbin:/usr/bin:/snap/bin'
    'SERVER_SIGNATURE' => '<address>Apache/2.4.58 (Ubuntu) Server at veigestback.dryadlang.org Port 8002</address>
'
    'SERVER_SOFTWARE' => 'Apache/2.4.58 (Ubuntu)'
    'SERVER_NAME' => 'veigestback.dryadlang.org'
    'SERVER_ADDR' => '127.0.0.1'
    'SERVER_PORT' => '8002'
    'REMOTE_ADDR' => '127.0.0.1'
    'DOCUMENT_ROOT' => '/home/pedro/facul/website-VeiGest/veigest/backend/web'
    'REQUEST_SCHEME' => 'http'
    'CONTEXT_PREFIX' => ''
    'CONTEXT_DOCUMENT_ROOT' => '/home/pedro/facul/website-VeiGest/veigest/backend/web'
    'SERVER_ADMIN' => '[no address given]'
    'SCRIPT_FILENAME' => '/home/pedro/facul/website-VeiGest/veigest/backend/web/index.php'
    'REMOTE_PORT' => '52862'
    'REDIRECT_URL' => '/img/user-placeholder.png'
    'GATEWAY_INTERFACE' => 'CGI/1.1'
    'SERVER_PROTOCOL' => 'HTTP/1.1'
    'REQUEST_METHOD' => 'GET'
    'QUERY_STRING' => ''
    'REQUEST_URI' => '/img/user-placeholder.png'
    'SCRIPT_NAME' => '/index.php'
    'PHP_SELF' => '/index.php'
    'REQUEST_TIME_FLOAT' => 1767700115.2379
    'REQUEST_TIME' => 1767700115
]
